,Unnamed: 0,#,PLAYER_NAME,Team,GP,MIN,FGM,FGA,FG%,3PM,3PA,3P%,FTM,FTA,FT%,TOV,PF,ORB,DRB,REB,AST,STL,BLK,PTS,Pos,Height,Weight,Age,zona1_attempted,zona1_made,zona2_attempted,zona2_made,zona3_attempted,zona3_made,zona4_attempted,zona4_made,zona5attempted,zona5_made,zona6_attempted,zona6_made,zona7_attempted,zona7_made,zona8_attempted,zona8_made,zona9_attempted,zona9_made,zona10_attempted,zona10_made,zona11_attempted,zona11_made,zona12_attempted,zona12_made,% LEFT-CORNER-3,% LEFT-MIDR-2,% LEFT-ELBOW-3,% LEFT-ELB/CENT-2,% LEFT-CENTER-3,% LEFT-PAINT,% RIGHT-PAINT,% RIGHT-CENTER-3,% RIGHT-ELB/CENT-2,% RIGHT-ELBOW-3,% RIGHT-MIDR-2,% RIGHT-CORNER-3
0,0,1,A.J. Slaughter,GCN,22,24.3,5.0,10.2,0.484,1.7,4.2,0.402,2.1,2.5,0.839,1.5,2.1,0.4,1.9,2.3,3.7,1.1,0.2,13.7,G,6-4,185,33,0.0,0.0,3.0,3.0,7.0,2.0,18.0,6.0,32.0,12.0,36.0,21.0,38.0,18.0,32.0,13.0,16.0,7.0,8.0,5.0,5.0,4.0,3.0,1.0,,1.0,0.2857142857142857,0.3333333333333333,0.375,0.5833333333333334,0.47368421052631576,0.40625,0.4375,0.625,0.8,0.3333333333333333
1,1,5,Aaron Doornekamp,CAN,31,25.6,2.6,6.1,0.431,2.0,4.6,0.441,1.1,1.5,0.778,0.7,2.7,0.6,2.9,3.5,1.3,0.8,0.1,8.4,PF,6-7,212,35,8.0,3.0,15.0,4.0,16.0,6.0,4.0,1.0,29.0,13.0,9.0,5.0,11.0,4.0,31.0,13.0,4.0,1.0,25.0,16.0,8.0,2.0,6.0,4.0,0.375,0.26666666666666666,0.375,0.25,0.4482758620689655,0.5555555555555556,0.36363636363636365,0.41935483870967744,0.25,0.64,0.25,0.6666666666666666
2,2,15,Aaron Jones,BBB,8,19.7,1.6,3.9,0.419,0.4,1.0,0.375,0.5,0.8,0.667,1.4,1.9,2.2,1.5,3.8,1.0,0.5,0.4,4.1,F,6-9,220,27,0.0,0.0,0.0,0.0,0.0,0.0,1.0,0.0,0.0,0.0,6.0,2.0,9.0,5.0,4.0,1.0,2.0,0.0,1.0,1.0,1.0,0.0,0.0,0.0,,,,0.0,,0.3333333333333333,0.5555555555555556,0.25,0.0,1.0,0.0,
3,3,2,Achille Polonara,CAJ,33,26.5,4.2,8.8,0.479,1.4,4.1,0.341,1.5,2.2,0.685,1.2,1.8,1.6,3.8,5.5,1.9,1.1,0.5,11.3,PF,6-8,198,29,2.0,1.0,9.0,4.0,6.0,3.0,3.0,1.0,45.0,18.0,44.0,21.0,50.0,30.0,39.0,12.0,7.0,3.0,14.0,3.0,5.0,3.0,2.0,1.0,0.5,0.4444444444444444,0.5,0.3333333333333333,0.4,0.4772727272727273,0.6,0.3076923076923077,0.42857142857142855,0.21428571428571427,0.6,0.5
4,4,11,Adam Hanga,FCB,31,16.1,2.2,3.7,0.578,1.1,2.0,0.541,0.8,1.2,0.703,1.4,1.6,0.6,2.8,3.4,2.1,0.8,0.4,6.2,SF,6-7,200,31,1.0,1.0,4.0,3.0,4.0,2.0,3.0,2.0,20.0,13.0,14.0,8.0,28.0,18.0,19.0,9.0,2.0,2.0,6.0,3.0,2.0,1.0,5.0,1.0,1.0,0.75,0.5,0.6666666666666666,0.65,0.5714285714285714,0.6428571428571429,0.47368421052631576,1.0,0.5,0.5,0.2
5,5,7,Adam Waczynski,UNI,34,18.8,2.7,5.6,0.484,1.3,2.8,0.468,1.1,1.4,0.787,0.7,1.6,0.7,1.4,2.1,1.0,0.5,0.0,7.9,GF,6-6,210,31,3.0,1.0,12.0,7.0,13.0,8.0,5.0,3.0,19.0,7.0,31.0,12.0,36.0,18.0,14.0,5.0,6.0,4.0,20.0,11.0,10.0,8.0,7.0,2.0,0.3333333333333333,0.5833333333333334,0.6153846153846154,0.6,0.3684210526315789,0.3870967741935484,0.5,0.35714285714285715,0.6666666666666666,0.55,0.8,0.2857142857142857
6,6,16,Adams Sola,EST,30,7.2,0.4,1.1,0.333,0.1,0.7,0.2,0.1,0.2,0.429,0.1,1.1,0.4,0.7,1.1,0.3,0.3,0.0,1.0,G,6-5,165,20,1.0,1.0,2.0,0.0,4.0,1.0,0.0,0.0,4.0,1.0,5.0,3.0,4.0,4.0,2.0,0.0,1.0,0.0,4.0,1.0,0.0,0.0,1.0,0.0,1.0,0.0,0.25,,0.25,0.6,1.0,0.0,0.0,0.25,,0.0
7,8,11,Albert Oliver,OBR,31,15.1,1.1,2.5,0.418,0.5,1.3,0.39,1.2,1.4,0.884,1.1,2.1,0.3,1.1,1.4,2.0,0.5,0.0,3.9,PG,6-2,185,42,0.0,0.0,2.0,0.0,3.0,2.0,6.0,1.0,9.0,3.0,19.0,12.0,10.0,2.0,12.0,5.0,3.0,2.0,3.0,1.0,0.0,0.0,1.0,1.0,,0.0,0.6666666666666666,0.16666666666666666,0.3333333333333333,0.631578947368421,0.2,0.4166666666666667,0.6666666666666666,0.3333333333333333,,1.0
8,10,9,Albert Ventura,JOV,32,23.8,2.1,4.0,0.516,1.2,2.6,0.482,0.8,1.1,0.694,0.8,2.2,0.9,1.8,2.7,1.2,1.3,0.1,6.2,SG,6-5,180,28,1.0,1.0,4.0,2.0,7.0,3.0,6.0,5.0,19.0,6.0,20.0,10.0,21.0,13.0,18.0,9.0,0.0,0.0,14.0,7.0,3.0,1.0,5.0,3.0,1.0,0.5,0.42857142857142855,0.8333333333333334,0.3157894736842105,0.5,0.6190476190476191,0.5,,0.5,0.3333333333333333,0.6
9,11,10,Alberto Abalde,RMB,30,19.3,2.3,5.2,0.442,1.1,2.4,0.438,1.5,1.8,0.833,0.8,1.2,0.4,2.2,2.6,2.2,0.5,0.0,7.2,GF,6-7,215,25,2.0,1.0,7.0,3.0,4.0,1.0,6.0,1.0,30.0,14.0,35.0,18.0,31.0,13.0,26.0,11.0,1.0,1.0,2.0,1.0,6.0,3.0,1.0,0.0,0.5,0.42857142857142855,0.25,0.16666666666666666,0.4666666666666667,0.5142857142857142,0.41935483870967744,0.4230769230769231,1.0,0.5,0.5,0.0
10,13,10,Alberto Diaz,UNI,27,23.9,2.2,5.7,0.386,1.3,3.7,0.36,0.8,1.0,0.808,0.9,2.5,0.4,1.7,2.1,3.4,1.6,0.0,6.5,PG,6-2,187,26,2.0,1.0,11.0,6.0,7.0,2.0,8.0,1.0,22.0,7.0,13.0,5.0,15.0,9.0,35.0,15.0,9.0,4.0,13.0,5.0,7.0,2.0,1.0,0.0,0.5,0.5454545454545454,0.2857142857142857,0.125,0.3181818181818182,0.38461538461538464,0.6,0.42857142857142855,0.4444444444444444,0.38461538461538464,0.2857142857142857,0.0
11,14,7,Alec Brown,EST,35,22.9,2.9,6.7,0.436,1.8,4.5,0.397,0.5,0.7,0.75,0.8,3.1,1.1,2.7,3.9,0.5,0.3,1.2,8.2,C,7-1,235,28,11.0,5.0,8.0,5.0,21.0,4.0,8.0,4.0,42.0,15.0,21.0,10.0,16.0,7.0,35.0,16.0,7.0,2.0,10.0,6.0,8.0,2.0,9.0,3.0,0.45454545454545453,0.625,0.19047619047619047,0.5,0.35714285714285715,0.47619047619047616,0.4375,0.45714285714285713,0.2857142857142857,0.6,0.25,0.3333333333333333
12,15,4,Alec Peters,CAJ,32,21.8,3.5,7.4,0.471,1.4,3.7,0.387,1.8,1.9,0.919,1.2,2.0,1.0,2.9,3.9,1.2,0.5,0.3,10.2,F,6-9,225,25,2.0,1.0,11.0,7.0,7.0,2.0,7.0,2.0,40.0,14.0,45.0,28.0,40.0,22.0,28.0,11.0,10.0,2.0,11.0,5.0,15.0,8.0,8.0,5.0,0.5,0.6363636363636364,0.2857142857142857,0.2857142857142857,0.35,0.6222222222222222,0.55,0.39285714285714285,0.2,0.45454545454545453,0.5333333333333333,0.625
13,16,16,Aleix Font,ZAR,8,4.6,0.8,1.8,0.429,0.4,0.5,0.75,0.1,0.1,1.0,0.1,1.1,0.5,0.1,0.6,0.0,0.1,0.0,2.0,SG,6-4,188,22,0.0,0.0,1.0,1.0,0.0,0.0,0.0,0.0,0.0,0.0,9.0,3.0,0.0,0.0,1.0,0.0,1.0,0.0,0.0,0.0,0.0,0.0,2.0,2.0,,1.0,,,,0.3333333333333333,,0.0,0.0,,,1.0
14,17,1,Aleksa Avramovic,EST,35,29.7,5.7,13.0,0.437,1.4,4.3,0.322,3.6,4.3,0.834,1.9,2.1,0.5,2.4,2.9,3.5,1.2,0.3,16.4,G,6-3,190,26,2.0,2.0,10.0,3.0,12.0,4.0,17.0,4.0,46.0,11.0,93.0,48.0,115.0,55.0,41.0,13.0,12.0,4.0,10.0,4.0,7.0,4.0,9.0,3.0,1.0,0.3,0.3333333333333333,0.23529411764705882,0.2391304347826087,0.5161290322580645,0.4782608695652174,0.3170731707317073,0.3333333333333333,0.4,0.5714285714285714,0.3333333333333333
15,18,12,Aleksandar Cvetkovic,EST,27,15.2,1.4,2.9,0.494,0.8,2.0,0.415,0.6,0.7,0.895,1.3,1.9,0.3,0.9,1.1,1.7,0.6,0.0,4.3,PG,6-2,165,27,1.0,1.0,1.0,1.0,4.0,2.0,4.0,4.0,11.0,3.0,3.0,2.0,7.0,5.0,18.0,7.0,1.0,0.0,5.0,3.0,2.0,0.0,3.0,1.0,1.0,1.0,0.5,1.0,0.2727272727272727,0.6666666666666666,0.7142857142857143,0.3888888888888889,0.0,0.6,0.0,0.3333333333333333
16,19,3,Alessandro Gentile,EST,17,24.6,4.9,11.5,0.431,0.4,1.7,0.207,1.5,2.1,0.714,2.9,1.9,0.9,3.9,4.8,3.1,0.9,0.3,11.7,SF,6-6,228,28,0.0,0.0,16.0,12.0,2.0,0.0,20.0,5.0,16.0,3.0,49.0,22.0,52.0,26.0,9.0,2.0,11.0,6.0,4.0,2.0,15.0,5.0,0.0,0.0,,0.75,0.0,0.25,0.1875,0.4489795918367347,0.5,0.2222222222222222,0.5454545454545454,0.5,0.3333333333333333,
17,20,6,Alex Abrines,FCB,29,20.7,2.9,5.6,0.519,1.8,3.9,0.465,1.1,1.2,0.914,0.6,2.2,0.9,2.0,2.9,0.9,0.8,0.2,8.7,GF,6-6,190,27,1.0,0.0,6.0,3.0,5.0,3.0,6.0,3.0,39.0,15.0,17.0,11.0,10.0,4.0,27.0,12.0,3.0,1.0,13.0,6.0,6.0,4.0,4.0,3.0,0.0,0.5,0.6,0.5,0.38461538461538464,0.6470588235294118,0.4,0.4444444444444444,0.3333333333333333,0.46153846153846156,0.6666666666666666,0.75
18,22,14,Alex Barrera,SPB,17,7.7,0.4,1.2,0.286,0.3,1.2,0.25,0.1,0.1,1.0,0.1,0.5,0.0,0.4,0.4,0.2,0.5,0.0,1.1,SG,6-7,180,28,1.0,0.0,1.0,0.0,7.0,2.0,0.0,0.0,2.0,0.0,0.0,0.0,1.0,1.0,2.0,1.0,0.0,0.0,1.0,0.0,0.0,0.0,2.0,0.0,0.0,0.0,0.2857142857142857,,0.0,,1.0,0.5,,0.0,,0.0
19,23,14,Alex Lopez,CAN,19,6.7,0.3,1.5,0.179,0.1,0.9,0.111,0.4,0.4,0.875,0.5,1.1,0.1,0.3,0.4,0.6,0.2,0.0,1.0,SG,6-2,196,29,0.0,0.0,0.0,0.0,1.0,0.0,1.0,0.0,5.0,1.0,5.0,1.0,4.0,2.0,6.0,1.0,1.0,0.0,4.0,0.0,0.0,0.0,0.0,0.0,,,0.0,0.0,0.2,0.2,0.5,0.16666666666666666,0.0,0.0,,
20,24,5,Alex Renfroe,SPB,30,22.7,3.8,7.1,0.528,1.1,2.6,0.442,1.8,2.4,0.74,2.4,2.2,0.7,2.5,3.1,5.1,0.9,0.2,10.5,G,6-2,160,34,0.0,0.0,1.0,1.0,0.0,0.0,2.0,2.0,31.0,13.0,57.0,38.0,56.0,29.0,33.0,16.0,4.0,0.0,2.0,1.0,1.0,0.0,1.0,1.0,,1.0,,1.0,0.41935483870967744,0.6666666666666666,0.5178571428571429,0.48484848484848486,0.0,0.5,0.0,1.0
21,25,16,Alex Reyes,BBB,32,12.0,1.4,3.3,0.425,0.7,2.0,0.349,0.3,0.4,0.846,0.6,1.1,0.4,1.2,1.6,0.4,0.5,0.0,3.8,SF,6-7,187,27,1.0,0.0,5.0,1.0,5.0,2.0,3.0,1.0,22.0,8.0,14.0,8.0,13.0,9.0,14.0,7.0,7.0,4.0,3.0,0.0,5.0,1.0,4.0,0.0,0.0,0.2,0.4,0.3333333333333333,0.36363636363636365,0.5714285714285714,0.6923076923076923,0.5,0.5714285714285714,0.0,0.2,0.0
22,26,10,Alex Suarez,OBR,30,16.3,1.5,3.1,0.5,0.7,1.8,0.396,0.3,0.3,1.0,0.4,1.2,0.5,1.1,1.5,0.5,0.5,0.1,4.1,PF,6-10,214,27,3.0,2.0,3.0,0.0,6.0,0.0,4.0,3.0,14.0,5.0,9.0,7.0,13.0,6.0,13.0,7.0,5.0,4.0,6.0,2.0,4.0,3.0,2.0,1.0,0.6666666666666666,0.0,0.0,0.75,0.35714285714285715,0.7777777777777778,0.46153846153846156,0.5384615384615384,0.8,0.3333333333333333,0.75,0.5
23,27,13,Alex Tyus,RMB,16,14.0,2.2,3.9,0.571,0.0,0.0,0.0,0.9,1.1,0.882,0.6,1.6,1.3,1.3,2.6,0.2,0.1,0.2,5.4,F,6-8,220,33,0.0,0.0,3.0,2.0,0.0,0.0,4.0,1.0,0.0,0.0,19.0,10.0,19.0,7.0,0.0,0.0,0.0,0.0,0.0,0.0,2.0,1.0,0.0,0.0,,0.6666666666666666,,0.25,,0.5263157894736842,0.3684210526315789,,,,0.5,
24,28,15,Alex Urtasun,MON,18,8.7,1.1,2.5,0.444,0.5,1.3,0.391,0.9,1.0,0.944,0.4,0.6,0.2,0.4,0.6,0.9,0.2,0.0,3.7,G,6-4,187,36,0.0,0.0,4.0,3.0,0.0,0.0,1.0,1.0,8.0,2.0,11.0,3.0,6.0,3.0,10.0,5.0,1.0,1.0,1.0,0.0,2.0,2.0,1.0,0.0,,0.75,,1.0,0.25,0.2727272727272727,0.5,0.5,1.0,0.0,1.0,0.0
25,30,12,Alvaro Munoz,OBR,32,12.4,0.9,2.6,0.354,0.7,1.9,0.35,0.5,0.6,0.889,0.6,1.0,0.5,1.2,1.6,0.9,0.3,0.0,3.0,SF,6-5,200,30,0.0,0.0,5.0,3.0,7.0,2.0,5.0,3.0,18.0,4.0,10.0,4.0,8.0,1.0,12.0,6.0,0.0,0.0,5.0,1.0,0.0,0.0,5.0,2.0,,0.6,0.2857142857142857,0.6,0.2222222222222222,0.4,0.125,0.5,,0.2,,0.4
26,32,8,Andrew Albicy,GCN,32,23.9,2.5,6.3,0.393,1.3,3.6,0.36,2.0,2.5,0.778,2.5,2.1,0.3,1.2,1.5,3.9,1.2,0.0,8.2,PG,5-10,165,30,3.0,2.0,4.0,0.0,10.0,6.0,10.0,4.0,36.0,14.0,26.0,14.0,27.0,13.0,43.0,14.0,9.0,0.0,15.0,5.0,1.0,0.0,0.0,0.0,0.6666666666666666,0.0,0.6,0.4,0.3888888888888889,0.5384615384615384,0.48148148148148145,0.32558139534883723,0.0,0.3333333333333333,0.0,
27,33,6,Angel Delgado,EST,33,20.9,3.5,5.5,0.65,0.0,0.0,0.0,1.2,3.1,0.396,1.4,2.7,3.1,4.6,7.7,0.7,0.9,0.4,8.3,C,6-10,230,26,0.0,0.0,0.0,0.0,0.0,0.0,1.0,0.0,0.0,0.0,78.0,50.0,69.0,41.0,0.0,0.0,0.0,0.0,0.0,0.0,1.0,0.0,0.0,0.0,,,,0.0,,0.6410256410256411,0.5942028985507246,,,,0.0,
28,35,2,Ante Tomic,JOV,34,23.0,5.2,9.6,0.545,0.0,0.1,0.2,2.6,3.5,0.75,2.1,1.6,2.4,3.8,6.1,2.1,0.6,0.1,13.1,C,7-1,225,34,0.0,0.0,7.0,2.0,0.0,0.0,6.0,3.0,1.0,0.0,113.0,66.0,126.0,65.0,4.0,1.0,5.0,4.0,0.0,0.0,6.0,1.0,0.0,0.0,,0.2857142857142857,,0.5,0.0,0.584070796460177,0.5158730158730159,0.25,0.8,,0.16666666666666666,
29,38,15,Arnau Parrado,JOV,9,3.3,0.6,1.2,0.455,0.1,0.3,0.333,0.2,0.6,0.4,0.1,0.9,0.1,0.8,0.9,0.1,0.1,0.0,1.4,C,6-9,220,20,0.0,0.0,0.0,0.0,1.0,0.0,1.0,0.0,0.0,0.0,3.0,2.0,4.0,2.0,0.0,0.0,0.0,0.0,0.0,0.0,0.0,0.0,0.0,0.0,,,0.0,0.0,,0.6666666666666666,0.5,,,,,
30,39,5,Arnoldas Kulboka,BBB,30,22.5,3.1,7.1,0.435,1.9,4.5,0.43,0.9,1.1,0.794,1.0,1.1,1.0,2.7,3.8,0.5,0.5,0.2,9.0,SF,6-10,215,23,0.0,0.0,16.0,8.0,10.0,5.0,12.0,4.0,35.0,13.0,25.0,10.0,30.0,15.0,44.0,20.0,3.0,1.0,14.0,6.0,7.0,2.0,8.0,4.0,,0.5,0.5,0.3333333333333333,0.37142857142857144,0.4,0.5,0.45454545454545453,0.3333333333333333,0.42857142857142855,0.2857142857142857,0.5
31,40,7,Artem Pustovyi,FCB,21,14.5,3.0,4.8,0.634,0.0,0.0,0.0,1.7,2.4,0.706,1.3,2.0,1.4,1.8,3.2,0.4,0.4,0.8,7.8,C,7-2,212,28,0.0,0.0,0.0,0.0,0.0,0.0,6.0,3.0,0.0,0.0,38.0,29.0,35.0,17.0,0.0,0.0,5.0,2.0,0.0,0.0,0.0,0.0,0.0,0.0,,,,0.5,,0.7631578947368421,0.4857142857142857,,0.4,,,
32,41,10,Artsiom Parakhouski,AND,19,14.9,2.2,4.0,0.553,0.0,0.0,0.0,1.3,1.7,0.75,1.0,1.5,1.5,2.4,3.9,0.5,0.3,0.6,5.7,C,6-11,268,33,0.0,0.0,0.0,0.0,0.0,0.0,1.0,1.0,0.0,0.0,29.0,13.0,27.0,14.0,0.0,0.0,1.0,1.0,0.0,0.0,3.0,1.0,0.0,0.0,,,,1.0,,0.4482758620689655,0.5185185185185185,,1.0,,0.3333333333333333,
33,42,12,Arturs Kurucs,CAJ,28,9.1,0.8,2.4,0.318,0.4,1.5,0.244,0.2,0.3,0.625,0.8,1.2,0.2,0.2,0.4,0.6,0.2,0.0,2.0,SG,6-3,190,21,2.0,0.0,10.0,3.0,3.0,0.0,2.0,1.0,12.0,1.0,11.0,6.0,4.0,2.0,2.0,1.0,5.0,0.0,4.0,2.0,0.0,0.0,1.0,0.0,0.0,0.3,0.0,0.5,0.08333333333333333,0.5454545454545454,0.5,0.5,0.0,0.5,,0.0
34,43,14,Arturs Zagars,JOV,12,4.8,0.6,1.7,0.35,0.2,0.8,0.3,0.4,0.5,0.833,0.4,1.2,0.2,0.2,0.4,0.8,0.2,0.0,1.8,PG,6-3,172,20,0.0,0.0,0.0,0.0,0.0,0.0,0.0,0.0,0.0,0.0,3.0,1.0,6.0,2.0,8.0,3.0,0.0,0.0,0.0,0.0,0.0,0.0,0.0,0.0,,,,,,0.3333333333333333,0.3333333333333333,0.375,,,,
35,44,8,Augusto Lima,MUR,33,21.3,3.1,5.6,0.549,0.0,0.1,0.0,0.5,1.8,0.295,1.7,2.8,3.0,4.1,7.2,1.9,1.0,0.9,6.7,PF,6-10,235,29,0.0,0.0,2.0,0.0,0.0,0.0,10.0,3.0,1.0,0.0,51.0,26.0,70.0,40.0,0.0,0.0,8.0,2.0,0.0,0.0,1.0,0.0,0.0,0.0,,0.0,,0.3,0.0,0.5098039215686274,0.5714285714285714,,0.25,,0.0,
36,45,3,Axel Bouteille,UNI,30,20.4,4.1,9.3,0.437,1.5,4.2,0.368,0.9,1.1,0.844,0.4,0.6,0.3,1.7,2.0,1.0,0.5,0.2,10.6,SF,6-6,180,25,2.0,0.0,23.0,8.0,12.0,5.0,19.0,8.0,48.0,18.0,33.0,19.0,34.0,19.0,28.0,15.0,16.0,5.0,12.0,3.0,29.0,11.0,1.0,1.0,0.0,0.34782608695652173,0.4166666666666667,0.42105263157894735,0.375,0.5757575757575758,0.5588235294117647,0.5357142857142857,0.3125,0.25,0.3793103448275862,1.0
37,46,11,Bandja Sy,AND,23,18.6,2.0,4.8,0.427,0.6,2.4,0.236,0.7,0.9,0.714,0.8,2.0,1.6,2.2,3.8,0.6,0.7,0.5,5.3,F,6-8,214,30,2.0,1.0,4.0,1.0,11.0,2.0,2.0,1.0,11.0,1.0,14.0,7.0,21.0,12.0,8.0,2.0,1.0,0.0,9.0,4.0,2.0,0.0,3.0,0.0,0.5,0.25,0.18181818181818182,0.5,0.09090909090909091,0.5,0.5714285714285714,0.25,0.0,0.4444444444444444,0.0,0.0
38,48,14,Beka Burjanadze,GCN,18,16.8,1.8,4.3,0.429,0.5,1.7,0.3,1.5,2.1,0.711,0.8,1.6,0.8,2.2,3.1,0.9,0.3,0.0,5.7,PF,6-8,260,27,0.0,0.0,5.0,2.0,3.0,1.0,2.0,0.0,10.0,3.0,10.0,6.0,15.0,11.0,4.0,1.0,5.0,1.0,5.0,1.0,6.0,1.0,2.0,0.0,,0.4,0.3333333333333333,0.0,0.3,0.6,0.7333333333333333,0.25,0.2,0.2,0.16666666666666666,0.0
39,49,1,Bojan Dubljevic,VAL,27,21.6,4.6,8.9,0.519,1.2,2.7,0.446,2.5,2.8,0.882,2.2,1.6,2.2,3.5,5.7,3.0,0.9,0.2,13.0,FC,6-9,242,29,1.0,1.0,2.0,1.0,2.0,2.0,0.0,0.0,29.0,10.0,65.0,39.0,70.0,40.0,28.0,14.0,3.0,0.0,2.0,1.0,3.0,0.0,0.0,0.0,1.0,0.5,1.0,,0.3448275862068966,0.6,0.5714285714285714,0.5,0.0,0.5,0.0,
40,52,14,Boris Tisma,BETIS,9,8.6,0.9,2.9,0.308,0.3,1.2,0.273,0.3,0.3,1.0,0.4,0.8,0.7,0.7,1.3,0.7,0.3,0.0,2.4,SF,6-9,153,19,3.0,2.0,0.0,0.0,0.0,0.0,1.0,0.0,3.0,0.0,8.0,2.0,4.0,3.0,3.0,1.0,1.0,0.0,2.0,0.0,0.0,0.0,0.0,0.0,0.6666666666666666,,,0.0,0.0,0.25,0.75,0.3333333333333333,0.0,0.0,,
41,53,14,Boris Tisma,BETIS,9,8.6,0.9,2.9,0.308,0.3,1.2,0.273,0.3,0.3,1.0,0.4,0.8,0.7,0.7,1.3,0.7,0.3,0.0,2.4,SF,6-9,153,19,3.0,2.0,0.0,0.0,0.0,0.0,1.0,0.0,3.0,0.0,8.0,2.0,4.0,3.0,3.0,1.0,1.0,0.0,2.0,0.0,0.0,0.0,0.0,0.0,0.6666666666666666,,,0.0,0.0,0.25,0.75,0.3333333333333333,0.0,0.0,,
42,55,3,Brandon Davies,FCB,25,16.8,3.4,6.2,0.555,0.0,0.2,0.25,3.0,3.6,0.831,1.5,2.4,1.4,2.4,3.8,1.3,0.6,0.4,9.9,PF,6-8,240,29,0.0,0.0,2.0,1.0,0.0,0.0,9.0,5.0,2.0,1.0,48.0,30.0,51.0,29.0,0.0,0.0,11.0,5.0,0.0,0.0,4.0,1.0,0.0,0.0,,0.5,,0.5555555555555556,0.5,0.625,0.5686274509803921,,0.45454545454545453,,0.25,
43,56,10,Brandone Francis,GBC,15,16.2,1.7,5.7,0.302,0.7,2.5,0.27,0.7,1.0,0.733,1.5,1.9,0.3,0.7,1.1,0.4,0.7,0.1,4.9,GF,6-5,215,25,0.0,0.0,12.0,5.0,2.0,1.0,6.0,0.0,5.0,1.0,11.0,5.0,11.0,3.0,11.0,4.0,6.0,2.0,10.0,2.0,3.0,1.0,3.0,2.0,,0.4166666666666667,0.5,0.0,0.2,0.45454545454545453,0.2727272727272727,0.36363636363636365,0.3333333333333333,0.2,0.3333333333333333,0.6666666666666666
44,57,3,Bruno Fitipaldo,CAN,33,23.1,3.6,8.8,0.414,1.3,4.0,0.333,2.2,2.7,0.811,2.2,2.3,0.3,1.3,1.6,4.7,1.3,0.0,10.8,PG,6-0,183,29,1.0,0.0,8.0,4.0,11.0,3.0,12.0,5.0,41.0,19.0,52.0,34.0,50.0,20.0,43.0,13.0,16.0,4.0,9.0,1.0,6.0,1.0,2.0,1.0,0.0,0.5,0.2727272727272727,0.4166666666666667,0.4634146341463415,0.6538461538461539,0.4,0.3023255813953488,0.25,0.1111111111111111,0.16666666666666666,0.5
45,59,16,Carlos Alocen,RMB,29,13.3,1.6,4.6,0.348,0.6,2.3,0.273,0.7,1.0,0.7,1.3,0.9,0.2,1.4,1.7,1.9,0.3,0.0,4.5,PG,6-5,205,20,1.0,0.0,6.0,4.0,6.0,1.0,3.0,3.0,20.0,3.0,25.0,10.0,27.0,9.0,19.0,5.0,1.0,0.0,3.0,0.0,1.0,0.0,4.0,4.0,0.0,0.6666666666666666,0.16666666666666666,1.0,0.15,0.4,0.3333333333333333,0.2631578947368421,0.0,0.0,0.0,1.0
46,60,15,Carlos Suarez,UNI,12,11.1,1.0,2.2,0.444,0.8,1.8,0.429,0.8,0.8,0.9,0.5,0.7,0.6,2.0,2.6,1.2,0.3,0.2,3.5,SF,6-8,233,34,0.0,0.0,2.0,1.0,4.0,3.0,1.0,0.0,3.0,1.0,5.0,2.0,1.0,1.0,5.0,2.0,0.0,0.0,3.0,2.0,0.0,0.0,3.0,0.0,,0.5,0.75,0.0,0.3333333333333333,0.4,1.0,0.4,,0.6666666666666666,,0.0
47,64,18,Charlon Kloof,MON,9,8.9,0.6,1.9,0.294,0.1,0.9,0.125,0.2,0.2,1.0,0.7,1.3,0.1,1.1,1.2,0.9,0.2,0.2,1.4,G,6-3,195,30,0.0,0.0,0.0,0.0,0.0,0.0,3.0,0.0,4.0,0.0,6.0,2.0,1.0,0.0,5.0,0.0,4.0,1.0,1.0,0.0,2.0,0.0,2.0,1.0,,,,0.0,0.0,0.3333333333333333,0.0,0.0,0.25,0.0,0.0,0.5
48,65,18,Charlon Kloof,MON,9,8.9,0.6,1.9,0.294,0.1,0.9,0.125,0.2,0.2,1.0,0.7,1.3,0.1,1.1,1.2,0.9,0.2,0.2,1.4,G,6-3,195,30,0.0,0.0,0.0,0.0,0.0,0.0,3.0,0.0,4.0,0.0,6.0,2.0,1.0,0.0,5.0,0.0,4.0,1.0,1.0,0.0,2.0,0.0,2.0,1.0,,,,0.0,0.0,0.3333333333333333,0.0,0.0,0.25,0.0,0.0,0.5
49,67,20,Chema Gonzalez,MON,28,9.9,0.6,1.5,0.39,0.0,0.0,0.0,0.0,0.2,0.0,0.6,2.0,1.4,0.9,2.4,0.5,0.5,0.3,1.1,FC,6-9,203,29,0.0,0.0,0.0,0.0,0.0,0.0,0.0,0.0,1.0,0.0,20.0,8.0,17.0,5.0,0.0,0.0,0.0,0.0,0.0,0.0,0.0,0.0,0.0,0.0,,,,,0.0,0.4,0.29411764705882354,,,,,
50,68,6,Chris Czerapowicz,OBR,32,21.0,2.9,5.9,0.484,1.1,2.8,0.374,0.8,1.0,0.812,0.8,2.0,1.0,2.7,3.8,1.1,0.5,0.2,7.6,G,6-7,210,29,0.0,0.0,16.0,5.0,9.0,5.0,6.0,3.0,20.0,4.0,29.0,18.0,33.0,20.0,25.0,10.0,6.0,1.0,13.0,8.0,6.0,1.0,5.0,3.0,,0.3125,0.5555555555555556,0.5,0.2,0.6206896551724138,0.6060606060606061,0.4,0.16666666666666666,0.6153846153846154,0.16666666666666666,0.6
51,70,7,Christian Eyenga,MON,34,24.1,3.6,7.9,0.457,0.5,1.7,0.271,1.3,2.3,0.577,1.1,2.0,1.2,2.4,3.6,2.1,1.1,0.8,9.0,GF,6-7,210,31,2.0,1.0,12.0,2.0,5.0,1.0,6.0,1.0,14.0,3.0,82.0,40.0,68.0,32.0,13.0,3.0,9.0,2.0,11.0,2.0,7.0,4.0,2.0,2.0,0.5,0.16666666666666666,0.2,0.16666666666666666,0.21428571428571427,0.4878048780487805,0.47058823529411764,0.23076923076923078,0.2222222222222222,0.18181818181818182,0.5714285714285714,1.0
52,71,1,Clevin Hannah,AND,34,25.0,4.1,8.9,0.459,1.9,4.6,0.41,2.9,3.2,0.89,2.2,2.6,0.2,1.5,1.7,4.6,0.8,0.0,12.9,G,5-11,165,33,1.0,1.0,7.0,3.0,9.0,2.0,5.0,1.0,43.0,20.0,49.0,27.0,46.0,21.0,68.0,27.0,10.0,4.0,9.0,5.0,7.0,5.0,2.0,1.0,1.0,0.42857142857142855,0.2222222222222222,0.2,0.46511627906976744,0.5510204081632653,0.45652173913043476,0.39705882352941174,0.4,0.5555555555555556,0.7142857142857143,0.5
53,72,1,Conner Frankamp,MUR,23,25.8,5.8,13.5,0.429,2.4,6.6,0.371,2.1,2.4,0.857,1.9,2.0,0.4,1.8,2.3,3.4,0.8,0.2,16.1,PG,6-1,169,25,0.0,0.0,11.0,5.0,10.0,3.0,19.0,10.0,58.0,26.0,50.0,25.0,56.0,28.0,47.0,13.0,10.0,3.0,8.0,3.0,7.0,3.0,3.0,2.0,,0.45454545454545453,0.3,0.5263157894736842,0.4482758620689655,0.5,0.5,0.2765957446808511,0.3,0.375,0.42857142857142855,0.6666666666666666
54,73,7,Conor Morgan,JOV,31,19.0,2.4,5.4,0.449,1.1,2.6,0.402,1.0,1.3,0.795,1.0,2.7,0.7,2.5,3.2,0.7,0.4,0.3,6.9,FC,6-9,220,26,1.0,0.0,16.0,5.0,4.0,3.0,5.0,1.0,18.0,9.0,26.0,13.0,30.0,12.0,20.0,8.0,1.0,1.0,14.0,4.0,5.0,2.0,7.0,2.0,0.0,0.3125,0.75,0.2,0.5,0.5,0.4,0.4,1.0,0.2857142857142857,0.4,0.2857142857142857
55,74,2,Cory Higgins,FCB,23,21.3,3.4,7.2,0.473,0.7,1.9,0.395,2.6,2.9,0.909,1.0,1.6,0.3,1.8,2.1,2.4,1.3,0.3,10.1,G,6-5,181,31,1.0,1.0,5.0,2.0,4.0,2.0,9.0,4.0,14.0,4.0,49.0,25.0,38.0,17.0,16.0,7.0,8.0,3.0,5.0,3.0,7.0,3.0,1.0,0.0,1.0,0.4,0.5,0.4444444444444444,0.2857142857142857,0.5102040816326531,0.4473684210526316,0.4375,0.375,0.6,0.42857142857142855,0.0
56,75,3,D.J. Seeley,ZAR,11,25.7,4.3,8.6,0.495,1.7,4.1,0.422,2.8,3.3,0.861,3.0,1.7,0.7,1.5,2.3,1.7,0.5,0.1,13.1,G,6-4,195,31,1.0,1.0,4.0,1.0,3.0,1.0,8.0,5.0,17.0,6.0,14.0,10.0,10.0,6.0,7.0,2.0,4.0,1.0,7.0,5.0,8.0,3.0,1.0,0.0,1.0,0.25,0.3333333333333333,0.625,0.35294117647058826,0.7142857142857143,0.6,0.2857142857142857,0.25,0.7142857142857143,0.375,0.0
57,76,11,D.J. Strawberry,MUR,27,18.1,2.2,6.7,0.326,1.3,4.3,0.293,0.6,1.1,0.586,1.4,2.1,0.3,1.3,1.6,1.7,0.8,0.2,6.3,G,6-5,205,35,0.0,0.0,5.0,1.0,9.0,4.0,6.0,1.0,37.0,7.0,14.0,9.0,23.0,9.0,34.0,16.0,12.0,4.0,11.0,3.0,3.0,0.0,3.0,0.0,,0.2,0.4444444444444444,0.16666666666666666,0.1891891891891892,0.6428571428571429,0.391304347826087,0.47058823529411764,0.3333333333333333,0.2727272727272727,0.0,0.0
58,77,5,Dani Perez,MAN,24,24.2,2.7,7.9,0.344,1.2,4.0,0.299,1.2,1.5,0.806,2.9,2.6,0.3,1.7,2.0,6.5,1.0,0.0,7.8,PG,6-0,188,31,0.0,0.0,5.0,2.0,6.0,2.0,8.0,5.0,37.0,8.0,32.0,14.0,31.0,12.0,40.0,15.0,12.0,3.0,6.0,2.0,3.0,1.0,1.0,0.0,,0.4,0.3333333333333333,0.625,0.21621621621621623,0.4375,0.3870967741935484,0.375,0.25,0.3333333333333333,0.3333333333333333,0.0
59,78,12,Daniel Diez,CAN,10,12.3,0.8,1.7,0.471,0.4,1.0,0.4,0.4,0.5,0.8,0.4,0.1,0.3,1.4,1.7,0.2,0.5,0.0,2.4,SF,6-8,216,27,0.0,0.0,2.0,2.0,1.0,0.0,0.0,0.0,1.0,1.0,2.0,1.0,1.0,1.0,2.0,0.0,0.0,0.0,0.0,0.0,1.0,0.0,0.0,0.0,,1.0,0.0,,1.0,0.5,1.0,0.0,,,0.0,
60,79,14,Daniel Garcia,MAN,13,13.9,1.5,3.7,0.396,0.7,2.5,0.281,0.2,0.4,0.6,1.8,2.8,0.2,1.2,1.3,2.7,0.4,0.0,3.8,PG,6-1,176,23,0.0,0.0,1.0,1.0,4.0,0.0,1.0,1.0,11.0,2.0,7.0,4.0,4.0,2.0,9.0,2.0,2.0,2.0,2.0,2.0,1.0,0.0,0.0,0.0,,1.0,0.0,1.0,0.18181818181818182,0.5714285714285714,0.5,0.2222222222222222,1.0,1.0,0.0,
61,81,1,Dario Brizuela,UNI,32,23.9,5.5,11.8,0.464,1.8,4.9,0.357,1.3,1.8,0.768,1.7,1.9,0.2,1.4,1.6,3.1,1.0,0.1,14.0,SG,6-4,161,26,5.0,2.0,13.0,5.0,6.0,3.0,27.0,15.0,54.0,17.0,64.0,44.0,74.0,38.0,37.0,12.0,24.0,11.0,17.0,7.0,4.0,1.0,5.0,1.0,0.4,0.38461538461538464,0.5,0.5555555555555556,0.3148148148148148,0.6875,0.5135135135135135,0.32432432432432434,0.4583333333333333,0.4117647058823529,0.25,0.2
62,82,6,David DiLeo,MUR,18,19.4,2.7,6.7,0.408,2.1,5.4,0.378,1.1,1.2,0.905,0.6,2.1,0.2,1.6,1.7,0.4,0.8,0.2,8.6,SF,6-8,224,24,0.0,0.0,6.0,4.0,8.0,3.0,4.0,2.0,24.0,10.0,7.0,3.0,4.0,1.0,38.0,14.0,3.0,2.0,12.0,4.0,4.0,2.0,4.0,1.0,,0.6666666666666666,0.375,0.5,0.4166666666666667,0.42857142857142855,0.25,0.3684210526315789,0.6666666666666666,0.3333333333333333,0.5,0.25
63,83,3,David Jelinek,AND,33,22.7,3.4,8.8,0.384,1.9,5.3,0.36,1.0,1.3,0.773,1.3,1.8,0.3,1.8,2.1,1.1,0.6,0.1,9.7,SG,6-5,190,30,2.0,1.0,14.0,4.0,12.0,4.0,18.0,7.0,51.0,17.0,35.0,21.0,31.0,8.0,55.0,20.0,9.0,4.0,20.0,8.0,2.0,0.0,5.0,3.0,0.5,0.2857142857142857,0.3333333333333333,0.3888888888888889,0.3333333333333333,0.6,0.25806451612903225,0.36363636363636365,0.4444444444444444,0.4,0.0,0.6
64,84,16,Deividas Dulkys,MAN,11,14.9,0.7,3.8,0.19,0.5,3.0,0.182,0.4,0.4,1.0,0.3,1.6,0.6,1.7,2.4,0.5,0.8,0.0,2.4,GF,6-5,196,32,2.0,1.0,4.0,0.0,3.0,0.0,1.0,0.0,8.0,1.0,3.0,1.0,4.0,1.0,4.0,0.0,0.0,0.0,8.0,2.0,4.0,2.0,1.0,0.0,0.5,0.0,0.0,0.0,0.125,0.3333333333333333,0.25,0.0,,0.25,0.5,0.0
65,85,4,Dejan Kravic,SPB,33,20.7,4.7,7.9,0.6,0.0,0.0,0.0,1.3,2.5,0.53,1.6,2.2,1.9,2.7,4.6,0.7,1.0,0.7,10.8,C,7-0,240,30,0.0,0.0,0.0,0.0,0.0,0.0,1.0,0.0,1.0,0.0,116.0,67.0,94.0,53.0,0.0,0.0,1.0,0.0,0.0,0.0,1.0,0.0,0.0,0.0,,,,0.0,0.0,0.5775862068965517,0.5638297872340425,,0.0,,0.0,
66,87,5,Deon Thompson,UNI,34,19.5,3.4,7.1,0.477,0.7,2.1,0.343,0.7,1.0,0.697,1.1,1.9,1.0,2.2,3.2,0.8,0.7,0.4,8.2,PF,6-8,250,32,0.0,0.0,32.0,17.0,4.0,0.0,6.0,3.0,24.0,9.0,46.0,21.0,41.0,22.0,13.0,5.0,6.0,2.0,10.0,3.0,17.0,6.0,3.0,1.0,,0.53125,0.0,0.5,0.375,0.45652173913043476,0.5365853658536586,0.38461538461538464,0.3333333333333333,0.3,0.35294117647058826,0.3333333333333333
67,88,9,Derrick Williams,VAL,31,17.0,2.5,5.2,0.494,0.7,1.8,0.404,1.2,1.8,0.632,1.2,1.7,0.3,1.9,2.2,0.6,0.5,0.1,7.0,F,6-8,240,29,2.0,1.0,12.0,2.0,4.0,1.0,1.0,0.0,17.0,7.0,32.0,16.0,33.0,18.0,6.0,3.0,3.0,1.0,9.0,6.0,7.0,1.0,8.0,1.0,0.5,0.16666666666666666,0.25,0.0,0.4117647058823529,0.5,0.5454545454545454,0.5,0.3333333333333333,0.6666666666666666,0.14285714285714285,0.125
68,90,2,Dino Radoncic,GBC,34,28.0,4.0,8.9,0.451,0.7,2.9,0.255,2.2,2.9,0.755,1.9,1.7,1.8,3.7,5.5,1.5,1.1,0.3,11.0,GF,6-8,225,22,0.0,0.0,10.0,4.0,13.0,2.0,12.0,8.0,26.0,7.0,76.0,43.0,75.0,40.0,20.0,6.0,6.0,2.0,16.0,6.0,7.0,2.0,2.0,0.0,,0.4,0.15384615384615385,0.6666666666666666,0.2692307692307692,0.5657894736842105,0.5333333333333333,0.3,0.3333333333333333,0.375,0.2857142857142857,0.0
69,91,9,Dovydas Giedraitis,EST,16,18.8,2.4,5.6,0.422,1.2,3.4,0.37,0.4,0.6,0.778,0.8,2.3,0.4,0.7,1.1,0.7,0.5,0.0,6.4,PG,6-4,165,20,3.0,1.0,3.0,2.0,6.0,1.0,5.0,2.0,18.0,4.0,12.0,4.0,12.0,9.0,6.0,4.0,2.0,2.0,8.0,2.0,1.0,0.0,4.0,0.0,0.3333333333333333,0.6666666666666666,0.16666666666666666,0.4,0.2222222222222222,0.3333333333333333,0.75,0.6666666666666666,1.0,0.25,0.0,0.0
70,92,1,Dylan Ennis,ZAR,34,29.4,5.8,11.7,0.491,1.6,4.8,0.335,3.0,4.0,0.763,2.5,1.8,0.4,2.9,3.2,3.3,1.5,0.2,16.2,G,6-2,195,29,3.0,1.0,10.0,3.0,11.0,3.0,8.0,3.0,48.0,22.0,89.0,55.0,92.0,56.0,63.0,14.0,9.0,4.0,17.0,7.0,11.0,8.0,2.0,1.0,0.3333333333333333,0.3,0.2727272727272727,0.375,0.4583333333333333,0.6179775280898876,0.6086956521739131,0.2222222222222222,0.4444444444444444,0.4117647058823529,0.7272727272727273,0.5
71,93,4,Dzherom Rendl,BETIS,20,16.6,3.4,7.8,0.439,0.9,2.7,0.333,1.4,1.6,0.844,2.3,1.8,0.1,1.0,1.1,2.2,0.5,0.0,9.1,G,5-10,172,33,0.0,0.0,4.0,0.0,2.0,1.0,15.0,7.0,15.0,5.0,21.0,8.0,35.0,21.0,22.0,8.0,17.0,7.0,6.0,3.0,3.0,2.0,0.0,0.0,,0.0,0.5,0.4666666666666667,0.3333333333333333,0.38095238095238093,0.6,0.36363636363636365,0.4117647058823529,0.5,0.6666666666666666,
72,95,11,Edgar Vicedo,EST,29,17.1,1.7,4.2,0.405,0.7,1.9,0.339,0.6,0.6,0.944,0.3,1.6,0.7,2.1,2.8,0.5,0.9,0.3,4.6,SF,6-8,200,26,5.0,2.0,7.0,5.0,5.0,1.0,0.0,0.0,12.0,2.0,19.0,9.0,36.0,15.0,9.0,5.0,0.0,0.0,7.0,1.0,4.0,0.0,9.0,4.0,0.4,0.7142857142857143,0.2,,0.16666666666666666,0.47368421052631576,0.4166666666666667,0.5555555555555556,,0.14285714285714285,0.0,0.4444444444444444
73,96,8,Edwin Jackson,EST,11,21.3,2.4,7.6,0.31,0.6,2.4,0.269,1.1,1.6,0.667,1.3,2.5,0.8,1.8,2.6,2.3,0.4,0.0,6.5,SG,6-2,201,31,1.0,0.0,2.0,1.0,2.0,1.0,4.0,1.0,8.0,3.0,12.0,4.0,17.0,9.0,4.0,1.0,4.0,0.0,2.0,0.0,5.0,0.0,0.0,0.0,0.0,0.5,0.5,0.25,0.375,0.3333333333333333,0.5294117647058824,0.25,0.0,0.0,0.0,
74,97,1,Edy Tavares,RMB,30,24.0,4.3,6.1,0.696,0.0,0.1,0.5,2.4,3.4,0.723,1.6,2.7,3.2,5.0,8.1,1.0,0.9,2.3,11.0,C,7-3,265,28,0.0,0.0,1.0,1.0,0.0,0.0,4.0,1.0,0.0,0.0,67.0,43.0,57.0,35.0,0.0,0.0,2.0,1.0,0.0,0.0,3.0,1.0,0.0,0.0,,1.0,,0.25,,0.6417910447761194,0.6140350877192983,,0.5,,0.3333333333333333,
75,98,2,Elias Harris,ZAR,17,23.1,5.0,7.9,0.63,0.2,0.5,0.5,3.7,3.9,0.94,1.4,2.3,1.0,3.4,4.4,1.5,0.6,0.2,13.9,SF,6-8,239,31,0.0,0.0,10.0,4.0,1.0,0.0,2.0,0.0,0.0,0.0,44.0,28.0,36.0,26.0,1.0,0.0,2.0,0.0,1.0,1.0,3.0,1.0,1.0,1.0,,0.4,0.0,0.0,,0.6363636363636364,0.7222222222222222,0.0,0.0,1.0,0.3333333333333333,1.0
76,99,10,Emanuel Cate,MUR,34,16.9,2.5,4.3,0.575,0.1,0.3,0.364,1.4,1.6,0.821,1.2,2.1,2.0,2.6,4.6,0.6,0.3,0.4,6.4,PF,6-9,225,23,0.0,0.0,2.0,0.0,0.0,0.0,1.0,0.0,5.0,3.0,52.0,35.0,55.0,27.0,6.0,1.0,2.0,0.0,0.0,0.0,2.0,0.0,0.0,0.0,,0.0,,0.0,0.6,0.6730769230769231,0.4909090909090909,0.16666666666666666,0.0,,0.0,
77,100,18,Emil Stoilov,EST,9,1.9,0.1,0.4,0.25,0.0,0.0,0.0,0.0,0.0,0.0,0.2,0.6,0.2,0.3,0.6,0.1,0.0,0.1,0.2,C,6-11,215,19,0.0,0.0,0.0,0.0,0.0,0.0,0.0,0.0,0.0,0.0,3.0,0.0,0.0,0.0,0.0,0.0,0.0,0.0,0.0,0.0,0.0,0.0,0.0,0.0,,,,,,0.0,,,,,,
78,101,10,Emir Sulejmanovic,CAN,34,12.7,1.9,3.4,0.561,0.4,1.1,0.405,0.4,0.8,0.577,0.4,2.0,0.8,2.4,3.1,0.4,0.4,0.1,4.6,PF,6-9,220,25,1.0,1.0,12.0,7.0,1.0,1.0,2.0,1.0,5.0,1.0,22.0,13.0,27.0,17.0,5.0,1.0,1.0,0.0,7.0,1.0,3.0,0.0,5.0,4.0,1.0,0.5833333333333334,1.0,0.5,0.2,0.5909090909090909,0.6296296296296297,0.2,0.0,0.14285714285714285,0.0,0.8
79,102,9,Eulis Baez,MAN,25,17.8,2.1,4.4,0.486,0.8,2.0,0.373,1.5,2.1,0.731,0.8,1.9,1.3,1.6,2.9,1.4,0.8,0.3,6.5,PF,6-7,225,38,2.0,1.0,5.0,3.0,2.0,0.0,1.0,0.0,18.0,7.0,28.0,16.0,16.0,9.0,11.0,2.0,1.0,1.0,7.0,3.0,1.0,1.0,3.0,3.0,0.5,0.6,0.0,0.0,0.3888888888888889,0.5714285714285714,0.5625,0.18181818181818182,1.0,0.42857142857142855,1.0,1.0
80,103,5,Fabien Causeur,RMB,25,20.8,3.5,7.1,0.492,1.7,3.9,0.443,1.6,2.0,0.8,1.1,1.4,0.3,1.7,2.0,1.7,0.8,0.2,10.3,SG,6-3,198,33,3.0,2.0,5.0,4.0,14.0,7.0,6.0,4.0,17.0,6.0,25.0,14.0,40.0,23.0,22.0,9.0,2.0,1.0,19.0,11.0,3.0,0.0,4.0,0.0,0.6666666666666666,0.8,0.5,0.6666666666666666,0.35294117647058826,0.56,0.575,0.4090909090909091,0.5,0.5789473684210527,0.0,0.0
81,104,20,Fabio Santana,GCN,13,5.0,0.6,1.6,0.381,0.2,0.8,0.2,0.1,0.1,1.0,0.4,0.7,0.1,0.2,0.2,0.7,0.3,0.1,1.5,PG,6-2,185,28,0.0,0.0,0.0,0.0,0.0,0.0,0.0,0.0,5.0,0.0,5.0,3.0,2.0,2.0,2.0,1.0,0.0,0.0,1.0,1.0,1.0,0.0,0.0,0.0,,,,,0.0,0.6,1.0,0.5,,1.0,0.0,
82,105,3,Facundo Campazzo,RMB,10,21.8,3.3,7.3,0.452,1.4,4.0,0.35,2.8,3.1,0.903,2.3,1.4,0.1,2.3,2.4,4.6,2.3,0.0,10.8,PG,5-11,165,29,0.0,0.0,0.0,0.0,1.0,0.0,1.0,1.0,20.0,8.0,18.0,12.0,13.0,6.0,15.0,4.0,0.0,0.0,2.0,1.0,2.0,1.0,0.0,0.0,,,0.0,1.0,0.4,0.6666666666666666,0.46153846153846156,0.26666666666666666,,0.5,0.5,
83,107,17,Felipe Dos Anjos,BBB,26,9.8,1.2,2.1,0.556,0.0,0.0,0.0,0.3,0.4,0.727,1.0,1.9,1.0,2.1,3.1,0.3,0.4,0.5,2.6,C,7-2,230,22,0.0,0.0,0.0,0.0,0.0,0.0,1.0,0.0,0.0,0.0,19.0,10.0,16.0,6.0,0.0,0.0,0.0,0.0,0.0,0.0,0.0,0.0,0.0,0.0,,,,0.0,,0.5263157894736842,0.375,,,,,
84,108,18,Felipe Reyes,RMB,11,7.0,0.6,2.0,0.318,0.1,0.3,0.333,0.5,0.6,0.714,0.7,0.8,0.5,1.3,1.8,0.4,0.1,0.0,1.8,FC,6-9,265,40,0.0,0.0,1.0,0.0,0.0,0.0,0.0,0.0,3.0,1.0,4.0,1.0,10.0,5.0,0.0,0.0,1.0,0.0,0.0,0.0,1.0,0.0,0.0,0.0,,0.0,,,0.3333333333333333,0.25,0.5,,0.0,,0.0,
85,109,11,Fernando San Emeterio,VAL,27,15.4,2.0,4.5,0.434,0.6,2.0,0.296,0.9,1.2,0.727,0.7,0.8,0.2,1.9,2.1,1.3,0.4,0.0,5.4,GF,6-6,232,37,1.0,1.0,2.0,2.0,2.0,1.0,6.0,2.0,17.0,4.0,32.0,22.0,23.0,7.0,18.0,3.0,2.0,1.0,7.0,4.0,4.0,3.0,2.0,0.0,1.0,1.0,0.5,0.3333333333333333,0.23529411764705882,0.6875,0.30434782608695654,0.16666666666666666,0.5,0.5714285714285714,0.75,0.0
86,110,6,Ferran Bassas,JOV,34,24.4,3.2,6.9,0.462,1.7,4.1,0.407,1.2,1.4,0.891,2.7,2.4,0.5,1.6,2.2,4.8,0.9,0.0,9.2,PG,6-0,188,28,3.0,1.0,12.0,5.0,7.0,4.0,4.0,2.0,45.0,20.0,39.0,22.0,35.0,21.0,37.0,14.0,4.0,1.0,12.0,5.0,3.0,2.0,3.0,2.0,0.3333333333333333,0.4166666666666667,0.5714285714285714,0.5,0.4444444444444444,0.5641025641025641,0.6,0.3783783783783784,0.25,0.4166666666666667,0.6666666666666666,0.6666666666666666
87,111,7,Fran Guerra,CAN,33,14.2,3.0,4.2,0.705,0.1,0.2,0.4,1.6,2.4,0.684,1.0,1.9,0.8,1.8,2.7,1.1,0.5,0.3,7.6,C,7-0,250,28,0.0,0.0,0.0,0.0,0.0,0.0,1.0,0.0,0.0,0.0,56.0,35.0,41.0,30.0,2.0,0.0,0.0,0.0,1.0,1.0,0.0,0.0,0.0,0.0,,,,0.0,,0.625,0.7317073170731707,0.0,,1.0,,
88,112,6,Francis Alonso,UNI,34,17.4,2.5,5.5,0.457,1.5,3.5,0.425,1.5,1.8,0.867,1.1,1.7,0.5,0.7,1.2,0.7,0.5,0.0,8.0,G,6-3,185,24,2.0,1.0,13.0,5.0,12.0,4.0,4.0,2.0,39.0,17.0,20.0,14.0,18.0,6.0,22.0,11.0,11.0,6.0,17.0,5.0,10.0,5.0,8.0,4.0,0.5,0.38461538461538464,0.3333333333333333,0.5,0.4358974358974359,0.7,0.3333333333333333,0.5,0.5454545454545454,0.29411764705882354,0.5,0.5
89,113,2,Frankie Ferrari,MAN,11,20.6,4.4,10.9,0.4,1.8,5.3,0.345,1.3,1.4,0.933,2.6,2.3,0.4,1.3,1.6,5.3,1.2,0.0,11.8,G,6-1,188,25,2.0,1.0,10.0,8.0,8.0,3.0,7.0,4.0,45.0,14.0,46.0,17.0,40.0,17.0,45.0,17.0,13.0,5.0,9.0,4.0,7.0,1.0,0.0,0.0,0.5,0.8,0.375,0.5714285714285714,0.3111111111111111,0.3695652173913043,0.425,0.37777777777777777,0.38461538461538464,0.4444444444444444,0.14285714285714285,
90,114,9,Frankie Ferrari,GCN,12,19.0,2.8,7.4,0.371,1.3,3.4,0.39,0.8,1.0,0.833,1.3,1.7,0.2,0.9,1.2,2.2,0.9,0.0,7.7,G,6-1,188,25,2.0,1.0,10.0,8.0,8.0,3.0,7.0,4.0,45.0,14.0,46.0,17.0,40.0,17.0,45.0,17.0,13.0,5.0,9.0,4.0,7.0,1.0,0.0,0.0,0.5,0.8,0.375,0.5714285714285714,0.3111111111111111,0.3695652173913043,0.425,0.37777777777777777,0.38461538461538464,0.4444444444444444,0.14285714285714285,
91,115,2,Frankie Ferrari,MAN,11,20.6,4.4,10.9,0.4,1.8,5.3,0.345,1.3,1.4,0.933,2.6,2.3,0.4,1.3,1.6,5.3,1.2,0.0,11.8,G,6-1,188,25,2.0,1.0,10.0,8.0,8.0,3.0,7.0,4.0,45.0,14.0,46.0,17.0,40.0,17.0,45.0,17.0,13.0,5.0,9.0,4.0,7.0,1.0,0.0,0.0,0.5,0.8,0.375,0.5714285714285714,0.3111111111111111,0.3695652173913043,0.425,0.37777777777777777,0.38461538461538464,0.4444444444444444,0.14285714285714285,
92,116,2,Frankie Ferrari,MAN,11,20.6,4.4,10.9,0.4,1.8,5.3,0.345,1.3,1.4,0.933,2.6,2.3,0.4,1.3,1.6,5.3,1.2,0.0,11.8,G,6-1,188,25,2.0,1.0,10.0,8.0,8.0,3.0,7.0,4.0,45.0,14.0,46.0,17.0,40.0,17.0,45.0,17.0,13.0,5.0,9.0,4.0,7.0,1.0,0.0,0.0,0.5,0.8,0.375,0.5714285714285714,0.3111111111111111,0.3695652173913043,0.425,0.37777777777777777,0.38461538461538464,0.4444444444444444,0.14285714285714285,
93,117,9,Frankie Ferrari,GCN,12,19.0,2.8,7.4,0.371,1.3,3.4,0.39,0.8,1.0,0.833,1.3,1.7,0.2,0.9,1.2,2.2,0.9,0.0,7.7,G,6-1,188,25,2.0,1.0,10.0,8.0,8.0,3.0,7.0,4.0,45.0,14.0,46.0,17.0,40.0,17.0,45.0,17.0,13.0,5.0,9.0,4.0,7.0,1.0,0.0,0.0,0.5,0.8,0.375,0.5714285714285714,0.3111111111111111,0.3695652173913043,0.425,0.37777777777777777,0.38461538461538464,0.4444444444444444,0.14285714285714285,
94,118,9,Frankie Ferrari,GCN,12,19.0,2.8,7.4,0.371,1.3,3.4,0.39,0.8,1.0,0.833,1.3,1.7,0.2,0.9,1.2,2.2,0.9,0.0,7.7,G,6-1,188,25,2.0,1.0,10.0,8.0,8.0,3.0,7.0,4.0,45.0,14.0,46.0,17.0,40.0,17.0,45.0,17.0,13.0,5.0,9.0,4.0,7.0,1.0,0.0,0.0,0.5,0.8,0.375,0.5714285714285714,0.3111111111111111,0.3695652173913043,0.425,0.37777777777777777,0.38461538461538464,0.4444444444444444,0.14285714285714285,
95,119,9,Frankie Ferrari,GCN,12,19.0,2.8,7.4,0.371,1.3,3.4,0.39,0.8,1.0,0.833,1.3,1.7,0.2,0.9,1.2,2.2,0.9,0.0,7.7,G,6-1,188,25,2.0,1.0,10.0,8.0,8.0,3.0,7.0,4.0,45.0,14.0,46.0,17.0,40.0,17.0,45.0,17.0,13.0,5.0,9.0,4.0,7.0,1.0,0.0,0.0,0.5,0.8,0.375,0.5714285714285714,0.3111111111111111,0.3695652173913043,0.425,0.37777777777777777,0.38461538461538464,0.4444444444444444,0.14285714285714285,
96,123,2,Frankie Ferrari,MAN,11,20.6,4.4,10.9,0.4,1.8,5.3,0.345,1.3,1.4,0.933,2.6,2.3,0.4,1.3,1.6,5.3,1.2,0.0,11.8,G,6-1,188,25,2.0,1.0,10.0,8.0,8.0,3.0,7.0,4.0,45.0,14.0,46.0,17.0,40.0,17.0,45.0,17.0,13.0,5.0,9.0,4.0,7.0,1.0,0.0,0.0,0.5,0.8,0.375,0.5714285714285714,0.3111111111111111,0.3695652173913043,0.425,0.37777777777777777,0.38461538461538464,0.4444444444444444,0.14285714285714285,
97,126,6,Gabriel Deck,RMB,21,23.3,3.4,6.4,0.533,0.7,2.1,0.333,2.4,2.8,0.862,1.2,1.6,0.7,3.2,4.0,1.5,0.6,0.0,10.0,F,6-6,210,26,1.0,0.0,3.0,1.0,5.0,1.0,1.0,0.0,13.0,4.0,28.0,19.0,44.0,30.0,12.0,5.0,4.0,1.0,8.0,4.0,3.0,0.0,3.0,1.0,0.0,0.3333333333333333,0.2,0.0,0.3076923076923077,0.6785714285714286,0.6818181818181818,0.4166666666666667,0.25,0.5,0.0,0.3333333333333333
98,127,11,Gal Mekel,UNI,9,16.5,2.4,5.4,0.449,0.0,0.6,0.0,1.1,1.6,0.714,1.6,1.6,0.1,1.2,1.3,3.7,0.6,0.1,6.0,PG,6-3,202,32,0.0,0.0,1.0,1.0,1.0,0.0,3.0,1.0,1.0,0.0,19.0,12.0,10.0,5.0,2.0,0.0,1.0,0.0,0.0,0.0,1.0,0.0,0.0,0.0,,1.0,0.0,0.3333333333333333,0.0,0.631578947368421,0.5,0.0,0.0,,0.0,
99,129,1,Giorgi Shermadini,CAN,34,23.5,6.2,9.3,0.667,0.0,0.0,0.0,4.8,5.4,0.901,2.2,2.0,2.3,3.1,5.4,1.8,0.9,0.5,17.2,C,7-1,250,31,0.0,0.0,2.0,2.0,0.0,0.0,5.0,5.0,0.0,0.0,127.0,76.0,112.0,71.0,0.0,0.0,2.0,0.0,0.0,0.0,1.0,1.0,0.0,0.0,,1.0,,1.0,,0.5984251968503937,0.6339285714285714,,0.0,,1.0,
100,132,11,Goran Huskic,BBB,21,14.2,2.2,4.0,0.554,0.0,0.1,0.0,0.9,1.2,0.72,1.3,2.1,0.7,1.8,2.5,1.4,0.4,0.1,5.2,C,6-9,225,28,0.0,0.0,1.0,0.0,0.0,0.0,0.0,0.0,0.0,0.0,37.0,22.0,40.0,25.0,1.0,0.0,1.0,0.0,0.0,0.0,4.0,0.0,0.0,0.0,,0.0,,,,0.5945945945945946,0.625,0.0,0.0,,0.0,
101,133,11,Goran Huskic,BBB,21,14.2,2.2,4.0,0.554,0.0,0.1,0.0,0.9,1.2,0.72,1.3,2.1,0.7,1.8,2.5,1.4,0.4,0.1,5.2,C,6-9,225,28,0.0,0.0,1.0,0.0,0.0,0.0,0.0,0.0,0.0,0.0,37.0,22.0,40.0,25.0,1.0,0.0,1.0,0.0,0.0,0.0,4.0,0.0,0.0,0.0,,0.0,,,,0.5945945945945946,0.625,0.0,0.0,,0.0,
102,134,17,Guillem Colom,AND,18,4.2,0.4,1.3,0.292,0.1,0.7,0.077,0.1,0.1,1.0,0.2,0.3,0.3,0.3,0.6,0.2,0.2,0.0,0.9,PF,6-4,192,29,1.0,0.0,2.0,2.0,1.0,0.0,3.0,0.0,2.0,0.0,2.0,1.0,2.0,2.0,5.0,0.0,2.0,1.0,0.0,0.0,0.0,0.0,0.0,0.0,0.0,1.0,0.0,0.0,0.0,0.5,1.0,0.0,0.5,,,
103,136,13,Guillem Jou,MAN,23,19.9,1.7,4.6,0.377,0.9,3.1,0.282,1.0,1.2,0.786,0.7,1.0,1.3,2.7,4.0,0.9,0.7,0.2,5.3,SG,6-6,180,23,1.0,1.0,6.0,2.0,6.0,2.0,1.0,0.0,10.0,3.0,10.0,3.0,15.0,10.0,17.0,4.0,2.0,0.0,8.0,3.0,3.0,0.0,5.0,1.0,1.0,0.3333333333333333,0.3333333333333333,0.0,0.3,0.3,0.6666666666666666,0.23529411764705882,0.0,0.375,0.0,0.2
104,137,12,Guillem Vives,VAL,25,19.5,1.8,4.7,0.385,0.8,2.7,0.309,0.4,0.5,0.769,1.0,2.1,0.2,1.5,1.8,2.2,1.1,0.4,4.8,PG,6-3,172,27,1.0,0.0,5.0,3.0,4.0,2.0,3.0,3.0,18.0,4.0,19.0,7.0,26.0,15.0,20.0,8.0,1.0,0.0,7.0,1.0,0.0,0.0,5.0,1.0,0.0,0.6,0.5,1.0,0.2222222222222222,0.3684210526315789,0.5769230769230769,0.4,0.0,0.14285714285714285,,0.2
105,139,5,Haukur Palsson,AND,19,20.3,2.7,6.7,0.402,1.4,3.6,0.377,1.3,1.8,0.686,2.0,2.1,0.3,2.2,2.5,1.4,0.9,0.1,8.0,F,6-6,190,28,1.0,1.0,10.0,3.0,5.0,1.0,4.0,1.0,27.0,11.0,20.0,9.0,13.0,4.0,18.0,6.0,7.0,3.0,7.0,2.0,4.0,3.0,3.0,2.0,1.0,0.3,0.2,0.25,0.4074074074074074,0.45,0.3076923076923077,0.3333333333333333,0.42857142857142855,0.2857142857142857,0.75,0.6666666666666666
106,141,16,Ibrahim Magassa,BETIS,14,7.2,0.8,2.2,0.355,0.2,1.1,0.2,0.0,0.0,0.0,0.3,0.7,0.2,0.4,0.6,0.1,0.1,0.1,1.8,SF,6-7,220,19,1.0,0.0,3.0,1.0,2.0,1.0,2.0,0.0,3.0,1.0,1.0,0.0,6.0,5.0,3.0,0.0,1.0,1.0,2.0,0.0,3.0,1.0,0.0,0.0,0.0,0.3333333333333333,0.5,0.0,0.3333333333333333,0.0,0.8333333333333334,0.0,1.0,0.0,0.3333333333333333,
107,142,10,Ilimane Diop,CAJ,28,10.4,1.5,3.4,0.436,0.5,1.3,0.378,1.0,1.1,0.844,0.4,1.9,0.5,1.2,1.8,0.5,0.2,0.4,4.4,C,6-11,216,25,0.0,0.0,1.0,0.0,1.0,0.0,5.0,1.0,13.0,4.0,11.0,5.0,17.0,3.0,13.0,8.0,2.0,1.0,4.0,0.0,4.0,3.0,1.0,0.0,,0.0,0.0,0.2,0.3076923076923077,0.45454545454545453,0.17647058823529413,0.6153846153846154,0.5,0.0,0.75,0.0
108,145,2,Isaiah Taylor,MUR,10,26.4,5.4,12.4,0.435,1.4,4.6,0.304,1.3,1.5,0.867,2.0,3.3,0.4,1.2,1.6,3.3,0.6,0.1,13.5,G,6-3,170,26,0.0,0.0,1.0,0.0,3.0,0.0,3.0,1.0,9.0,3.0,29.0,13.0,32.0,18.0,16.0,6.0,1.0,1.0,4.0,0.0,1.0,0.0,0.0,0.0,,0.0,0.0,0.3333333333333333,0.3333333333333333,0.4482758620689655,0.5625,0.375,1.0,0.0,0.0,
109,147,2,J.JJ Barea,EST,18,22.8,4.3,12.0,0.361,1.6,5.1,0.308,2.4,2.9,0.811,2.3,2.7,0.3,1.2,1.6,4.7,0.9,0.0,12.6,G,5-10,180,36,1.0,1.0,10.0,4.0,5.0,1.0,14.0,4.0,28.0,7.0,37.0,17.0,41.0,16.0,27.0,7.0,8.0,3.0,8.0,3.0,2.0,1.0,1.0,1.0,1.0,0.4,0.2,0.2857142857142857,0.25,0.4594594594594595,0.3902439024390244,0.25925925925925924,0.375,0.375,0.5,1.0
110,148,1,Jaime Echenique,GBC,16,22.1,5.4,9.9,0.544,0.1,0.2,0.667,2.9,3.7,0.797,2.2,3.1,2.2,2.6,4.8,0.6,1.2,1.1,13.8,C,6-11,258,23,0.0,0.0,5.0,2.0,0.0,0.0,1.0,1.0,0.0,0.0,69.0,32.0,50.0,29.0,1.0,1.0,3.0,1.0,0.0,0.0,4.0,0.0,0.0,0.0,,0.4,,1.0,,0.463768115942029,0.58,1.0,0.3333333333333333,,0.0,
111,149,2,Jaime Fernandez,UNI,25,22.0,3.6,8.3,0.44,1.1,3.0,0.373,2.2,2.8,0.786,2.0,2.4,0.2,1.4,1.6,4.0,1.0,0.1,10.6,PG,6-2,178,27,0.0,0.0,4.0,1.0,3.0,0.0,5.0,1.0,27.0,8.0,57.0,28.0,43.0,21.0,21.0,11.0,6.0,2.0,7.0,4.0,3.0,0.0,5.0,3.0,,0.25,0.0,0.2,0.2962962962962963,0.49122807017543857,0.4883720930232558,0.5238095238095238,0.3333333333333333,0.5714285714285714,0.0,0.6
112,152,2,Jaime Fernandez,UNI,25,22.0,3.6,8.3,0.44,1.1,3.0,0.373,2.2,2.8,0.786,2.0,2.4,0.2,1.4,1.6,4.0,1.0,0.1,10.6,C,6-8,209,20,0.0,0.0,4.0,1.0,3.0,0.0,5.0,1.0,27.0,8.0,57.0,28.0,43.0,21.0,21.0,11.0,6.0,2.0,7.0,4.0,3.0,0.0,5.0,3.0,,0.25,0.0,0.2,0.2962962962962963,0.49122807017543857,0.4883720930232558,0.5238095238095238,0.3333333333333333,0.5714285714285714,0.0,0.6
113,153,13,Jaime Pradilla,VAL,25,8.7,1.2,2.2,0.554,0.1,0.2,0.5,0.4,0.6,0.643,0.8,1.1,0.8,1.0,1.8,0.3,0.2,0.0,3.0,C,6-9,234,20,1.0,1.0,3.0,0.0,0.0,0.0,0.0,0.0,2.0,1.0,25.0,15.0,20.0,11.0,1.0,1.0,0.0,0.0,0.0,0.0,1.0,0.0,0.0,0.0,1.0,0.0,,,0.5,0.6,0.55,1.0,,,0.0,
114,154,5,Jake Cohen,OBR,33,22.1,2.9,6.5,0.449,0.9,2.8,0.337,1.7,1.9,0.905,1.3,2.2,1.0,2.8,3.8,1.2,0.5,0.3,8.5,FC,6-10,235,30,2.0,1.0,7.0,2.0,6.0,2.0,3.0,1.0,33.0,11.0,56.0,30.0,50.0,29.0,29.0,10.0,0.0,0.0,5.0,1.0,5.0,0.0,2.0,2.0,0.5,0.2857142857142857,0.3333333333333333,0.3333333333333333,0.3333333333333333,0.5357142857142857,0.58,0.3448275862068966,,0.2,0.0,1.0
115,155,4,Jake Wiley,GCN,11,22.3,4.2,8.3,0.505,0.5,1.3,0.357,1.0,1.6,0.611,1.8,1.7,1.0,2.8,3.8,1.0,0.7,0.5,9.8,F,6-8,220,26,0.0,0.0,6.0,3.0,1.0,0.0,10.0,5.0,5.0,2.0,46.0,22.0,48.0,25.0,3.0,0.0,8.0,6.0,4.0,2.0,4.0,1.0,0.0,0.0,,0.5,0.0,0.5,0.4,0.4782608695652174,0.5208333333333334,0.0,0.75,0.5,0.25,
116,156,5,Jake Wiley,ZAR,12,19.3,4.5,7.6,0.593,0.0,0.1,0.0,1.9,2.5,0.767,0.8,2.3,1.2,2.5,3.8,1.2,0.6,0.6,10.9,F,6-8,220,26,0.0,0.0,6.0,3.0,1.0,0.0,10.0,5.0,5.0,2.0,46.0,22.0,48.0,25.0,3.0,0.0,8.0,6.0,4.0,2.0,4.0,1.0,0.0,0.0,,0.5,0.0,0.5,0.4,0.4782608695652174,0.5208333333333334,0.0,0.75,0.5,0.25,
117,157,5,Jake Wiley,ZAR,12,19.3,4.5,7.6,0.593,0.0,0.1,0.0,1.9,2.5,0.767,0.8,2.3,1.2,2.5,3.8,1.2,0.6,0.6,10.9,F,6-8,220,26,0.0,0.0,6.0,3.0,1.0,0.0,10.0,5.0,5.0,2.0,46.0,22.0,48.0,25.0,3.0,0.0,8.0,6.0,4.0,2.0,4.0,1.0,0.0,0.0,,0.5,0.0,0.5,0.4,0.4782608695652174,0.5208333333333334,0.0,0.75,0.5,0.25,
118,158,4,Jake Wiley,GCN,11,22.3,4.2,8.3,0.505,0.5,1.3,0.357,1.0,1.6,0.611,1.8,1.7,1.0,2.8,3.8,1.0,0.7,0.5,9.8,F,6-8,220,26,0.0,0.0,6.0,3.0,1.0,0.0,10.0,5.0,5.0,2.0,46.0,22.0,48.0,25.0,3.0,0.0,8.0,6.0,4.0,2.0,4.0,1.0,0.0,0.0,,0.5,0.0,0.5,0.4,0.4782608695652174,0.5208333333333334,0.0,0.75,0.5,0.25,
119,159,1,James Feldeine,BETIS,34,26.9,5.4,12.9,0.423,2.0,5.8,0.34,2.0,2.5,0.802,1.8,1.6,0.5,1.8,2.3,2.5,1.2,0.2,14.9,SG,6-4,190,32,1.0,0.0,14.0,4.0,22.0,9.0,16.0,4.0,76.0,28.0,73.0,37.0,94.0,52.0,69.0,18.0,16.0,8.0,14.0,7.0,12.0,5.0,2.0,1.0,0.0,0.2857142857142857,0.4090909090909091,0.25,0.3684210526315789,0.5068493150684932,0.5531914893617021,0.2608695652173913,0.5,0.5,0.4166666666666667,0.5
120,160,4,James Webb III,MUR,15,24.9,3.6,7.7,0.466,1.5,3.7,0.393,1.9,2.5,0.763,1.0,2.8,2.1,4.3,6.3,1.0,0.9,0.2,10.6,F,6-9,202,27,1.0,0.0,3.0,2.0,9.0,4.0,2.0,0.0,14.0,4.0,18.0,8.0,21.0,12.0,15.0,6.0,1.0,1.0,5.0,2.0,2.0,0.0,3.0,1.0,0.0,0.6666666666666666,0.4444444444444444,0.0,0.2857142857142857,0.4444444444444444,0.5714285714285714,0.4,1.0,0.4,0.0,0.3333333333333333
121,161,7,Jan Span,GBC,34,19.9,2.4,8.2,0.291,1.1,4.9,0.229,0.3,0.4,0.643,1.3,1.4,0.3,0.8,1.1,1.7,0.6,0.0,6.1,PG,6-1,190,28,1.0,0.0,9.0,2.0,17.0,4.0,10.0,2.0,51.0,13.0,38.0,18.0,20.0,7.0,56.0,14.0,10.0,3.0,18.0,4.0,6.0,1.0,4.0,2.0,0.0,0.2222222222222222,0.23529411764705882,0.2,0.2549019607843137,0.47368421052631576,0.35,0.25,0.3,0.2222222222222222,0.16666666666666666,0.5
122,163,6,Jaroslaw Zyskowski,BBB,28,20.1,2.9,6.7,0.436,0.8,2.2,0.365,2.1,2.9,0.732,1.1,2.1,0.5,1.6,2.1,0.5,0.5,0.0,8.8,SF,6-7,220,28,1.0,0.0,11.0,4.0,1.0,1.0,4.0,3.0,16.0,6.0,60.0,25.0,40.0,23.0,18.0,3.0,2.0,0.0,10.0,7.0,7.0,2.0,3.0,2.0,0.0,0.36363636363636365,1.0,0.75,0.375,0.4166666666666667,0.575,0.16666666666666666,0.0,0.7,0.2857142857142857,0.6666666666666666
123,164,3,Jasiel Rivero,SPB,31,23.4,4.6,8.1,0.576,0.5,1.9,0.283,2.8,4.2,0.664,1.8,2.5,1.7,3.9,5.7,1.0,0.5,0.5,12.6,C,6-9,220,27,0.0,0.0,4.0,2.0,7.0,2.0,4.0,1.0,18.0,6.0,73.0,48.0,80.0,56.0,23.0,5.0,2.0,1.0,5.0,2.0,4.0,2.0,0.0,0.0,,0.5,0.2857142857142857,0.25,0.3333333333333333,0.6575342465753424,0.7,0.21739130434782608,0.5,0.4,0.5,
124,165,8,Jason Thompson,ZAR,17,18.2,3.4,6.1,0.563,0.0,0.1,0.0,1.4,2.7,0.522,1.7,3.4,0.8,4.0,4.8,1.5,0.4,0.2,8.2,PF,6-11,250,34,0.0,0.0,2.0,0.0,0.0,0.0,7.0,2.0,0.0,0.0,38.0,22.0,24.0,10.0,0.0,0.0,8.0,4.0,0.0,0.0,2.0,2.0,0.0,0.0,,0.0,,0.2857142857142857,,0.5789473684210527,0.4166666666666667,,0.5,,1.0,
125,166,15,Javi Garcia,ZAR,24,8.7,0.8,2.0,0.367,0.4,1.2,0.333,0.4,0.5,0.833,0.4,1.7,0.2,0.5,0.7,0.8,0.2,0.0,2.3,SG,6-3,-,19,0.0,0.0,3.0,2.0,3.0,1.0,1.0,1.0,13.0,6.0,4.0,3.0,7.0,2.0,9.0,3.0,2.0,0.0,1.0,0.0,3.0,0.0,0.0,0.0,,0.6666666666666666,0.3333333333333333,1.0,0.46153846153846156,0.75,0.2857142857142857,0.3333333333333333,0.0,0.0,0.0,
126,168,12,Javier Beiran,GCN,28,23.0,2.5,5.0,0.489,0.7,2.2,0.302,0.3,0.5,0.643,0.8,0.6,1.0,3.6,4.6,2.1,0.5,0.2,5.9,SF,6-6,200,33,0.0,0.0,10.0,4.0,12.0,3.0,3.0,0.0,9.0,5.0,27.0,21.0,30.0,21.0,10.0,1.0,1.0,0.0,11.0,3.0,7.0,1.0,3.0,1.0,,0.4,0.25,0.0,0.5555555555555556,0.7777777777777778,0.7,0.1,0.0,0.2727272727272727,0.14285714285714285,0.3333333333333333
127,169,17,Javier Justiz,ZAR,12,7.2,0.8,2.2,0.333,0.0,0.1,0.0,0.2,0.2,1.0,0.8,1.0,0.2,1.0,1.2,0.3,0.2,0.2,1.8,C,6-9,210,28,0.0,0.0,1.0,0.0,0.0,0.0,1.0,0.0,0.0,0.0,5.0,3.0,10.0,1.0,0.0,0.0,0.0,0.0,0.0,0.0,1.0,0.0,0.0,0.0,,0.0,,0.0,,0.6,0.1,,,,0.0,
128,170,2,Jaycee Carroll,RMB,28,15.6,3.6,7.3,0.493,1.7,4.0,0.429,1.9,2.0,0.946,0.6,1.5,0.5,1.4,1.9,0.6,0.4,0.0,10.8,SG,6-2,170,37,3.0,1.0,9.0,4.0,12.0,4.0,9.0,3.0,34.0,16.0,29.0,17.0,27.0,18.0,36.0,15.0,4.0,2.0,10.0,5.0,7.0,3.0,2.0,2.0,0.3333333333333333,0.4444444444444444,0.3333333333333333,0.3333333333333333,0.47058823529411764,0.5862068965517241,0.6666666666666666,0.4166666666666667,0.5,0.5,0.42857142857142855,1.0
129,171,2,Jaylon Brown,BBB,33,26.2,4.1,9.8,0.42,1.4,4.2,0.338,2.8,3.3,0.836,2.1,2.8,0.4,1.7,2.1,2.3,0.7,0.1,12.5,G,6-0,185,26,1.0,0.0,10.0,1.0,6.0,2.0,23.0,12.0,50.0,21.0,55.0,23.0,50.0,27.0,50.0,13.0,25.0,10.0,15.0,8.0,4.0,1.0,3.0,1.0,0.0,0.1,0.3333333333333333,0.5217391304347826,0.42,0.41818181818181815,0.54,0.26,0.4,0.5333333333333333,0.25,0.3333333333333333
130,173,14,Jeffery Taylor,RMB,26,16.1,1.8,3.6,0.489,0.8,2.2,0.386,0.9,1.3,0.727,0.8,1.6,0.5,1.3,1.8,0.4,0.5,0.0,5.3,SF,6-7,225,31,1.0,0.0,9.0,1.0,6.0,0.0,1.0,0.0,6.0,3.0,7.0,5.0,15.0,10.0,3.0,1.0,0.0,0.0,10.0,6.0,5.0,1.0,3.0,3.0,0.0,0.1111111111111111,0.0,0.0,0.5,0.7142857142857143,0.6666666666666666,0.3333333333333333,,0.6,0.2,1.0
131,174,2,Jeremy Senglin,AND,31,24.1,3.9,8.9,0.442,1.2,3.4,0.356,2.5,3.1,0.792,1.3,2.4,0.5,2.0,2.5,1.7,0.5,0.1,11.5,G,6-0,190,25,0.0,0.0,8.0,4.0,7.0,2.0,25.0,15.0,32.0,11.0,46.0,21.0,43.0,22.0,36.0,13.0,26.0,12.0,14.0,5.0,5.0,4.0,1.0,1.0,,0.5,0.2857142857142857,0.6,0.34375,0.45652173913043476,0.5116279069767442,0.3611111111111111,0.46153846153846156,0.35714285714285715,0.8,1.0
132,175,8,Jerome Jordan,BETIS,20,15.6,2.1,4.5,0.483,0.0,0.0,0.0,1.5,2.1,0.714,1.1,1.9,1.2,2.7,3.9,0.8,0.5,0.6,5.8,C,7-0,253,34,0.0,0.0,2.0,0.0,0.0,0.0,1.0,0.0,1.0,0.0,24.0,6.0,34.0,15.0,0.0,0.0,7.0,5.0,0.0,0.0,1.0,0.0,0.0,0.0,,0.0,,0.0,0.0,0.25,0.4411764705882353,,0.7142857142857143,,0.0,
133,176,10,Joan Sastre,VAL,20,17.8,2.5,4.7,0.538,1.1,2.4,0.447,0.7,0.8,0.824,1.0,1.1,0.3,1.0,1.3,1.9,0.7,0.3,6.8,SF,6-7,200,29,1.0,0.0,3.0,2.0,2.0,1.0,7.0,1.0,8.0,2.0,20.0,13.0,14.0,11.0,13.0,8.0,0.0,0.0,8.0,5.0,0.0,0.0,3.0,1.0,0.0,0.6666666666666666,0.5,0.14285714285714285,0.25,0.65,0.7857142857142857,0.6153846153846154,,0.625,,0.3333333333333333
134,177,11,Joel Parra,JOV,34,13.5,1.5,2.9,0.5,0.4,1.0,0.412,0.6,0.8,0.815,0.4,1.3,0.9,1.9,2.9,0.3,0.4,0.1,4.0,F,6-8,210,20,3.0,1.0,7.0,1.0,3.0,2.0,2.0,0.0,1.0,0.0,27.0,15.0,25.0,14.0,3.0,2.0,1.0,0.0,4.0,0.0,4.0,2.0,4.0,0.0,0.3333333333333333,0.14285714285714285,0.6666666666666666,0.0,0.0,0.5555555555555556,0.56,0.6666666666666666,0.0,0.0,0.5,0.0
135,178,1,John Jenkins,BBB,20,27.5,4.7,10.5,0.443,2.8,6.8,0.407,0.9,1.2,0.76,1.5,2.1,0.4,1.4,1.8,1.4,0.8,0.1,13.0,SG,6-4,215,29,4.0,2.0,15.0,6.0,8.0,2.0,16.0,7.0,49.0,23.0,14.0,9.0,15.0,8.0,36.0,9.0,16.0,8.0,14.0,7.0,9.0,7.0,6.0,3.0,0.5,0.4,0.25,0.4375,0.46938775510204084,0.6428571428571429,0.5333333333333333,0.25,0.5,0.5,0.7777777777777778,0.5
136,179,4,John Roberson,EST,31,22.0,3.7,8.9,0.419,2.5,6.1,0.404,1.3,1.3,0.951,1.3,1.9,0.2,1.0,1.3,3.0,0.5,0.0,11.2,PG,5-11,168,32,1.0,0.0,9.0,3.0,12.0,3.0,22.0,9.0,68.0,25.0,16.0,9.0,30.0,15.0,67.0,30.0,15.0,5.0,18.0,10.0,2.0,1.0,4.0,1.0,0.0,0.3333333333333333,0.25,0.4090909090909091,0.36764705882352944,0.5625,0.5,0.44776119402985076,0.3333333333333333,0.5555555555555556,0.5,0.25
137,180,10,John Shurna,GCN,32,23.3,2.8,5.6,0.508,1.0,2.4,0.421,0.8,1.1,0.794,0.6,1.5,1.3,3.1,4.4,1.1,1.2,0.5,7.5,F,6-9,215,30,1.0,0.0,17.0,8.0,16.0,4.0,2.0,1.0,10.0,5.0,26.0,15.0,38.0,20.0,18.0,11.0,4.0,3.0,13.0,4.0,10.0,4.0,4.0,2.0,0.0,0.47058823529411764,0.25,0.5,0.5,0.5769230769230769,0.5263157894736842,0.6111111111111112,0.75,0.3076923076923077,0.4,0.5
138,181,3,Johnny Dee,GBC,34,20.5,3.4,8.7,0.389,2.4,6.0,0.395,1.4,1.6,0.852,1.4,2.4,0.3,1.6,1.9,1.1,0.8,0.0,10.5,G,6-0,185,28,3.0,3.0,11.0,1.0,13.0,6.0,9.0,3.0,56.0,26.0,23.0,13.0,22.0,9.0,69.0,20.0,9.0,2.0,23.0,10.0,8.0,3.0,2.0,1.0,1.0,0.09090909090909091,0.46153846153846156,0.3333333333333333,0.4642857142857143,0.5652173913043478,0.4090909090909091,0.2898550724637681,0.2222222222222222,0.43478260869565216,0.375,0.5
139,182,7,Jonathan Barreiro,ZAR,34,22.6,3.2,6.8,0.466,1.2,3.3,0.363,1.6,2.0,0.779,1.0,1.6,1.4,2.9,4.3,1.0,0.4,0.2,9.1,SF,6-8,200,24,2.0,1.0,10.0,3.0,13.0,4.0,3.0,1.0,19.0,5.0,52.0,34.0,46.0,22.0,30.0,17.0,2.0,1.0,23.0,4.0,8.0,3.0,5.0,1.0,0.5,0.3,0.3076923076923077,0.3333333333333333,0.2631578947368421,0.6538461538461539,0.4782608695652174,0.5666666666666667,0.5,0.17391304347826086,0.375,0.2
140,183,4,Jonathan Rousselle,BBB,27,24.5,3.2,6.9,0.468,1.3,3.6,0.354,2.3,2.8,0.827,2.2,3.1,0.3,1.6,1.9,4.2,0.9,0.0,10.0,PG,6-3,185,31,0.0,0.0,2.0,0.0,0.0,0.0,1.0,0.0,36.0,11.0,38.0,22.0,41.0,25.0,43.0,20.0,4.0,1.0,7.0,2.0,1.0,0.0,3.0,0.0,,0.0,,0.0,0.3055555555555556,0.5789473684210527,0.6097560975609756,0.46511627906976744,0.25,0.2857142857142857,0.0,0.0
141,184,8,Jonathan Tabu,MAN,22,16.0,2.0,6.5,0.317,1.4,4.4,0.32,1.9,2.1,0.872,2.5,2.2,0.3,1.2,1.5,3.5,0.7,0.0,7.4,PG,6-0,194,35,1.0,0.0,3.0,1.0,4.0,2.0,9.0,3.0,43.0,15.0,14.0,3.0,10.0,6.0,31.0,8.0,9.0,1.0,6.0,3.0,1.0,0.0,0.0,0.0,0.0,0.3333333333333333,0.5,0.3333333333333333,0.3488372093023256,0.21428571428571427,0.6,0.25806451612903225,0.1111111111111111,0.5,0.0,
142,185,3,Jordan Davis,MUR,32,21.7,4.2,10.2,0.416,0.4,1.8,0.25,2.5,3.7,0.664,2.2,2.5,0.6,1.2,1.8,2.2,1.1,0.2,11.4,PG,6-2,185,23,1.0,0.0,9.0,2.0,5.0,1.0,19.0,7.0,14.0,3.0,93.0,46.0,107.0,44.0,19.0,6.0,15.0,4.0,4.0,0.0,1.0,0.0,1.0,0.0,0.0,0.2222222222222222,0.2,0.3684210526315789,0.21428571428571427,0.4946236559139785,0.411214953271028,0.3157894736842105,0.26666666666666666,0.0,0.0,0.0
143,186,10,Jordan Sakho,SPB,30,9.9,1.4,2.6,0.532,0.0,0.0,0.0,1.1,1.4,0.744,1.0,2.9,1.1,1.4,2.5,0.4,0.5,0.3,3.8,C,6-10,220,23,0.0,0.0,0.0,0.0,0.0,0.0,5.0,3.0,1.0,0.0,28.0,13.0,30.0,17.0,0.0,0.0,1.0,0.0,0.0,0.0,0.0,0.0,0.0,0.0,,,,0.6,0.0,0.4642857142857143,0.5666666666666667,,0.0,,,
144,187,14,Josep Puerto,VAL,16,8.6,0.8,1.6,0.462,0.6,0.9,0.6,0.4,0.6,0.778,0.2,0.7,0.2,0.8,1.0,0.2,0.1,0.1,2.5,G,6-6,198,21,1.0,1.0,4.0,1.0,0.0,0.0,0.0,0.0,5.0,3.0,5.0,2.0,3.0,1.0,4.0,2.0,0.0,0.0,1.0,0.0,1.0,1.0,1.0,1.0,1.0,0.25,,,0.6,0.4,0.3333333333333333,0.5,,0.0,1.0,1.0
145,188,16,Josh Sharma,MON,14,10.0,1.4,2.2,0.613,0.0,0.1,0.0,0.8,1.1,0.688,1.0,2.7,1.1,1.2,2.3,0.3,0.0,1.0,3.5,C,7-0,230,24,0.0,0.0,1.0,1.0,0.0,0.0,1.0,1.0,1.0,0.0,7.0,4.0,12.0,6.0,0.0,0.0,0.0,0.0,0.0,0.0,0.0,0.0,0.0,0.0,,1.0,,1.0,0.0,0.5714285714285714,0.5,,,,,
146,189,19,Jovan Kljajic,BBB,23,4.3,0.4,1.6,0.27,0.1,0.5,0.167,0.3,0.4,0.8,0.3,0.6,0.1,0.5,0.7,0.2,0.3,0.0,1.3,SG,6-6,200,19,0.0,0.0,2.0,0.0,2.0,0.0,1.0,0.0,6.0,0.0,7.0,3.0,9.0,4.0,1.0,1.0,3.0,0.0,1.0,0.0,1.0,0.0,1.0,1.0,,0.0,0.0,0.0,0.0,0.42857142857142855,0.4444444444444444,1.0,0.0,0.0,0.0,1.0
147,190,19,Jovan Kljajic,BBB,23,4.3,0.4,1.6,0.27,0.1,0.5,0.167,0.3,0.4,0.8,0.3,0.6,0.1,0.5,0.7,0.2,0.3,0.0,1.3,SG,6-6,200,19,0.0,0.0,2.0,0.0,2.0,0.0,1.0,0.0,6.0,0.0,7.0,3.0,9.0,4.0,1.0,1.0,3.0,0.0,1.0,0.0,1.0,0.0,1.0,1.0,,0.0,0.0,0.0,0.0,0.42857142857142855,0.4444444444444444,1.0,0.0,0.0,0.0,1.0
148,193,8,Jovan Novak,MON,16,21.8,2.6,5.8,0.452,1.4,3.8,0.367,1.2,1.8,0.655,1.8,1.7,0.3,1.6,1.9,3.6,0.6,0.0,7.8,G,6-3,187,26,0.0,0.0,1.0,1.0,1.0,0.0,1.0,1.0,21.0,6.0,11.0,5.0,18.0,12.0,23.0,14.0,1.0,0.0,5.0,1.0,0.0,0.0,0.0,0.0,,1.0,0.0,1.0,0.2857142857142857,0.45454545454545453,0.6666666666666666,0.6086956521739131,0.0,0.2,,
149,194,7,Juan Vaulet,MAN,35,22.2,3.1,6.0,0.519,0.4,1.3,0.289,1.1,1.7,0.661,1.0,2.5,1.3,2.7,3.9,1.0,0.6,0.4,7.7,F,6-6,200,24,3.0,1.0,16.0,6.0,3.0,1.0,4.0,1.0,7.0,1.0,52.0,29.0,59.0,30.0,1.0,1.0,5.0,1.0,3.0,1.0,2.0,0.0,8.0,3.0,0.3333333333333333,0.375,0.3333333333333333,0.25,0.14285714285714285,0.5576923076923077,0.5084745762711864,1.0,0.2,0.3333333333333333,0.0,0.375
150,196,12,Julen Olaizola,GBC,29,8.9,0.7,1.5,0.465,0.1,0.3,0.222,0.2,0.6,0.278,0.6,2.0,1.0,0.8,1.8,0.3,0.3,0.1,1.6,FC,6-7,218,27,1.0,0.0,1.0,0.0,0.0,0.0,0.0,0.0,2.0,1.0,19.0,9.0,12.0,7.0,3.0,1.0,0.0,0.0,1.0,0.0,0.0,0.0,0.0,0.0,0.0,0.0,,,0.5,0.47368421052631576,0.5833333333333334,0.3333333333333333,,0.0,,
151,198,7,Kartal Ozmizrak,OBR,15,19.5,2.4,5.7,0.424,1.3,3.6,0.37,1.5,1.6,0.917,1.4,2.9,0.0,1.5,1.5,2.1,0.7,0.1,7.6,PG,6-2,163,25,0.0,0.0,1.0,0.0,3.0,1.0,2.0,0.0,15.0,5.0,10.0,4.0,7.0,6.0,18.0,4.0,3.0,0.0,5.0,3.0,2.0,1.0,1.0,0.0,,0.0,0.3333333333333333,0.0,0.3333333333333333,0.4,0.8571428571428571,0.2222222222222222,0.0,0.6,0.5,0.0
152,199,1,Kassius Robertson,OBR,31,27.1,4.9,11.7,0.419,2.8,6.7,0.411,2.6,3.5,0.745,2.0,1.4,0.4,1.4,1.7,2.7,0.8,0.1,15.2,G,6-3,180,26,3.0,3.0,14.0,7.0,10.0,2.0,17.0,9.0,76.0,31.0,48.0,20.0,40.0,17.0,48.0,19.0,18.0,7.0,26.0,14.0,13.0,3.0,5.0,1.0,1.0,0.5,0.2,0.5294117647058824,0.40789473684210525,0.4166666666666667,0.425,0.3958333333333333,0.3888888888888889,0.5384615384615384,0.23076923076923078,0.2
153,200,6,Ken Horton,SPB,32,22.4,3.2,7.0,0.458,1.5,4.0,0.37,0.4,0.6,0.722,0.7,1.9,0.8,3.6,4.4,1.1,1.2,0.2,8.3,F,6-6,190,31,0.0,0.0,16.0,7.0,17.0,7.0,4.0,1.0,34.0,11.0,36.0,21.0,28.0,14.0,26.0,9.0,3.0,1.0,19.0,7.0,5.0,1.0,2.0,1.0,,0.4375,0.4117647058823529,0.25,0.3235294117647059,0.5833333333333334,0.5,0.34615384615384615,0.3333333333333333,0.3684210526315789,0.2,0.5
154,201,16,Khalifa Diop,GCN,24,8.7,1.1,2.0,0.551,0.0,0.0,0.0,0.8,1.7,0.5,0.5,1.7,1.1,1.1,2.2,0.2,0.2,0.5,3.1,FC,6-11,231,19,0.0,0.0,0.0,0.0,0.0,0.0,0.0,0.0,0.0,0.0,15.0,8.0,19.0,7.0,0.0,0.0,1.0,1.0,0.0,0.0,0.0,0.0,0.0,0.0,,,,,,0.5333333333333333,0.3684210526315789,,1.0,,,
155,202,2,Klemen Prepelic,VAL,32,20.5,3.6,7.8,0.458,1.6,4.6,0.34,2.7,2.8,0.955,1.7,2.0,0.3,1.5,1.8,2.7,0.7,0.0,11.4,SG,6-3,170,28,1.0,0.0,9.0,5.0,8.0,5.0,12.0,6.0,49.0,16.0,44.0,30.0,39.0,25.0,38.0,9.0,1.0,0.0,17.0,7.0,7.0,1.0,4.0,2.0,0.0,0.5555555555555556,0.625,0.5,0.32653061224489793,0.6818181818181818,0.6410256410256411,0.23684210526315788,0.0,0.4117647058823529,0.14285714285714285,0.5
156,204,10,"Kwan Cheatham, Jr.",MON,16,18.7,2.2,5.4,0.414,1.4,3.4,0.4,0.4,0.5,0.875,0.5,1.7,0.6,2.2,2.8,0.4,0.6,0.2,6.3,F,6-10,235,25,0.0,0.0,3.0,1.0,7.0,2.0,6.0,1.0,21.0,5.0,13.0,9.0,10.0,2.0,8.0,4.0,1.0,0.0,6.0,5.0,3.0,1.0,2.0,2.0,,0.3333333333333333,0.2857142857142857,0.16666666666666666,0.23809523809523808,0.6923076923076923,0.2,0.5,0.0,0.8333333333333334,0.3333333333333333,1.0
157,205,6,Kyle Alexander,MON,22,22.0,3.7,6.2,0.603,0.3,0.6,0.462,1.6,2.4,0.66,1.3,2.6,2.8,3.8,6.5,0.4,0.5,1.1,9.3,PF,6-10,216,24,0.0,0.0,3.0,0.0,0.0,0.0,9.0,6.0,5.0,2.0,46.0,22.0,35.0,22.0,5.0,2.0,3.0,2.0,1.0,1.0,0.0,0.0,1.0,0.0,,0.0,,0.6666666666666666,0.4,0.4782608695652174,0.6285714285714286,0.4,0.6666666666666666,1.0,,0.0
158,206,5,Kyle Kuric,FCB,30,17.4,2.9,5.6,0.515,1.4,3.1,0.441,1.6,1.7,0.904,0.7,1.1,0.5,1.1,1.7,0.6,0.6,0.1,8.7,SG,6-4,195,31,4.0,2.0,9.0,5.0,6.0,2.0,15.0,7.0,28.0,13.0,22.0,11.0,22.0,16.0,33.0,14.0,12.0,8.0,6.0,2.0,5.0,3.0,1.0,0.0,0.5,0.5555555555555556,0.3333333333333333,0.4666666666666667,0.4642857142857143,0.5,0.7272727272727273,0.42424242424242425,0.6666666666666666,0.3333333333333333,0.6,0.0
159,207,8,Laurynas Beliauskas,OBR,34,18.5,2.6,6.3,0.413,1.3,4.0,0.324,0.8,1.1,0.737,1.1,1.6,0.3,1.2,1.5,1.6,0.6,0.1,7.3,G,6-4,175,23,0.0,0.0,11.0,4.0,8.0,2.0,15.0,8.0,31.0,9.0,27.0,14.0,18.0,10.0,37.0,12.0,9.0,7.0,12.0,4.0,9.0,2.0,6.0,1.0,,0.36363636363636365,0.25,0.5333333333333333,0.2903225806451613,0.5185185185185185,0.5555555555555556,0.32432432432432434,0.7777777777777778,0.3333333333333333,0.2222222222222222,0.16666666666666666
160,208,2,Laurynas Birutis,OBR,30,20.5,3.7,6.2,0.597,0.0,0.0,0.0,3.0,4.2,0.714,1.6,1.9,1.8,3.4,5.2,0.6,0.5,0.8,10.4,C,7-1,242,23,0.0,0.0,2.0,0.0,0.0,0.0,0.0,0.0,0.0,0.0,64.0,33.0,78.0,42.0,0.0,0.0,0.0,0.0,0.0,0.0,1.0,0.0,0.0,0.0,,0.0,,,,0.515625,0.5384615384615384,,,,0.0,
161,209,12,Leandro Bolmaro,FCB,31,15.2,1.9,3.8,0.508,0.7,1.5,0.457,1.5,1.7,0.885,1.2,1.5,0.4,1.0,1.4,1.8,0.8,0.2,6.0,SG,6-7,182,20,2.0,1.0,9.0,5.0,1.0,1.0,4.0,2.0,7.0,5.0,19.0,9.0,19.0,7.0,19.0,10.0,8.0,5.0,8.0,2.0,3.0,2.0,0.0,0.0,0.5,0.5555555555555556,1.0,0.5,0.7142857142857143,0.47368421052631576,0.3684210526315789,0.5263157894736842,0.625,0.25,0.6666666666666666,
162,210,14,Leo Westermann,FCB,15,15.2,1.4,3.9,0.356,0.8,2.4,0.333,0.3,0.4,0.667,1.3,1.7,0.3,1.1,1.4,2.9,0.3,0.0,3.9,SF,6-6,197,28,1.0,0.0,1.0,1.0,1.0,0.0,4.0,2.0,12.0,5.0,11.0,7.0,3.0,0.0,14.0,4.0,4.0,0.0,1.0,0.0,2.0,0.0,0.0,0.0,0.0,1.0,0.0,0.5,0.4166666666666667,0.6363636363636364,0.0,0.2857142857142857,0.0,0.0,0.0,
163,211,2,Leonardo Meindl,MON,34,25.8,4.1,9.3,0.445,0.6,2.4,0.263,2.2,3.3,0.67,1.8,2.8,2.1,3.8,5.8,1.6,1.5,0.1,11.1,SF,6-7,200,27,3.0,1.0,10.0,2.0,7.0,1.0,8.0,2.0,22.0,9.0,92.0,41.0,95.0,53.0,19.0,4.0,10.0,4.0,10.0,3.0,7.0,0.0,4.0,0.0,0.3333333333333333,0.2,0.14285714285714285,0.25,0.4090909090909091,0.44565217391304346,0.5578947368421052,0.21052631578947367,0.4,0.3,0.0,0.0
164,213,5,Louis Labeyrie,VAL,29,23.4,3.4,5.6,0.621,1.1,2.2,0.492,1.2,1.7,0.714,0.8,0.7,1.2,3.8,5.0,0.6,0.6,0.4,9.2,PF,6-10,200,29,0.0,0.0,15.0,7.0,3.0,2.0,3.0,1.0,8.0,4.0,25.0,19.0,30.0,19.0,23.0,9.0,1.0,0.0,6.0,3.0,9.0,8.0,3.0,2.0,,0.4666666666666667,0.6666666666666666,0.3333333333333333,0.5,0.76,0.6333333333333333,0.391304347826087,0.0,0.5,0.8888888888888888,0.6666666666666666
165,214,3,Luca Vildoza,CAJ,27,23.5,3.6,8.6,0.42,1.6,4.5,0.355,2.1,2.6,0.829,2.3,1.4,0.3,1.4,1.7,3.7,1.6,0.1,10.9,PG,6-3,190,25,1.0,1.0,18.0,5.0,4.0,1.0,11.0,3.0,39.0,14.0,28.0,16.0,41.0,22.0,41.0,16.0,14.0,7.0,8.0,2.0,6.0,2.0,3.0,0.0,1.0,0.2777777777777778,0.25,0.2727272727272727,0.358974358974359,0.5714285714285714,0.5365853658536586,0.3902439024390244,0.5,0.25,0.3333333333333333,0.0
166,215,6,Lucas Faggiano,GBC,34,24.2,2.9,7.0,0.408,1.0,2.6,0.367,1.0,1.4,0.688,1.8,2.2,0.4,1.7,2.1,3.5,1.0,0.1,7.6,G,6-2,185,31,1.0,1.0,5.0,1.0,6.0,2.0,18.0,5.0,25.0,12.0,51.0,27.0,48.0,26.0,40.0,11.0,10.0,1.0,8.0,4.0,4.0,0.0,0.0,0.0,1.0,0.2,0.3333333333333333,0.2777777777777778,0.48,0.5294117647058824,0.5416666666666666,0.275,0.1,0.5,0.0,
167,216,7,Ludde Hakanson,BBB,24,21.9,2.8,7.3,0.383,1.2,3.4,0.346,1.0,1.2,0.821,2.0,1.9,0.4,1.6,2.0,3.1,0.7,0.2,7.7,PG,6-3,184,24,1.0,1.0,5.0,0.0,0.0,0.0,10.0,7.0,31.0,14.0,27.0,9.0,25.0,11.0,32.0,5.0,9.0,3.0,2.0,0.0,9.0,5.0,0.0,0.0,1.0,0.0,,0.7,0.45161290322580644,0.3333333333333333,0.44,0.15625,0.3333333333333333,0.0,0.5555555555555556,
168,218,3,Makai Mason,MAN,28,21.3,3.7,10.0,0.373,1.4,4.8,0.296,1.8,2.2,0.836,1.8,2.5,0.2,0.9,1.1,2.2,0.5,0.1,10.7,G,6-1,185,25,1.0,0.0,10.0,5.0,9.0,2.0,9.0,3.0,42.0,11.0,37.0,19.0,62.0,30.0,48.0,14.0,7.0,2.0,13.0,4.0,11.0,4.0,2.0,1.0,0.0,0.5,0.2222222222222222,0.3333333333333333,0.2619047619047619,0.5135135135135135,0.4838709677419355,0.2916666666666667,0.2857142857142857,0.3076923076923077,0.36363636363636365,0.5
169,219,11,Maksim Salash,SPB,18,9.4,1.3,3.1,0.429,0.1,1.2,0.091,0.3,0.6,0.545,0.2,0.8,0.4,1.4,1.8,0.3,0.2,0.2,3.1,PF,6-9,220,24,0.0,0.0,1.0,0.0,0.0,0.0,0.0,0.0,7.0,1.0,13.0,8.0,13.0,7.0,7.0,1.0,0.0,0.0,3.0,0.0,0.0,0.0,1.0,0.0,,0.0,,,0.14285714285714285,0.6153846153846154,0.5384615384615384,0.14285714285714285,,0.0,,0.0
170,220,8,Malcolm Thomas,UNI,12,19.9,2.7,4.7,0.571,0.0,0.2,0.0,1.4,1.7,0.85,0.9,3.0,2.2,2.8,5.1,1.2,0.7,0.8,6.8,F,6-9,225,32,0.0,0.0,0.0,0.0,0.0,0.0,0.0,0.0,0.0,0.0,24.0,15.0,18.0,7.0,1.0,0.0,2.0,1.0,0.0,0.0,0.0,0.0,0.0,0.0,,,,,,0.625,0.3888888888888889,0.0,0.5,,,
171,221,9,Malik Dime,AND,18,13.5,2.2,3.8,0.565,0.0,0.1,0.0,1.4,1.9,0.714,1.2,2.4,1.3,1.9,3.2,0.1,0.6,1.8,5.7,PF,6-9,220,28,0.0,0.0,1.0,0.0,0.0,0.0,1.0,1.0,0.0,0.0,18.0,7.0,18.0,10.0,0.0,0.0,1.0,0.0,0.0,0.0,0.0,0.0,0.0,0.0,,0.0,,1.0,,0.3888888888888889,0.5555555555555556,,0.0,,,
172,222,10,Mamadou Niang,BETIS,13,13.4,1.8,2.8,0.649,0.0,0.1,0.0,0.5,1.5,0.35,0.8,1.5,1.1,2.2,3.3,0.5,0.2,0.3,4.2,C,6-10,235,27,0.0,0.0,0.0,0.0,0.0,0.0,0.0,0.0,1.0,0.0,15.0,8.0,15.0,11.0,0.0,0.0,0.0,0.0,0.0,0.0,0.0,0.0,0.0,0.0,,,,,0.0,0.5333333333333333,0.7333333333333333,,,,,
173,223,4,Marc Garcia,MON,25,18.5,3.3,7.8,0.428,1.3,3.3,0.39,2.4,2.8,0.843,1.2,1.4,0.6,1.4,2.1,0.7,0.6,0.1,10.3,GF,6-6,180,24,3.0,0.0,9.0,4.0,7.0,4.0,2.0,1.0,26.0,5.0,45.0,23.0,46.0,18.0,23.0,10.0,5.0,4.0,10.0,5.0,4.0,2.0,4.0,3.0,0.0,0.4444444444444444,0.5714285714285714,0.5,0.19230769230769232,0.5111111111111111,0.391304347826087,0.43478260869565216,0.8,0.5,0.5,0.75
174,225,2,Marcelinho Huertas,CAN,33,25.7,5.5,10.6,0.519,1.2,2.6,0.437,2.1,2.2,0.919,2.6,1.5,0.4,1.6,2.0,6.2,0.7,0.0,14.2,PG,6-3,200,37,0.0,0.0,21.0,10.0,5.0,1.0,41.0,18.0,24.0,14.0,61.0,32.0,69.0,43.0,34.0,15.0,33.0,19.0,6.0,3.0,10.0,3.0,2.0,0.0,,0.47619047619047616,0.2,0.43902439024390244,0.5833333333333334,0.5245901639344263,0.6231884057971014,0.4411764705882353,0.5757575757575758,0.5,0.3,0.0
175,227,15,Marques Townes,MUR,19,9.1,0.7,2.2,0.341,0.1,0.4,0.25,0.1,0.3,0.4,0.3,0.8,0.1,0.5,0.6,0.6,0.4,0.0,1.7,G,6-4,208,25,0.0,0.0,1.0,0.0,0.0,0.0,2.0,1.0,3.0,1.0,8.0,3.0,15.0,6.0,3.0,1.0,2.0,0.0,1.0,0.0,1.0,1.0,0.0,0.0,,0.0,,0.5,0.3333333333333333,0.375,0.4,0.3333333333333333,0.0,0.0,1.0,
176,229,8,Martin Hermannsson,VAL,30,16.9,2.5,5.8,0.431,0.8,2.1,0.381,1.6,1.7,0.923,1.4,2.2,0.3,1.1,1.4,2.8,0.6,0.0,7.4,G,6-3,170,26,0.0,0.0,6.0,1.0,2.0,1.0,11.0,5.0,21.0,9.0,34.0,16.0,54.0,26.0,22.0,7.0,6.0,3.0,5.0,2.0,1.0,0.0,0.0,0.0,,0.16666666666666666,0.5,0.45454545454545453,0.42857142857142855,0.47058823529411764,0.48148148148148145,0.3181818181818182,0.5,0.4,0.0,
177,231,11,Martynas Sajus,MAN,29,11.3,2.4,3.8,0.627,0.0,0.0,0.0,1.7,2.1,0.787,1.1,1.9,1.4,1.7,3.2,0.4,0.1,0.2,6.4,C,6-8,247,25,0.0,0.0,0.0,0.0,0.0,0.0,7.0,4.0,0.0,0.0,38.0,24.0,41.0,27.0,0.0,0.0,10.0,3.0,0.0,0.0,2.0,1.0,0.0,0.0,,,,0.5714285714285714,,0.631578947368421,0.6585365853658537,,0.3,,0.5,
178,232,2,Matt Costello,GCN,27,23.4,4.9,9.8,0.496,1.3,3.4,0.376,1.4,1.9,0.712,1.3,2.9,2.0,3.8,5.8,1.3,0.4,1.1,12.4,C,6-9,245,27,0.0,0.0,5.0,4.0,8.0,3.0,5.0,2.0,31.0,8.0,62.0,33.0,62.0,29.0,26.0,12.0,1.0,0.0,7.0,1.0,5.0,2.0,1.0,1.0,,0.8,0.375,0.4,0.25806451612903225,0.532258064516129,0.46774193548387094,0.46153846153846156,0.0,0.14285714285714285,0.4,1.0
179,233,4,Matt Janning,MAN,14,24.4,3.4,8.4,0.407,2.5,6.2,0.402,0.8,0.9,0.846,1.0,1.4,0.3,2.0,2.3,2.1,0.5,0.1,10.1,GF,6-4,198,32,2.0,1.0,5.0,0.0,8.0,5.0,2.0,0.0,23.0,12.0,9.0,4.0,7.0,3.0,27.0,9.0,4.0,2.0,8.0,4.0,2.0,0.0,0.0,0.0,0.5,0.0,0.625,0.0,0.5217391304347826,0.4444444444444444,0.42857142857142855,0.3333333333333333,0.5,0.5,0.0,
180,234,1,Melo Trimble,MON,32,28.0,5.0,11.8,0.426,1.9,5.8,0.335,4.8,5.6,0.866,3.1,2.5,0.2,2.1,2.3,3.3,1.4,0.1,16.8,G,6-3,195,26,1.0,0.0,3.0,1.0,9.0,2.0,6.0,1.0,55.0,23.0,89.0,50.0,76.0,35.0,92.0,30.0,12.0,6.0,11.0,4.0,1.0,1.0,3.0,1.0,0.0,0.3333333333333333,0.2222222222222222,0.16666666666666666,0.41818181818181815,0.5617977528089888,0.4605263157894737,0.32608695652173914,0.5,0.36363636363636365,1.0,0.3333333333333333
181,237,8,Mike Carlson,GBC,17,16.2,2.4,5.4,0.435,0.8,2.8,0.298,0.4,0.8,0.538,0.6,2.1,0.8,1.5,2.3,0.6,0.5,0.2,5.9,PF,6-9,200,29,1.0,0.0,4.0,3.0,2.0,1.0,5.0,0.0,6.0,1.0,20.0,14.0,11.0,7.0,22.0,8.0,0.0,0.0,8.0,2.0,2.0,1.0,1.0,0.0,0.0,0.75,0.5,0.0,0.16666666666666666,0.7,0.6363636363636364,0.36363636363636365,,0.25,0.5,0.0
182,238,3,Mike Daum,OBR,28,21.2,3.5,8.0,0.44,1.2,3.4,0.372,1.7,2.1,0.797,1.4,2.4,1.2,3.1,4.4,0.5,0.6,0.2,10.0,F,6-9,235,25,0.0,0.0,14.0,7.0,4.0,1.0,3.0,2.0,26.0,8.0,40.0,19.0,41.0,21.0,21.0,6.0,5.0,1.0,10.0,5.0,9.0,3.0,2.0,1.0,,0.5,0.25,0.6666666666666666,0.3076923076923077,0.475,0.5121951219512195,0.2857142857142857,0.2,0.5,0.3333333333333333,0.5
183,239,3,Mike Tobey,VAL,33,18.7,4.1,6.6,0.624,0.8,1.9,0.403,0.9,1.3,0.714,1.0,1.8,1.3,3.3,4.6,0.9,0.4,0.4,9.9,C,7-0,260,26,0.0,0.0,5.0,3.0,1.0,0.0,2.0,1.0,27.0,8.0,39.0,24.0,40.0,24.0,27.0,12.0,1.0,0.0,2.0,2.0,3.0,1.0,0.0,0.0,,0.6,0.0,0.5,0.2962962962962963,0.6153846153846154,0.6,0.4444444444444444,0.0,1.0,0.3333333333333333,
184,240,15,Mike Torres,BETIS,28,6.7,0.4,1.7,0.255,0.2,0.8,0.238,0.8,0.8,0.913,0.7,1.1,0.1,0.6,0.8,0.6,0.2,0.0,1.8,PG,6-2,176,26,0.0,0.0,4.0,3.0,1.0,1.0,2.0,0.0,4.0,2.0,9.0,2.0,9.0,4.0,4.0,0.0,3.0,0.0,5.0,0.0,1.0,0.0,2.0,0.0,,0.75,1.0,0.0,0.5,0.2222222222222222,0.4444444444444444,0.0,0.0,0.0,0.0,0.0
185,241,13,Mikel Motos,GBC,17,5.0,0.4,1.7,0.241,0.1,0.5,0.111,0.2,0.4,0.667,0.4,0.8,0.3,0.8,1.1,0.4,0.1,0.1,1.1,SG,6-4,187,28,0.0,0.0,0.0,0.0,1.0,1.0,3.0,0.0,5.0,0.0,10.0,4.0,4.0,0.0,0.0,0.0,1.0,1.0,0.0,0.0,0.0,0.0,1.0,0.0,,,1.0,0.0,0.0,0.4,0.0,,1.0,,,0.0
186,243,9,Miquel Salvo,SPB,32,14.9,1.6,3.5,0.446,0.6,1.7,0.345,0.8,1.0,0.774,0.4,1.8,0.6,1.5,2.1,0.4,0.5,0.1,4.5,F,6-9,198,26,2.0,0.0,6.0,4.0,12.0,6.0,2.0,2.0,8.0,3.0,21.0,12.0,28.0,15.0,8.0,3.0,1.0,0.0,11.0,1.0,2.0,0.0,1.0,0.0,0.0,0.6666666666666666,0.5,1.0,0.375,0.5714285714285714,0.5357142857142857,0.375,0.0,0.09090909090909091,0.0,0.0
187,244,13,Moses Kingsley,BBB,8,11.3,1.8,4.4,0.4,0.4,1.1,0.333,0.5,0.6,0.8,1.0,1.2,1.1,1.2,2.4,0.2,0.1,0.6,4.4,PF,6-10,230,26,0.0,0.0,3.0,1.0,0.0,0.0,0.0,0.0,3.0,1.0,6.0,2.0,14.0,6.0,3.0,1.0,2.0,1.0,1.0,0.0,0.0,0.0,0.0,0.0,,0.3333333333333333,,,0.3333333333333333,0.3333333333333333,0.42857142857142855,0.3333333333333333,0.5,0.0,,
188,246,13,Nacho Llovet,AND,24,15.8,1.6,3.2,0.506,0.1,0.5,0.182,0.7,0.9,0.727,0.4,1.8,1.5,2.2,3.8,0.9,0.5,0.2,4.0,FC,6-8,225,29,2.0,0.0,2.0,1.0,0.0,0.0,0.0,0.0,2.0,1.0,33.0,19.0,26.0,13.0,3.0,0.0,0.0,0.0,2.0,1.0,1.0,1.0,0.0,0.0,0.0,0.5,,,0.5,0.5757575757575758,0.5,0.0,,0.5,1.0,
189,248,10,Nemanja Djurisic,EST,33,17.9,2.4,5.3,0.454,0.8,2.4,0.35,0.5,0.7,0.708,1.0,2.1,0.9,2.4,3.2,0.8,0.4,0.2,6.2,F,6-8,230,29,2.0,1.0,7.0,4.0,6.0,1.0,1.0,0.0,20.0,9.0,34.0,17.0,37.0,22.0,17.0,5.0,0.0,0.0,10.0,1.0,7.0,2.0,6.0,2.0,0.5,0.5714285714285714,0.16666666666666666,0.0,0.45,0.5,0.5945945945945946,0.29411764705882354,,0.1,0.2857142857142857,0.3333333333333333
190,249,5,Nemanja Radovic,MUR,34,20.4,4.1,7.9,0.515,0.4,1.7,0.259,1.4,2.3,0.615,1.3,2.1,1.9,2.9,4.8,0.6,0.6,0.4,10.0,PF,6-8,215,29,1.0,0.0,12.0,4.0,4.0,2.0,3.0,2.0,21.0,6.0,82.0,52.0,88.0,52.0,15.0,5.0,5.0,1.0,7.0,1.0,5.0,3.0,1.0,0.0,0.0,0.3333333333333333,0.5,0.6666666666666666,0.2857142857142857,0.6341463414634146,0.5909090909090909,0.3333333333333333,0.2,0.14285714285714285,0.6,0.0
191,250,3,Nenad Dimitrijevic,JOV,31,20.3,4.0,8.8,0.454,0.8,2.8,0.273,1.7,2.3,0.743,2.5,2.0,0.3,1.2,1.5,3.5,0.6,0.1,10.5,PG,6-1,174,23,0.0,0.0,11.0,3.0,4.0,2.0,6.0,2.0,30.0,9.0,74.0,41.0,69.0,41.0,23.0,4.0,5.0,2.0,5.0,1.0,11.0,6.0,2.0,0.0,,0.2727272727272727,0.5,0.3333333333333333,0.3,0.5540540540540541,0.5942028985507246,0.17391304347826086,0.4,0.2,0.5454545454545454,0.0
192,251,3,Nenad Dimitrijevic,JOV,31,20.3,4.0,8.8,0.454,0.8,2.8,0.273,1.7,2.3,0.743,2.5,2.0,0.3,1.2,1.5,3.5,0.6,0.1,10.5,PG,6-1,174,23,0.0,0.0,11.0,3.0,4.0,2.0,6.0,2.0,30.0,9.0,74.0,41.0,69.0,41.0,23.0,4.0,5.0,2.0,5.0,1.0,11.0,6.0,2.0,0.0,,0.2727272727272727,0.5,0.3333333333333333,0.3,0.5540540540540541,0.5942028985507246,0.17391304347826086,0.4,0.2,0.5454545454545454,0.0
193,252,6,Nicholas Kay,BETIS,34,27.2,3.2,6.6,0.482,0.5,1.8,0.29,1.1,1.4,0.83,0.7,1.6,2.2,3.4,5.7,1.2,1.0,0.3,8.1,F,6-9,230,28,1.0,1.0,11.0,1.0,2.0,1.0,6.0,2.0,21.0,7.0,61.0,38.0,70.0,37.0,17.0,4.0,4.0,2.0,4.0,2.0,11.0,2.0,1.0,1.0,1.0,0.09090909090909091,0.5,0.3333333333333333,0.3333333333333333,0.6229508196721312,0.5285714285714286,0.23529411764705882,0.5,0.5,0.18181818181818182,1.0
194,253,8,Nick Calathes,FCB,32,19.5,3.2,6.7,0.472,0.8,2.1,0.403,0.6,1.0,0.576,1.8,2.3,0.6,2.4,2.9,5.3,1.1,0.1,7.8,PG,6-6,213,32,1.0,0.0,5.0,3.0,0.0,0.0,10.0,4.0,23.0,10.0,50.0,27.0,70.0,36.0,27.0,11.0,6.0,2.0,1.0,1.0,5.0,1.0,3.0,0.0,0.0,0.6,,0.4,0.43478260869565216,0.54,0.5142857142857142,0.4074074074074074,0.3333333333333333,1.0,0.2,0.0
195,254,13,Nick Spires,BETIS,21,10.1,1.3,3.0,0.429,0.2,0.8,0.235,0.3,0.5,0.7,0.5,1.6,1.0,1.4,2.3,0.5,0.2,0.4,3.1,F,6-9,215,27,0.0,0.0,2.0,2.0,1.0,1.0,1.0,0.0,8.0,0.0,19.0,8.0,13.0,8.0,3.0,0.0,0.0,0.0,3.0,2.0,1.0,0.0,0.0,0.0,,1.0,1.0,0.0,0.0,0.42105263157894735,0.6153846153846154,0.0,,0.6666666666666666,0.0,
196,255,4,Nicolas Brussino,ZAR,34,25.0,3.8,7.6,0.5,1.6,3.8,0.431,1.9,2.4,0.825,2.3,2.9,0.6,3.1,3.7,2.8,1.2,0.1,11.2,G,6-8,195,27,1.0,1.0,17.0,7.0,12.0,8.0,7.0,3.0,37.0,20.0,39.0,16.0,43.0,28.0,34.0,8.0,4.0,2.0,12.0,4.0,3.0,1.0,4.0,3.0,1.0,0.4117647058823529,0.6666666666666666,0.42857142857142855,0.5405405405405406,0.41025641025641024,0.6511627906976745,0.23529411764705882,0.5,0.3333333333333333,0.3333333333333333,0.75
197,256,9,Nicolas Laprovittola,RMB,29,20.5,3.0,6.8,0.449,1.8,4.3,0.427,1.5,1.7,0.86,1.5,1.9,0.2,2.3,2.5,3.8,0.4,0.0,9.4,PG,6-4,180,31,2.0,1.0,3.0,3.0,5.0,1.0,4.0,3.0,46.0,20.0,26.0,11.0,25.0,14.0,41.0,17.0,4.0,1.0,3.0,1.0,2.0,1.0,3.0,2.0,0.5,1.0,0.2,0.75,0.43478260869565216,0.4230769230769231,0.56,0.4146341463414634,0.25,0.3333333333333333,0.5,0.6666666666666666
198,257,4,Nikola Kalinic,VAL,33,22.9,3.4,6.2,0.541,0.7,1.8,0.39,2.2,2.7,0.807,1.3,2.3,0.9,2.7,3.6,2.8,0.8,0.2,9.6,F,6-8,222,29,0.0,0.0,10.0,5.0,1.0,1.0,4.0,1.0,18.0,8.0,62.0,38.0,50.0,32.0,14.0,3.0,7.0,5.0,3.0,1.0,8.0,4.0,1.0,0.0,,0.5,1.0,0.25,0.4444444444444444,0.6129032258064516,0.64,0.21428571428571427,0.7142857142857143,0.3333333333333333,0.5,0.0
199,258,1,Nikola Mirotic,FCB,28,20.9,5.1,8.6,0.6,1.8,3.7,0.485,2.7,3.3,0.806,1.6,1.5,1.0,4.1,5.0,0.8,0.9,0.5,14.8,F,6-10,250,30,2.0,0.0,15.0,8.0,4.0,2.0,5.0,2.0,28.0,17.0,53.0,37.0,54.0,38.0,26.0,9.0,4.0,2.0,17.0,9.0,6.0,4.0,3.0,2.0,0.0,0.5333333333333333,0.5,0.4,0.6071428571428571,0.6981132075471698,0.7037037037037037,0.34615384615384615,0.5,0.5294117647058824,0.6666666666666666,0.6666666666666666
200,261,5,Obi Emegano,MON,33,24.2,3.7,9.1,0.405,0.9,3.1,0.294,1.5,2.1,0.7,1.2,2.4,0.8,2.0,2.8,1.2,1.2,0.0,9.8,GF,6-3,215,27,1.0,1.0,11.0,3.0,18.0,6.0,30.0,11.0,25.0,7.0,65.0,31.0,48.0,25.0,23.0,4.0,15.0,5.0,17.0,6.0,12.0,5.0,6.0,2.0,1.0,0.2727272727272727,0.3333333333333333,0.36666666666666664,0.28,0.47692307692307695,0.5208333333333334,0.17391304347826086,0.3333333333333333,0.35294117647058826,0.4166666666666667,0.3333333333333333
201,262,11,Obi Enechionyia,BETIS,15,11.4,1.1,3.1,0.34,0.6,2.1,0.281,0.7,0.9,0.786,1.1,1.8,0.8,1.6,2.4,0.3,0.7,0.6,3.5,FC,6-10,220,25,4.0,1.0,3.0,1.0,5.0,2.0,0.0,0.0,6.0,2.0,7.0,2.0,5.0,3.0,6.0,1.0,0.0,0.0,6.0,1.0,2.0,0.0,1.0,1.0,0.25,0.3333333333333333,0.4,,0.3333333333333333,0.2857142857142857,0.6,0.16666666666666666,,0.16666666666666666,0.0,1.0
202,263,15,Olek Balcerowski,GCN,28,11.6,2.0,3.5,0.577,0.2,0.5,0.429,1.0,1.6,0.609,1.1,2.6,0.9,1.5,2.4,0.5,0.2,0.6,5.2,C,7-1,230,20,0.0,0.0,0.0,0.0,0.0,0.0,2.0,1.0,6.0,2.0,35.0,18.0,22.0,12.0,7.0,4.0,1.0,0.0,0.0,0.0,0.0,0.0,0.0,0.0,,,,0.5,0.3333333333333333,0.5142857142857142,0.5454545454545454,0.5714285714285714,0.0,,,
203,266,13,Oliver Stevic,GCN,23,13.5,2.2,3.0,0.714,0.0,0.0,0.0,1.3,1.8,0.738,0.7,2.1,1.1,1.5,2.6,0.5,0.5,0.1,5.7,FC,6-10,220,37,0.0,0.0,2.0,0.0,0.0,0.0,3.0,1.0,0.0,0.0,44.0,26.0,48.0,37.0,0.0,0.0,1.0,0.0,0.0,0.0,2.0,1.0,0.0,0.0,,0.0,,0.3333333333333333,,0.5909090909090909,0.7708333333333334,,0.0,,0.5,
204,267,13,Oliver Stevic,GCN,23,13.5,2.2,3.0,0.714,0.0,0.0,0.0,1.3,1.8,0.738,0.7,2.1,1.1,1.5,2.6,0.5,0.5,0.1,5.7,FC,6-10,220,37,0.0,0.0,2.0,0.0,0.0,0.0,3.0,1.0,0.0,0.0,44.0,26.0,48.0,37.0,0.0,0.0,1.0,0.0,0.0,0.0,2.0,1.0,0.0,0.0,,0.0,,0.3333333333333333,,0.5909090909090909,0.7708333333333334,,0.0,,0.5,
205,269,8,Omar Cook,SPB,32,22.1,1.5,4.5,0.338,1.2,3.3,0.346,0.7,0.9,0.724,1.6,2.4,0.2,1.2,1.4,5.8,1.2,0.0,4.9,PG,6-2,190,39,0.0,0.0,4.0,0.0,5.0,2.0,8.0,2.0,30.0,14.0,13.0,5.0,10.0,4.0,46.0,13.0,6.0,1.0,7.0,4.0,1.0,0.0,2.0,1.0,,0.0,0.4,0.25,0.4666666666666667,0.38461538461538464,0.4,0.2826086956521739,0.16666666666666666,0.5714285714285714,0.0,0.5
206,270,3,Ondrej Balvin,BBB,23,25.2,4.5,6.9,0.658,0.0,0.0,0.0,2.7,3.7,0.733,2.2,2.3,3.2,5.3,8.5,1.4,0.4,1.3,11.8,C,7-1,215,28,0.0,0.0,1.0,1.0,0.0,0.0,3.0,1.0,0.0,0.0,40.0,22.0,42.0,19.0,0.0,0.0,2.0,2.0,0.0,0.0,3.0,1.0,0.0,0.0,,1.0,,0.3333333333333333,,0.55,0.4523809523809524,,1.0,,0.3333333333333333,
207,271,7,Oriol Pauli,AND,33,21.8,2.7,6.2,0.427,0.5,2.3,0.227,1.5,1.9,0.778,1.5,1.9,0.8,3.1,3.9,2.1,0.7,0.2,7.3,GF,6-7,185,26,2.0,1.0,4.0,1.0,7.0,2.0,1.0,0.0,22.0,2.0,43.0,26.0,60.0,30.0,22.0,8.0,3.0,1.0,12.0,3.0,1.0,0.0,1.0,0.0,0.5,0.25,0.2857142857142857,0.0,0.09090909090909091,0.6046511627906976,0.5,0.36363636363636365,0.3333333333333333,0.25,0.0,0.0
208,273,12,Pablo Almazan,BETIS,32,19.3,1.0,3.2,0.298,0.5,1.7,0.291,0.9,1.1,0.8,0.8,1.9,0.8,2.0,2.8,1.1,0.8,0.1,3.3,SF,6-5,190,32,0.0,0.0,5.0,4.0,7.0,3.0,4.0,1.0,13.0,6.0,19.0,5.0,16.0,8.0,8.0,1.0,7.0,1.0,14.0,0.0,4.0,1.0,1.0,0.0,,0.8,0.42857142857142855,0.25,0.46153846153846156,0.2631578947368421,0.5,0.125,0.14285714285714285,0.0,0.25,0.0
209,276,4,Pau Ribas,JOV,28,23.7,3.5,8.2,0.432,2.0,4.5,0.437,1.4,1.6,0.848,1.9,1.5,0.4,1.2,1.6,4.0,0.6,0.1,10.4,SG,6-3,165,33,1.0,0.0,8.0,4.0,5.0,1.0,17.0,8.0,28.0,12.0,30.0,14.0,31.0,16.0,53.0,25.0,8.0,3.0,9.0,3.0,7.0,2.0,2.0,0.0,0.0,0.5,0.2,0.47058823529411764,0.42857142857142855,0.4666666666666667,0.5161290322580645,0.4716981132075472,0.375,0.3333333333333333,0.2857142857142857,0.0
210,277,9,Pepe Pozas,OBR,20,23.5,1.7,4.7,0.362,0.8,3.3,0.258,1.1,1.4,0.759,2.0,2.7,0.5,2.2,2.7,4.6,1.3,0.1,5.3,PG,6-0,187,28,1.0,0.0,5.0,0.0,6.0,3.0,1.0,0.0,16.0,7.0,18.0,13.0,6.0,2.0,18.0,3.0,1.0,0.0,4.0,2.0,2.0,1.0,3.0,0.0,0.0,0.0,0.5,0.0,0.4375,0.7222222222222222,0.3333333333333333,0.16666666666666666,0.0,0.5,0.5,0.0
211,278,5,Pere Tomas,GBC,32,25.5,2.9,7.1,0.41,1.5,4.2,0.351,0.8,1.0,0.818,0.9,1.8,1.6,3.3,4.8,1.0,0.7,0.0,8.1,SF,6-6,198,31,4.0,1.0,13.0,6.0,18.0,7.0,5.0,1.0,29.0,10.0,26.0,12.0,30.0,19.0,33.0,10.0,5.0,1.0,20.0,8.0,10.0,4.0,5.0,3.0,0.25,0.46153846153846156,0.3888888888888889,0.2,0.3448275862068966,0.46153846153846156,0.6333333333333333,0.30303030303030304,0.2,0.4,0.4,0.6
212,279,9,Peter Jok,MUR,22,16.0,2.5,5.4,0.458,1.0,2.5,0.426,0.6,0.7,0.875,0.9,2.0,0.3,1.8,2.1,0.3,0.5,0.1,6.6,G,6-6,205,26,0.0,0.0,11.0,4.0,5.0,4.0,15.0,6.0,17.0,6.0,7.0,7.0,18.0,10.0,14.0,8.0,12.0,3.0,9.0,2.0,6.0,2.0,4.0,2.0,,0.36363636363636365,0.8,0.4,0.35294117647058826,1.0,0.5555555555555556,0.5714285714285714,0.25,0.2222222222222222,0.3333333333333333,0.5
213,280,9,Pierre Oriola,FCB,34,15.9,2.7,4.5,0.604,0.2,0.4,0.5,0.9,1.5,0.558,1.1,2.1,1.4,2.2,3.6,0.6,0.3,0.2,6.5,PF,6-8,235,28,0.0,0.0,3.0,1.0,0.0,0.0,7.0,1.0,4.0,0.0,44.0,34.0,59.0,32.0,5.0,4.0,8.0,3.0,0.0,0.0,2.0,0.0,0.0,0.0,,0.3333333333333333,,0.14285714285714285,0.0,0.7727272727272727,0.5423728813559322,0.8,0.375,,0.0,
214,281,5,Pierria Henry,CAJ,34,24.8,3.7,7.7,0.479,0.8,1.9,0.394,1.9,2.4,0.815,2.4,1.9,0.4,2.3,2.6,5.3,1.5,0.2,10.1,G,6-5,197,28,1.0,0.0,3.0,2.0,4.0,0.0,20.0,6.0,29.0,14.0,59.0,31.0,68.0,40.0,17.0,6.0,18.0,9.0,3.0,2.0,5.0,1.0,1.0,0.0,0.0,0.6666666666666666,0.0,0.3,0.4827586206896552,0.5254237288135594,0.5882352941176471,0.35294117647058826,0.5,0.6666666666666666,0.2,0.0
215,282,14,Quentin Serron,BBB,20,16.6,1.9,4.2,0.452,0.5,1.6,0.273,0.1,0.1,1.0,0.8,2.2,0.4,1.2,1.6,0.9,0.6,0.1,4.3,SG,6-2,205,31,0.0,0.0,7.0,1.0,1.0,0.0,4.0,0.0,9.0,2.0,18.0,11.0,20.0,14.0,8.0,0.0,3.0,1.0,3.0,3.0,0.0,0.0,2.0,2.0,,0.14285714285714285,0.0,0.0,0.2222222222222222,0.6111111111111112,0.7,0.0,0.3333333333333333,1.0,,1.0
216,285,16,Rafa Luz,MUR,9,9.6,0.6,2.1,0.263,0.1,1.2,0.091,0.4,1.3,0.333,0.9,1.2,0.1,1.6,1.7,0.7,0.9,0.0,1.7,PG,6-3,202,29,0.0,0.0,0.0,0.0,0.0,0.0,1.0,0.0,5.0,0.0,3.0,1.0,4.0,3.0,2.0,1.0,0.0,0.0,1.0,0.0,0.0,0.0,0.0,0.0,,,,0.0,0.0,0.3333333333333333,0.75,0.5,,0.0,,
217,286,10,Rafa Martinez,MAN,35,14.9,2.1,4.5,0.465,1.3,2.9,0.447,0.9,1.1,0.821,0.9,1.4,0.2,1.1,1.3,1.0,0.5,0.0,6.5,SG,6-3,198,38,4.0,2.0,2.0,1.0,11.0,4.0,5.0,1.0,24.0,12.0,11.0,5.0,26.0,16.0,27.0,8.0,10.0,2.0,13.0,8.0,3.0,2.0,1.0,1.0,0.5,0.5,0.36363636363636365,0.2,0.5,0.45454545454545453,0.6153846153846154,0.2962962962962963,0.2,0.6153846153846154,0.6666666666666666,1.0
218,287,14,Rafael Garcia,OBR,17,2.9,0.1,0.5,0.25,0.0,0.1,0.0,0.2,0.4,0.667,0.4,0.4,0.1,0.4,0.5,0.5,0.1,0.0,0.5,G,6-1,-,20,0.0,0.0,0.0,0.0,0.0,0.0,0.0,0.0,0.0,0.0,3.0,0.0,4.0,2.0,1.0,0.0,0.0,0.0,0.0,0.0,0.0,0.0,0.0,0.0,,,,,,0.0,0.5,0.0,,,,
219,288,11,Rasheed Sulaimon,ZAR,26,20.2,2.6,6.3,0.406,1.0,2.7,0.352,1.2,1.6,0.78,1.2,2.2,0.3,1.7,1.9,2.1,0.5,0.1,7.3,SG,6-4,194,26,0.0,0.0,11.0,3.0,10.0,2.0,13.0,4.0,16.0,6.0,29.0,15.0,20.0,7.0,18.0,7.0,6.0,3.0,6.0,3.0,7.0,5.0,3.0,2.0,,0.2727272727272727,0.2,0.3076923076923077,0.375,0.5172413793103449,0.35,0.3888888888888889,0.5,0.5,0.7142857142857143,0.6666666666666666
220,289,8,Regimantas Miniotas,BBB,22,19.8,3.0,5.5,0.549,0.3,1.0,0.318,1.0,1.3,0.786,1.1,2.1,1.5,2.9,4.3,1.0,0.5,0.0,7.4,C,6-9,210,24,0.0,0.0,4.0,2.0,1.0,0.0,3.0,1.0,4.0,0.0,41.0,23.0,41.0,28.0,6.0,0.0,1.0,1.0,4.0,4.0,6.0,1.0,1.0,0.0,,0.5,0.0,0.3333333333333333,0.0,0.5609756097560976,0.6829268292682927,0.0,1.0,1.0,0.16666666666666666,0.0
221,290,18,Rinalds Malmanis,MUR,11,5.3,0.1,0.8,0.111,0.0,0.3,0.0,0.2,0.2,1.0,0.2,0.5,0.3,0.6,0.9,0.4,0.1,0.0,0.4,PF,6-9,210,24,0.0,0.0,0.0,0.0,2.0,0.0,0.0,0.0,0.0,0.0,4.0,1.0,1.0,0.0,0.0,0.0,0.0,0.0,0.0,0.0,0.0,0.0,0.0,0.0,,,0.0,,,0.25,0.0,,,,,
222,292,6,Robin Benzing,ZAR,34,20.7,3.2,8.1,0.39,1.5,4.4,0.338,2.4,3.0,0.802,1.0,2.1,0.4,2.1,2.5,0.7,0.8,0.4,10.2,SF,6-8,222,32,0.0,0.0,10.0,4.0,17.0,5.0,19.0,7.0,37.0,11.0,38.0,22.0,38.0,19.0,44.0,13.0,11.0,1.0,23.0,9.0,11.0,6.0,3.0,2.0,,0.4,0.29411764705882354,0.3684210526315789,0.2972972972972973,0.5789473684210527,0.5,0.29545454545454547,0.09090909090909091,0.391304347826087,0.5454545454545454,0.6666666666666666
223,294,13,Rodrigo San Miguel,ZAR,23,21.6,1.5,3.7,0.405,0.9,2.6,0.35,0.3,0.7,0.375,1.4,2.3,0.3,2.5,2.9,3.7,0.9,0.0,4.1,PG,6-3,194,36,0.0,0.0,1.0,0.0,4.0,1.0,0.0,0.0,14.0,6.0,8.0,5.0,8.0,4.0,18.0,4.0,0.0,0.0,7.0,1.0,4.0,2.0,4.0,3.0,,0.0,0.25,,0.42857142857142855,0.625,0.5,0.2222222222222222,,0.14285714285714285,0.5,0.75
224,296,1,Rokas Giedraitis,CAJ,34,30.0,4.6,9.7,0.473,1.9,4.9,0.389,2.4,2.9,0.835,1.0,1.7,0.9,2.3,3.3,1.6,1.3,0.1,13.5,SG,6-6,179,28,5.0,1.0,23.0,14.0,26.0,8.0,7.0,4.0,44.0,16.0,53.0,26.0,63.0,40.0,20.0,6.0,7.0,3.0,21.0,11.0,14.0,2.0,14.0,5.0,0.2,0.6086956521739131,0.3076923076923077,0.5714285714285714,0.36363636363636365,0.49056603773584906,0.6349206349206349,0.3,0.42857142857142855,0.5238095238095238,0.14285714285714285,0.35714285714285715
225,297,10,Rolands Smits,FCB,32,15.8,2.3,4.6,0.5,0.6,1.6,0.373,1.3,1.7,0.745,1.1,2.0,1.0,1.9,3.0,0.6,0.6,0.1,6.4,SF,6-10,235,25,1.0,0.0,7.0,4.0,9.0,1.0,3.0,2.0,11.0,3.0,36.0,18.0,43.0,24.0,7.0,3.0,1.0,0.0,6.0,4.0,4.0,2.0,2.0,0.0,0.0,0.5714285714285714,0.1111111111111111,0.6666666666666666,0.2727272727272727,0.5,0.5581395348837209,0.42857142857142855,0.0,0.6666666666666666,0.5,0.0
226,299,14,Ruben Guerrero,UNI,34,14.3,1.7,2.5,0.671,0.0,0.0,0.0,0.4,0.6,0.682,0.7,2.1,1.3,2.0,3.3,0.5,0.5,0.3,3.8,F,7-0,240,25,0.0,0.0,1.0,0.0,0.0,0.0,0.0,0.0,0.0,0.0,26.0,16.0,39.0,23.0,0.0,0.0,0.0,0.0,0.0,0.0,0.0,0.0,0.0,0.0,,0.0,,,,0.6153846153846154,0.5897435897435898,,,,,
227,301,11,Rudy Fernandez,RMB,19,13.7,2.3,5.2,0.449,1.9,4.2,0.45,0.6,1.0,0.632,0.6,0.8,0.3,1.7,2.0,1.1,0.8,0.2,7.2,SG,6-6,185,35,0.0,0.0,3.0,1.0,3.0,2.0,3.0,1.0,31.0,16.0,6.0,2.0,8.0,4.0,24.0,10.0,0.0,0.0,5.0,2.0,0.0,0.0,0.0,0.0,,0.3333333333333333,0.6666666666666666,0.3333333333333333,0.5161290322580645,0.3333333333333333,0.5,0.4166666666666667,,0.4,,
228,303,12,Sadiel Rojas,MUR,34,21.8,1.9,4.3,0.429,0.6,1.9,0.333,1.1,1.6,0.722,1.2,3.0,1.6,2.6,4.2,0.8,0.9,0.1,5.5,GF,6-4,190,31,1.0,0.0,15.0,4.0,11.0,6.0,3.0,0.0,13.0,5.0,25.0,11.0,36.0,22.0,5.0,4.0,1.0,0.0,11.0,2.0,8.0,2.0,2.0,0.0,0.0,0.26666666666666666,0.5454545454545454,0.0,0.38461538461538464,0.44,0.6111111111111112,0.8,0.0,0.18181818181818182,0.25,0.0
229,305,7,Sam Van Rossom,VAL,31,21.3,2.7,5.4,0.506,1.5,3.2,0.459,1.2,1.3,0.925,1.5,1.3,0.1,1.3,1.4,3.6,0.7,0.1,8.1,PG,6-2,180,34,0.0,0.0,6.0,3.0,2.0,1.0,4.0,0.0,30.0,12.0,29.0,20.0,25.0,15.0,31.0,14.0,4.0,1.0,8.0,4.0,1.0,0.0,3.0,2.0,,0.5,0.5,0.0,0.4,0.6896551724137931,0.6,0.45161290322580644,0.25,0.5,0.0,0.6666666666666666
230,306,13,Sander Raieste,CAJ,20,7.5,0.7,1.4,0.483,0.2,0.5,0.4,0.1,0.2,0.6,0.6,1.1,0.3,0.6,0.8,0.5,0.6,0.0,1.8,SF,6-8,210,21,2.0,2.0,1.0,1.0,1.0,0.0,0.0,0.0,1.0,0.0,6.0,2.0,7.0,3.0,2.0,0.0,0.0,0.0,1.0,0.0,1.0,1.0,1.0,0.0,1.0,1.0,0.0,,0.0,0.3333333333333333,0.42857142857142855,0.0,,0.0,1.0,0.0
231,307,9,Santiago Yusta,CAN,17,12.4,2.0,3.8,0.531,1.0,2.1,0.486,0.4,0.5,0.667,0.6,0.8,0.2,1.0,1.2,0.5,0.6,0.0,5.4,SF,6-6,183,23,0.0,0.0,2.0,1.0,5.0,2.0,4.0,0.0,5.0,2.0,7.0,5.0,5.0,4.0,6.0,3.0,2.0,0.0,8.0,6.0,1.0,0.0,4.0,3.0,,0.5,0.4,0.0,0.4,0.7142857142857143,0.8,0.5,0.0,0.75,0.0,0.75
232,308,4,Sasu Salin,CAN,32,23.7,2.8,6.8,0.404,2.0,4.9,0.408,1.1,1.2,0.875,0.7,1.9,0.3,1.3,1.7,1.4,0.7,0.0,8.6,SG,6-3,191,29,5.0,2.0,9.0,2.0,22.0,10.0,10.0,2.0,48.0,19.0,10.0,4.0,24.0,11.0,42.0,18.0,8.0,3.0,17.0,8.0,7.0,4.0,4.0,2.0,0.4,0.2222222222222222,0.45454545454545453,0.2,0.3958333333333333,0.4,0.4583333333333333,0.42857142857142855,0.375,0.47058823529411764,0.5714285714285714,0.5
233,310,1,Scott Eatherton,MAN,35,22.9,5.7,9.5,0.599,0.6,1.3,0.435,2.3,3.0,0.755,1.4,3.2,2.2,3.7,5.9,1.5,0.6,0.3,14.3,F,6-8,234,29,0.0,0.0,4.0,2.0,0.0,0.0,19.0,6.0,19.0,5.0,76.0,48.0,108.0,68.0,22.0,12.0,13.0,6.0,0.0,0.0,5.0,2.0,0.0,0.0,,0.5,,0.3157894736842105,0.2631578947368421,0.631578947368421,0.6296296296296297,0.5454545454545454,0.46153846153846156,,0.4,
234,311,3,Sean Kilpatrick,GCN,16,20.5,3.9,8.9,0.444,1.4,3.5,0.393,2.7,3.1,0.86,1.4,1.6,0.3,1.2,1.6,1.9,0.9,0.0,11.9,SG,6-4,212,31,1.0,1.0,5.0,2.0,10.0,3.0,6.0,2.0,18.0,8.0,26.0,13.0,36.0,20.0,23.0,9.0,9.0,3.0,2.0,0.0,4.0,0.0,1.0,1.0,1.0,0.4,0.3,0.3333333333333333,0.4444444444444444,0.5,0.5555555555555556,0.391304347826087,0.3333333333333333,0.0,0.0,1.0
235,312,12,Sergi Garcia,AND,33,16.7,1.5,4.4,0.331,1.0,3.0,0.347,0.8,1.2,0.658,1.3,1.3,0.8,1.9,2.7,2.7,0.5,0.1,4.7,PG,6-3,181,24,1.0,1.0,6.0,3.0,3.0,1.0,3.0,1.0,32.0,11.0,13.0,3.0,18.0,5.0,34.0,14.0,3.0,1.0,5.0,1.0,1.0,1.0,4.0,1.0,1.0,0.5,0.3333333333333333,0.3333333333333333,0.34375,0.23076923076923078,0.2777777777777778,0.4117647058823529,0.3333333333333333,0.2,1.0,0.25
236,313,15,Sergi Martinez,FCB,26,15.2,1.3,3.0,0.429,0.3,1.0,0.32,0.8,1.1,0.786,0.5,1.4,0.5,2.4,3.0,0.7,0.5,0.2,3.7,F,6-7,220,21,1.0,1.0,3.0,0.0,3.0,2.0,1.0,0.0,5.0,2.0,19.0,10.0,24.0,9.0,6.0,2.0,2.0,0.0,4.0,1.0,1.0,0.0,1.0,0.0,1.0,0.0,0.6666666666666666,0.0,0.4,0.5263157894736842,0.375,0.3333333333333333,0.0,0.25,0.0,0.0
237,314,8,Sergio Llull,RMB,21,17.4,3.2,8.1,0.394,1.6,4.6,0.351,1.4,1.8,0.784,1.3,1.3,0.0,1.3,1.3,2.1,0.4,0.0,9.4,PG,6-3,190,33,1.0,0.0,3.0,0.0,5.0,0.0,5.0,3.0,35.0,8.0,26.0,16.0,27.0,11.0,27.0,9.0,1.0,1.0,4.0,2.0,4.0,2.0,4.0,3.0,0.0,0.0,0.0,0.6,0.22857142857142856,0.6153846153846154,0.4074074074074074,0.3333333333333333,1.0,0.5,0.5,0.75
238,315,11,Sergio Rodriguez,CAN,32,13.7,0.9,2.3,0.405,0.7,1.6,0.451,0.5,0.6,0.85,0.4,1.2,0.4,1.6,2.0,0.6,0.5,0.0,3.1,SF,6-7,202,27,0.0,0.0,5.0,1.0,8.0,6.0,1.0,0.0,12.0,5.0,4.0,1.0,9.0,4.0,10.0,4.0,4.0,1.0,10.0,4.0,2.0,1.0,5.0,2.0,,0.2,0.75,0.0,0.4166666666666667,0.25,0.4444444444444444,0.4,0.25,0.4,0.5,0.4
239,316,6,Seth Hinrichs,MAN,35,24.8,3.3,5.6,0.582,0.3,1.2,0.293,1.0,1.5,0.63,1.5,2.4,2.0,3.3,5.3,1.7,0.8,0.1,7.8,SG,6-8,223,27,4.0,2.0,11.0,3.0,4.0,2.0,4.0,2.0,8.0,2.0,51.0,32.0,68.0,45.0,6.0,1.0,3.0,2.0,5.0,2.0,6.0,3.0,4.0,2.0,0.5,0.2727272727272727,0.5,0.5,0.25,0.6274509803921569,0.6617647058823529,0.16666666666666666,0.6666666666666666,0.4,0.5,0.5
240,317,12,Shawn Dawson,JOV,21,10.1,1.3,3.7,0.359,0.4,1.7,0.229,0.4,0.6,0.615,0.9,1.7,0.3,1.5,1.8,0.6,0.4,0.2,3.4,F,6-6,205,27,0.0,0.0,4.0,2.0,2.0,0.0,1.0,0.0,7.0,0.0,13.0,8.0,22.0,8.0,13.0,4.0,0.0,0.0,2.0,0.0,5.0,1.0,4.0,2.0,,0.5,0.0,0.0,0.0,0.6153846153846154,0.36363636363636365,0.3076923076923077,,0.0,0.2,0.5
241,318,13,Shevon Thompson,MON,11,12.8,2.0,3.0,0.667,0.0,0.0,0.0,1.0,1.4,0.733,2.0,1.7,1.5,2.9,4.5,0.2,0.7,0.8,5.0,C,7-0,242,27,0.0,0.0,1.0,1.0,0.0,0.0,2.0,1.0,0.0,0.0,13.0,9.0,15.0,10.0,0.0,0.0,2.0,1.0,0.0,0.0,0.0,0.0,0.0,0.0,,1.0,,0.5,,0.6923076923076923,0.6666666666666666,,0.5,,,
242,319,11,Siim-Sander Vene,MON,12,21.2,2.2,5.8,0.391,1.0,3.5,0.286,0.5,0.7,0.75,0.6,1.8,0.7,1.6,2.2,1.0,0.6,0.0,6.0,SF,6-7,207,30,5.0,3.0,7.0,4.0,5.0,1.0,4.0,1.0,8.0,3.0,2.0,1.0,6.0,4.0,10.0,1.0,3.0,1.0,4.0,1.0,6.0,3.0,2.0,0.0,0.6,0.5714285714285714,0.2,0.25,0.375,0.5,0.6666666666666666,0.1,0.3333333333333333,0.25,0.5,0.0
243,320,8,Simon Birgander,JOV,34,14.3,2.6,3.6,0.726,0.0,0.0,0.0,0.9,1.1,0.795,0.6,2.2,1.2,2.2,3.4,0.6,0.4,0.6,6.2,FC,6-11,208,23,0.0,0.0,2.0,0.0,0.0,0.0,1.0,0.0,0.0,0.0,47.0,29.0,31.0,20.0,0.0,0.0,0.0,0.0,0.0,0.0,1.0,0.0,0.0,0.0,,0.0,,0.0,,0.6170212765957447,0.6451612903225806,,,,0.0,
244,321,8,Spencer Butterfield,CAN,18,13.9,2.3,4.0,0.569,1.4,2.4,0.591,0.7,0.8,0.857,0.8,1.5,0.4,1.7,2.1,0.4,0.7,0.0,6.7,G,6-3,205,28,1.0,0.0,7.0,2.0,3.0,2.0,4.0,2.0,9.0,5.0,4.0,2.0,9.0,7.0,9.0,4.0,2.0,1.0,5.0,4.0,5.0,2.0,5.0,5.0,0.0,0.2857142857142857,0.6666666666666666,0.5,0.5555555555555556,0.5,0.7777777777777778,0.4444444444444444,0.5,0.8,0.4,1.0
245,322,5,Stan Okoye,GCN,33,20.6,3.0,7.4,0.41,1.7,3.9,0.426,1.3,1.7,0.782,0.8,2.4,0.6,2.3,2.9,1.1,0.9,0.3,9.0,GF,6-6,215,29,0.0,0.0,11.0,5.0,26.0,12.0,7.0,3.0,26.0,10.0,37.0,13.0,40.0,15.0,34.0,13.0,4.0,1.0,18.0,10.0,9.0,2.0,2.0,0.0,,0.45454545454545453,0.46153846153846156,0.42857142857142855,0.38461538461538464,0.35135135135135137,0.375,0.38235294117647056,0.25,0.5555555555555556,0.2222222222222222,0.0
246,323,4,Steven Enoch,OBR,34,15.5,3.7,6.2,0.592,0.4,1.0,0.343,1.8,2.0,0.87,1.4,1.9,1.3,2.8,4.1,0.5,0.3,0.6,9.5,PF,6-10,260,23,0.0,0.0,6.0,3.0,0.0,0.0,11.0,7.0,14.0,5.0,47.0,26.0,51.0,28.0,14.0,5.0,10.0,8.0,0.0,0.0,4.0,2.0,0.0,0.0,,0.5,,0.6363636363636364,0.35714285714285715,0.5531914893617021,0.5490196078431373,0.35714285714285715,0.8,,0.5,
247,324,9,T.J. Bray,ZAR,11,24.2,2.8,6.7,0.419,1.5,4.0,0.364,0.5,0.5,0.833,1.6,2.7,0.7,2.0,2.7,2.2,1.1,0.0,7.5,G,6-5,207,28,0.0,0.0,1.0,0.0,4.0,1.0,0.0,0.0,20.0,10.0,16.0,8.0,13.0,7.0,12.0,2.0,1.0,0.0,3.0,1.0,0.0,0.0,3.0,1.0,,0.0,0.25,,0.5,0.5,0.5384615384615384,0.16666666666666666,0.0,0.3333333333333333,,0.3333333333333333
248,325,5,T.J. Campbell,BETIS,34,23.8,2.8,6.8,0.417,1.4,4.1,0.345,1.8,2.1,0.845,2.0,2.7,0.4,1.4,1.8,3.4,1.1,0.0,8.8,G,5-9,190,33,2.0,2.0,8.0,3.0,11.0,4.0,10.0,3.0,49.0,15.0,30.0,16.0,29.0,19.0,42.0,19.0,10.0,6.0,11.0,2.0,4.0,1.0,1.0,0.0,1.0,0.375,0.36363636363636365,0.3,0.30612244897959184,0.5333333333333333,0.6551724137931034,0.4523809523809524,0.6,0.18181818181818182,0.25,0.0
249,326,9,Tadas Sedekerskis,CAJ,33,18.0,2.0,3.3,0.591,0.3,0.8,0.357,0.9,1.1,0.811,0.5,0.6,1.2,2.9,4.1,0.9,0.7,0.3,5.2,SF,6-8,205,23,1.0,1.0,6.0,1.0,2.0,1.0,0.0,0.0,2.0,0.0,27.0,18.0,33.0,21.0,5.0,1.0,0.0,0.0,3.0,2.0,5.0,2.0,3.0,2.0,1.0,0.16666666666666666,0.5,,0.0,0.6666666666666666,0.6363636363636364,0.2,,0.6666666666666666,0.4,0.6666666666666666
250,327,1,Thaddus McFadden,SPB,32,22.3,4.5,10.2,0.445,2.7,6.6,0.408,2.0,2.4,0.855,1.7,1.6,0.2,1.3,1.5,2.2,0.9,0.1,13.8,SG,6-2,176,33,1.0,1.0,12.0,3.0,22.0,5.0,10.0,3.0,67.0,28.0,25.0,13.0,43.0,25.0,59.0,19.0,17.0,11.0,21.0,12.0,8.0,5.0,6.0,2.0,1.0,0.25,0.22727272727272727,0.3,0.417910447761194,0.52,0.5813953488372093,0.3220338983050847,0.6470588235294118,0.5714285714285714,0.625,0.3333333333333333
251,328,13,Thomas Heurtel,FCB,14,18.2,2.4,5.5,0.429,0.6,1.9,0.333,0.5,0.6,0.778,1.8,0.9,0.1,1.6,1.6,4.6,0.9,0.0,5.9,G,6-2,180,31,0.0,0.0,4.0,4.0,1.0,0.0,9.0,4.0,15.0,3.0,9.0,5.0,14.0,8.0,7.0,3.0,10.0,4.0,0.0,0.0,2.0,1.0,0.0,0.0,,1.0,0.0,0.4444444444444444,0.2,0.5555555555555556,0.5714285714285714,0.42857142857142855,0.4,,0.5,
252,329,4,Tim Abromaitis,UNI,34,21.3,3.0,5.9,0.508,1.1,3.0,0.382,1.4,1.7,0.807,0.9,2.0,1.1,2.6,3.7,0.8,0.8,0.2,8.4,PF,6-8,236,31,2.0,2.0,20.0,7.0,12.0,4.0,1.0,0.0,20.0,7.0,38.0,24.0,28.0,17.0,14.0,7.0,2.0,1.0,13.0,4.0,8.0,5.0,9.0,4.0,1.0,0.35,0.3333333333333333,0.0,0.35,0.631578947368421,0.6071428571428571,0.5,0.5,0.3076923076923077,0.625,0.4444444444444444
253,330,9,Tobias Borg,BETIS,33,17.5,1.9,4.6,0.412,0.8,2.1,0.357,1.0,1.2,0.868,0.9,2.0,0.5,1.1,1.6,1.2,0.6,0.1,5.6,PG,6-0,162,27,1.0,0.0,13.0,4.0,4.0,3.0,8.0,3.0,17.0,5.0,31.0,14.0,24.0,11.0,25.0,12.0,6.0,4.0,4.0,2.0,7.0,4.0,4.0,0.0,0.0,0.3076923076923077,0.75,0.375,0.29411764705882354,0.45161290322580644,0.4583333333333333,0.48,0.6666666666666666,0.5,0.5714285714285714,0.0
254,331,7,Tomas Bellas,MUR,27,22.2,2.4,5.4,0.438,1.0,2.7,0.384,1.6,2.0,0.811,1.2,2.6,0.4,1.3,1.7,2.9,1.1,0.0,7.4,PG,6-1,198,33,0.0,0.0,2.0,1.0,1.0,0.0,9.0,3.0,34.0,13.0,17.0,12.0,22.0,8.0,25.0,11.0,11.0,5.0,5.0,2.0,1.0,0.0,2.0,0.0,,0.5,0.0,0.3333333333333333,0.38235294117647056,0.7058823529411765,0.36363636363636365,0.44,0.45454545454545453,0.4,0.0,0.0
255,333,7,Tomas Bellas,MUR,27,22.2,2.4,5.4,0.438,1.0,2.7,0.384,1.6,2.0,0.811,1.2,2.6,0.4,1.3,1.7,2.9,1.1,0.0,7.4,PG,6-1,198,33,0.0,0.0,2.0,1.0,1.0,0.0,9.0,3.0,34.0,13.0,17.0,12.0,22.0,8.0,25.0,11.0,11.0,5.0,5.0,2.0,1.0,0.0,2.0,0.0,,0.5,0.0,0.3333333333333333,0.38235294117647056,0.7058823529411765,0.36363636363636365,0.44,0.45454545454545453,0.4,0.0,0.0
256,335,11,Tomas Dimsa,GCN,30,21.3,2.5,7.2,0.347,1.2,4.0,0.298,0.8,1.0,0.8,1.4,1.9,0.5,1.1,1.5,1.2,0.4,0.1,7.0,SG,6-5,180,27,1.0,0.0,4.0,2.0,20.0,7.0,2.0,1.0,32.0,6.0,35.0,16.0,43.0,16.0,34.0,9.0,0.0,0.0,21.0,6.0,2.0,1.0,2.0,2.0,0.0,0.5,0.35,0.5,0.1875,0.45714285714285713,0.37209302325581395,0.2647058823529412,,0.2857142857142857,0.5,1.0
257,336,6,Tomasz Gielo,AND,17,17.7,2.4,5.1,0.471,1.8,3.8,0.484,1.1,1.4,0.826,0.5,2.0,0.7,2.6,3.4,0.4,0.3,0.0,7.8,PF,6-9,228,28,1.0,0.0,3.0,1.0,6.0,3.0,2.0,0.0,20.0,10.0,9.0,4.0,4.0,1.0,24.0,12.0,0.0,0.0,6.0,4.0,1.0,0.0,1.0,0.0,0.0,0.3333333333333333,0.5,0.0,0.5,0.4444444444444444,0.25,0.5,,0.6666666666666666,0.0,0.0
258,338,7,Tonye Jekiri,CAJ,29,18.3,2.5,4.6,0.537,0.0,0.0,0.0,1.4,1.8,0.755,1.5,1.8,1.0,3.4,4.4,1.3,0.9,0.4,6.3,C,7-0,227,26,0.0,0.0,3.0,2.0,0.0,0.0,8.0,2.0,0.0,0.0,41.0,25.0,31.0,14.0,0.0,0.0,15.0,4.0,0.0,0.0,6.0,1.0,0.0,0.0,,0.6666666666666666,,0.25,,0.6097560975609756,0.45161290322580644,,0.26666666666666666,,0.16666666666666666,
259,339,7,Trey Thompkins,RMB,27,20.6,3.4,6.7,0.514,1.3,3.0,0.425,1.4,1.6,0.86,0.7,1.6,0.5,2.8,3.3,1.4,0.9,0.3,9.5,PF,6-10,245,30,2.0,2.0,23.0,9.0,11.0,9.0,4.0,1.0,18.0,7.0,24.0,17.0,28.0,17.0,21.0,7.0,8.0,8.0,7.0,4.0,17.0,5.0,2.0,1.0,1.0,0.391304347826087,0.8181818181818182,0.25,0.3888888888888889,0.7083333333333334,0.6071428571428571,0.3333333333333333,1.0,0.5714285714285714,0.29411764705882354,0.5
260,340,17,Tristan Vukcevic,RMB,13,9.9,1.1,2.5,0.424,0.7,1.5,0.474,0.9,1.3,0.706,0.5,1.5,0.5,1.3,1.8,0.7,0.2,0.6,3.8,C,6-9,180,17,0.0,0.0,2.0,1.0,2.0,1.0,0.0,0.0,2.0,1.0,4.0,1.0,2.0,1.0,7.0,2.0,0.0,0.0,1.0,1.0,3.0,1.0,1.0,1.0,,0.5,0.5,,0.5,0.25,0.5,0.2857142857142857,,1.0,0.3333333333333333,1.0
261,341,10,Tryggvi Hlinason,ZAR,34,17.7,3.2,4.3,0.74,0.0,0.0,0.0,1.1,1.7,0.61,1.1,2.2,1.6,3.4,5.0,0.7,0.4,1.1,7.4,C,7-1,260,23,0.0,0.0,0.0,0.0,0.0,0.0,0.0,0.0,0.0,0.0,46.0,26.0,31.0,16.0,1.0,0.0,0.0,0.0,0.0,0.0,0.0,0.0,0.0,0.0,,,,,,0.5652173913043478,0.5161290322580645,0.0,,,,
262,342,8,B. Olumuyiwa,AND,33,19.7,2.9,4.4,0.651,0.0,0.0,0.0,1.2,1.8,0.623,2.0,2.3,1.5,2.9,4.4,0.5,0.4,0.7,6.9,FC,6-8,220,29,0.0,0.0,0.0,0.0,0.0,0.0,1.0,0.0,0.0,0.0,33.0,20.0,59.0,31.0,0.0,0.0,0.0,0.0,0.0,0.0,3.0,1.0,0.0,0.0,,,,0.0,,0.6060606060606061,0.5254237288135594,,,,0.3333333333333333,
263,343,6,Tyler Cavanaugh,CAN,34,22.3,2.9,5.3,0.552,1.0,2.1,0.465,1.1,1.3,0.844,0.8,1.8,1.1,3.3,4.4,0.9,0.5,0.1,8.0,F,6-9,240,27,4.0,2.0,13.0,7.0,7.0,2.0,5.0,2.0,11.0,5.0,47.0,28.0,39.0,26.0,16.0,8.0,5.0,4.0,5.0,2.0,9.0,5.0,9.0,6.0,0.5,0.5384615384615384,0.2857142857142857,0.4,0.45454545454545453,0.5957446808510638,0.6666666666666666,0.5,0.8,0.4,0.5555555555555556,0.6666666666666666
264,344,4,Tyson Perez,AND,17,20.8,3.0,6.5,0.464,1.2,2.6,0.455,1.4,2.0,0.676,0.9,1.5,2.2,3.5,5.8,0.5,0.8,0.4,8.5,PF,6-8,214,25,0.0,0.0,6.0,3.0,6.0,6.0,1.0,0.0,15.0,6.0,16.0,8.0,19.0,9.0,7.0,3.0,1.0,1.0,0.0,0.0,4.0,0.0,0.0,0.0,,0.5,1.0,0.0,0.4,0.5,0.47368421052631576,0.42857142857142855,1.0,,0.0,
265,345,12,Usman Garuba,RMB,34,18.8,2.1,4.7,0.459,0.6,1.9,0.318,0.6,0.9,0.656,0.9,2.0,1.6,3.6,5.3,1.1,0.8,0.4,5.5,C,6-8,220,18,4.0,2.0,11.0,3.0,8.0,2.0,3.0,2.0,11.0,5.0,28.0,14.0,32.0,15.0,6.0,1.0,1.0,0.0,15.0,4.0,3.0,0.0,6.0,3.0,0.5,0.2727272727272727,0.25,0.6666666666666666,0.45454545454545453,0.5,0.46875,0.16666666666666666,0.0,0.26666666666666666,0.0,0.5
266,346,6,Vanja Marinkovic,VAL,11,17.7,2.9,7.1,0.41,2.1,4.5,0.469,0.5,0.7,0.75,0.7,0.8,0.3,0.5,0.8,0.6,0.5,0.1,8.5,G,6-6,194,24,0.0,0.0,5.0,2.0,4.0,0.0,2.0,2.0,16.0,7.0,11.0,4.0,16.0,4.0,10.0,7.0,0.0,0.0,9.0,6.0,1.0,0.0,1.0,0.0,,0.4,0.0,1.0,0.4375,0.36363636363636365,0.25,0.7,,0.6666666666666666,0.0,0.0
267,347,5,Victor Arteaga,EST,35,17.8,3.6,5.7,0.631,0.0,0.0,0.0,1.2,1.7,0.705,1.1,2.5,2.2,2.7,4.9,0.4,0.4,0.6,8.4,C,7-0,214,28,0.0,0.0,2.0,1.0,0.0,0.0,7.0,2.0,0.0,0.0,50.0,32.0,79.0,45.0,0.0,0.0,5.0,1.0,0.0,0.0,2.0,0.0,0.0,0.0,,0.5,,0.2857142857142857,,0.64,0.569620253164557,,0.2,,0.0,
268,348,16,Victor Claver,FCB,13,14.1,1.0,2.7,0.371,0.5,1.7,0.318,0.5,0.5,1.0,1.0,1.1,0.8,2.2,3.0,0.6,0.2,0.2,3.1,SF,6-10,235,32,0.0,0.0,3.0,2.0,0.0,0.0,3.0,1.0,4.0,0.0,4.0,0.0,4.0,2.0,4.0,2.0,0.0,0.0,3.0,1.0,0.0,0.0,2.0,0.0,,0.6666666666666666,,0.3333333333333333,0.0,0.0,0.5,0.5,,0.3333333333333333,,0.0
269,350,4,Viny Okouo,GBC,34,19.3,4.0,7.9,0.507,0.0,0.1,0.0,1.7,2.8,0.6,2.1,2.5,1.8,3.7,5.5,0.3,0.6,0.3,9.7,C,7-1,240,23,0.0,0.0,2.0,0.0,0.0,0.0,10.0,3.0,1.0,0.0,96.0,44.0,98.0,56.0,0.0,0.0,9.0,1.0,0.0,0.0,6.0,2.0,0.0,0.0,,0.0,,0.3,0.0,0.4583333333333333,0.5714285714285714,,0.1111111111111111,,0.3333333333333333,
270,352,2,Vitor Benite,SPB,32,23.5,4.4,9.8,0.454,2.5,5.4,0.454,2.3,2.8,0.831,1.1,2.6,0.2,1.9,2.1,1.3,0.6,0.1,13.7,SG,6-3,194,31,2.0,1.0,5.0,4.0,15.0,6.0,28.0,11.0,52.0,21.0,32.0,14.0,48.0,22.0,53.0,27.0,10.0,7.0,18.0,9.0,9.0,5.0,4.0,1.0,0.5,0.8,0.4,0.39285714285714285,0.40384615384615385,0.4375,0.4583333333333333,0.5094339622641509,0.7,0.5,0.5555555555555556,0.25
271,353,5,Vladimir Brodziansky,JOV,34,19.9,3.1,5.8,0.536,1.0,2.3,0.443,2.7,3.4,0.778,1.0,1.8,0.7,2.4,3.1,0.8,0.2,0.8,9.9,PF,6-11,230,26,2.0,1.0,18.0,9.0,4.0,2.0,2.0,1.0,18.0,9.0,48.0,27.0,41.0,25.0,26.0,12.0,2.0,1.0,3.0,0.0,7.0,3.0,6.0,2.0,0.5,0.5,0.5,0.5,0.5,0.5625,0.6097560975609756,0.46153846153846156,0.5,0.0,0.42857142857142855,0.3333333333333333
272,354,13,Volodymyr Herun,UNI,20,13.5,1.6,2.2,0.705,0.0,0.0,0.0,1.0,1.3,0.769,0.6,1.8,1.1,2.1,3.2,0.5,0.3,0.2,4.1,C,6-10,250,26,0.0,0.0,0.0,0.0,0.0,0.0,0.0,0.0,0.0,0.0,13.0,8.0,22.0,16.0,0.0,0.0,0.0,0.0,0.0,0.0,0.0,0.0,0.0,0.0,,,,,,0.6153846153846154,0.7272727272727273,,,,,
273,357,9,William Magarity,GBC,29,14.8,1.9,4.8,0.386,0.8,2.6,0.293,0.8,0.9,0.846,0.6,1.4,0.7,1.7,2.3,0.5,0.3,0.3,5.2,FC,6-11,250,27,0.0,0.0,9.0,2.0,8.0,1.0,8.0,4.0,29.0,7.0,14.0,8.0,13.0,7.0,15.0,6.0,10.0,4.0,10.0,4.0,6.0,1.0,1.0,0.0,,0.2222222222222222,0.125,0.5,0.2413793103448276,0.5714285714285714,0.5384615384615384,0.4,0.4,0.4,0.16666666666666666,0.0
274,358,11,Xabi Oroz,GBC,31,18.8,1.3,2.9,0.451,0.4,1.0,0.433,0.2,0.5,0.429,1.2,1.6,0.7,1.5,2.1,2.8,1.3,0.2,3.3,SG,6-3,183,25,1.0,1.0,2.0,0.0,6.0,1.0,1.0,1.0,9.0,3.0,34.0,16.0,24.0,11.0,6.0,3.0,2.0,0.0,6.0,4.0,0.0,0.0,0.0,0.0,1.0,0.0,0.16666666666666666,1.0,0.3333333333333333,0.47058823529411764,0.4583333333333333,0.5,0.0,0.6666666666666666,,
275,359,1,Xabier Lopez-Arostegui,JOV,24,25.4,4.0,8.2,0.487,1.7,4.0,0.412,3.9,4.0,0.969,1.3,2.0,1.1,4.0,5.2,0.6,1.2,0.0,13.6,GF,6-7,215,23,0.0,0.0,0.0,0.0,0.0,0.0,0.0,0.0,0.0,0.0,0.0,0.0,0.0,0.0,0.0,0.0,0.0,0.0,0.0,0.0,0.0,0.0,0.0,0.0,,,,,,,,,,,,
276,360,7,Xavi Rabaseda,SPB,29,19.9,1.8,4.1,0.433,0.7,2.2,0.312,1.1,1.4,0.775,0.9,1.6,0.9,2.6,3.4,0.6,1.3,0.2,5.3,GF,6-7,205,32,3.0,0.0,10.0,4.0,11.0,2.0,3.0,1.0,8.0,1.0,21.0,13.0,15.0,6.0,5.0,1.0,0.0,0.0,13.0,5.0,6.0,3.0,7.0,4.0,0.0,0.4,0.18181818181818182,0.3333333333333333,0.125,0.6190476190476191,0.4,0.2,,0.38461538461538464,0.5,0.5714285714285714
277,361,3,Yakuba Ouattara,BETIS,28,22.3,3.5,8.2,0.432,1.1,3.5,0.316,0.9,1.1,0.833,0.8,1.4,1.7,2.5,4.2,0.5,0.9,0.0,9.1,SG,6-4,220,29,2.0,1.0,16.0,8.0,23.0,5.0,5.0,4.0,19.0,8.0,40.0,19.0,40.0,20.0,16.0,0.0,2.0,0.0,26.0,12.0,10.0,5.0,2.0,0.0,0.5,0.5,0.21739130434782608,0.8,0.42105263157894735,0.475,0.5,0.0,0.0,0.46153846153846156,0.5,0.0
278,362,12,Yankuba Sima,MAN,33,9.5,2.3,3.9,0.597,0.0,0.0,0.0,1.2,2.1,0.557,0.8,1.7,0.8,1.5,2.3,0.5,0.3,0.1,5.8,C,6-11,225,24,0.0,0.0,0.0,0.0,0.0,0.0,4.0,2.0,1.0,0.0,37.0,16.0,36.0,20.0,0.0,0.0,2.0,2.0,0.0,0.0,0.0,0.0,0.0,0.0,,,,0.5,0.0,0.43243243243243246,0.5555555555555556,,1.0,,,
279,364,12,Yannick Nzosa,UNI,23,12.5,1.9,3.0,0.647,0.0,0.0,0.0,0.5,0.7,0.75,0.5,2.3,0.9,2.0,2.9,0.3,0.4,1.0,4.3,C,7-0,174,17,0.0,0.0,0.0,0.0,0.0,0.0,2.0,0.0,0.0,0.0,24.0,17.0,30.0,16.0,0.0,0.0,1.0,0.0,0.0,0.0,0.0,0.0,0.0,0.0,,,,0.0,,0.7083333333333334,0.5333333333333333,,0.0,,,
280,365,8,Youssoupha Fall,CAJ,27,12.2,2.4,3.9,0.613,0.0,0.0,0.0,1.5,2.3,0.645,1.3,1.7,1.5,2.4,3.9,0.4,0.1,0.7,6.3,C,7-3,271,26,0.0,0.0,1.0,0.0,0.0,0.0,0.0,0.0,0.0,0.0,46.0,27.0,47.0,26.0,0.0,0.0,0.0,0.0,0.0,0.0,0.0,0.0,0.0,0.0,,0.0,,,,0.5869565217391305,0.5531914893617021,,,,,
281,366,2,Youssoupha Ndoye,BETIS,34,21.0,3.7,6.5,0.563,0.0,0.1,0.0,4.2,6.3,0.671,2.0,2.5,2.1,3.1,5.1,0.5,0.8,0.7,11.6,C,7-0,250,29,0.0,0.0,12.0,2.0,0.0,0.0,13.0,8.0,0.0,0.0,72.0,41.0,64.0,32.0,2.0,1.0,7.0,2.0,0.0,0.0,5.0,0.0,0.0,0.0,,0.16666666666666666,,0.6153846153846154,,0.5694444444444444,0.5,0.5,0.2857142857142857,,0.0,
282,368,17,Ziga Samar,MON,32,10.0,1.3,2.8,0.451,0.2,1.0,0.226,0.2,0.3,0.667,1.2,1.9,0.3,1.0,1.2,1.6,0.4,0.0,3.0,PG,6-6,184,20,0.0,0.0,3.0,2.0,3.0,0.0,4.0,1.0,12.0,3.0,17.0,8.0,25.0,16.0,7.0,3.0,7.0,4.0,2.0,0.0,1.0,0.0,0.0,0.0,,0.6666666666666666,0.0,0.25,0.25,0.47058823529411764,0.64,0.42857142857142855,0.5714285714285714,0.0,0.0,
283,369,6,Zoran Dragic,CAJ,31,18.0,3.0,6.0,0.5,0.7,2.2,0.304,1.9,2.8,0.67,1.1,1.5,0.5,1.3,1.7,0.8,0.5,0.0,8.6,SG,6-5,200,31,0.0,0.0,2.0,1.0,5.0,1.0,3.0,0.0,23.0,9.0,46.0,31.0,54.0,35.0,21.0,5.0,3.0,1.0,5.0,2.0,3.0,0.0,2.0,1.0,,0.5,0.2,0.0,0.391304347826087,0.6739130434782609,0.6481481481481481,0.23809523809523808,0.3333333333333333,0.4,0.0,0.5
