,PLAYER_NAME,Team,GP,MIN,FGM,FGA,FG%,3PM,3PA,3P%,FTM,FTA,FT%,TOV,PF,ORB,DRB,REB,AST,STL,BLK,PTS,POS,HEIGHT,WEIGHT,AGE,zona1_attempted,zona1_made,zona2_attempted,zona2_made,zona3_attempted,zona3_made,zona4_attempted,zona4_made,zona5_attempted,zona5_made,zona6_attempted,zona6_made,zona7_attempted,zona7_made,zona8_attempted,zona8_made,zona9_attempted,zona9_made,zona10_attempted,zona10_made,zona11_attempted,zona11_made,zona12_attempted,zona12_made,Cluster
0,A.J. Slaughter,GCN,22,24.3,5.0,10.2,0.484,1.7,4.2,0.402,2.1,2.5,0.839,1.5,2.1,0.4,1.9,2.3,3.7,1.1,0.2,13.7,G,1.9507201,185,33,0.0,0.0,3.0,3.0,7.0,2.0,18.0,6.0,32.0,12.0,36.0,21.0,38.0,18.0,32.0,13.0,16.0,7.0,8.0,5.0,5.0,4.0,3.0,1.0,Playmakers
1,Aaron Doornekamp,CAN,31,25.6,2.6,6.1,0.431,2.0,4.6,0.441,1.1,1.5,0.778,0.7,2.7,0.6,2.9,3.5,1.3,0.8,0.1,8.4,PF,2.04216,212,35,8.0,3.0,15.0,4.0,16.0,6.0,4.0,1.0,29.0,13.0,9.0,5.0,11.0,4.0,31.0,13.0,4.0,1.0,25.0,16.0,8.0,2.0,6.0,4.0,Role-Players
3,Achille Polonara,CAJ,33,26.5,4.2,8.8,0.479,1.4,4.1,0.341,1.5,2.2,0.685,1.2,1.8,1.6,3.8,5.5,1.9,1.1,0.5,11.3,PF,2.0726402,198,29,2.0,1.0,9.0,4.0,6.0,3.0,3.0,1.0,45.0,18.0,44.0,21.0,50.0,30.0,39.0,12.0,7.0,3.0,14.0,3.0,5.0,3.0,2.0,1.0,Playmakers
4,Adam Hanga,FCB,31,16.1,2.2,3.7,0.578,1.1,2.0,0.541,0.8,1.2,0.703,1.4,1.6,0.6,2.8,3.4,2.1,0.8,0.4,6.2,SF,2.04216,200,31,1.0,1.0,4.0,3.0,4.0,2.0,3.0,2.0,20.0,13.0,14.0,8.0,28.0,18.0,19.0,9.0,2.0,2.0,6.0,3.0,2.0,1.0,5.0,1.0,Role-Players
5,Adam Waczynski,UNI,34,18.8,2.7,5.6,0.484,1.3,2.8,0.468,1.1,1.4,0.787,0.7,1.6,0.7,1.4,2.1,1.0,0.5,0.0,7.9,GF,2.01168,210,31,3.0,1.0,12.0,7.0,13.0,8.0,5.0,3.0,19.0,7.0,31.0,12.0,36.0,18.0,14.0,5.0,6.0,4.0,20.0,11.0,10.0,8.0,7.0,2.0,Role-Players
7,Albert Oliver,OBR,31,15.1,1.1,2.5,0.418,0.5,1.3,0.39,1.2,1.4,0.884,1.1,2.1,0.3,1.1,1.4,2.0,0.5,0.0,3.9,PG,1.88976,185,42,0.0,0.0,2.0,0.0,3.0,2.0,6.0,1.0,9.0,3.0,19.0,12.0,10.0,2.0,12.0,5.0,3.0,2.0,3.0,1.0,0.0,0.0,1.0,1.0,Role-Players
8,Albert Ventura,JOV,32,23.8,2.1,4.0,0.516,1.2,2.6,0.482,0.8,1.1,0.694,0.8,2.2,0.9,1.8,2.7,1.2,1.3,0.1,6.2,SG,1.9812,180,28,1.0,1.0,4.0,2.0,7.0,3.0,6.0,5.0,19.0,6.0,20.0,10.0,21.0,13.0,18.0,9.0,0.0,0.0,14.0,7.0,3.0,1.0,5.0,3.0,Role-Players
9,Alberto Abalde,RMB,30,19.3,2.3,5.2,0.442,1.1,2.4,0.438,1.5,1.8,0.833,0.8,1.2,0.4,2.2,2.6,2.2,0.5,0.0,7.2,GF,2.04216,215,25,2.0,1.0,7.0,3.0,4.0,1.0,6.0,1.0,30.0,14.0,35.0,18.0,31.0,13.0,26.0,11.0,1.0,1.0,2.0,1.0,6.0,3.0,1.0,0.0,Playmakers
10,Alberto Diaz,UNI,27,23.9,2.2,5.7,0.386,1.3,3.7,0.36,0.8,1.0,0.808,0.9,2.5,0.4,1.7,2.1,3.4,1.6,0.0,6.5,PG,1.88976,187,26,2.0,1.0,11.0,6.0,7.0,2.0,8.0,1.0,22.0,7.0,13.0,5.0,15.0,9.0,35.0,15.0,9.0,4.0,13.0,5.0,7.0,2.0,1.0,0.0,Role-Players
11,Alec Brown,EST,35,22.9,2.9,6.7,0.436,1.8,4.5,0.397,0.5,0.7,0.75,0.8,3.1,1.1,2.7,3.9,0.5,0.3,1.2,8.2,C,2.16408,235,28,11.0,5.0,8.0,5.0,21.0,4.0,8.0,4.0,42.0,15.0,21.0,10.0,16.0,7.0,35.0,16.0,7.0,2.0,10.0,6.0,8.0,2.0,9.0,3.0,Playmakers
12,Alec Peters,CAJ,32,21.8,3.5,7.4,0.471,1.4,3.7,0.387,1.8,1.9,0.919,1.2,2.0,1.0,2.9,3.9,1.2,0.5,0.3,10.2,F,2.10312,225,25,2.0,1.0,11.0,7.0,7.0,2.0,7.0,2.0,40.0,14.0,45.0,28.0,40.0,22.0,28.0,11.0,10.0,2.0,11.0,5.0,15.0,8.0,8.0,5.0,Playmakers
14,Aleksa Avramovic,EST,35,29.7,5.7,13.0,0.437,1.4,4.3,0.322,3.6,4.3,0.834,1.9,2.1,0.5,2.4,2.9,3.5,1.2,0.3,16.4,G,1.92024,190,26,2.0,2.0,10.0,3.0,12.0,4.0,17.0,4.0,46.0,11.0,93.0,48.0,115.0,55.0,41.0,13.0,12.0,4.0,10.0,4.0,7.0,4.0,9.0,3.0,Elite-Scorers
15,Aleksandar Cvetkovic,EST,27,15.2,1.4,2.9,0.494,0.8,2.0,0.415,0.6,0.7,0.895,1.3,1.9,0.3,0.9,1.1,1.7,0.6,0.0,4.3,PG,1.88976,165,27,1.0,1.0,1.0,1.0,4.0,2.0,4.0,4.0,11.0,3.0,3.0,2.0,7.0,5.0,18.0,7.0,1.0,0.0,5.0,3.0,2.0,0.0,3.0,1.0,Role-Players
16,Alessandro Gentile,EST,17,24.6,4.9,11.5,0.431,0.4,1.7,0.207,1.5,2.1,0.714,2.9,1.9,0.9,3.9,4.8,3.1,0.9,0.3,11.7,SF,2.01168,228,28,0.0,0.0,16.0,12.0,2.0,0.0,20.0,5.0,16.0,3.0,49.0,22.0,52.0,26.0,9.0,2.0,11.0,6.0,4.0,2.0,15.0,5.0,0.0,0.0,Big-Guys
17,Alex Abrines,FCB,29,20.7,2.9,5.6,0.519,1.8,3.9,0.465,1.1,1.2,0.914,0.6,2.2,0.9,2.0,2.9,0.9,0.8,0.2,8.7,GF,2.01168,190,27,1.0,0.0,6.0,3.0,5.0,3.0,6.0,3.0,39.0,15.0,17.0,11.0,10.0,4.0,27.0,12.0,3.0,1.0,13.0,6.0,6.0,4.0,4.0,3.0,Playmakers
20,Alex Renfroe,SPB,30,22.7,3.8,7.1,0.528,1.1,2.6,0.442,1.8,2.4,0.74,2.4,2.2,0.7,2.5,3.1,5.1,0.9,0.2,10.5,G,1.88976,160,34,0.0,0.0,1.0,1.0,0.0,0.0,2.0,2.0,31.0,13.0,57.0,38.0,56.0,29.0,33.0,16.0,4.0,0.0,2.0,1.0,1.0,0.0,1.0,1.0,Big-Guys
21,Alex Reyes,BBB,32,12.0,1.4,3.3,0.425,0.7,2.0,0.349,0.3,0.4,0.846,0.6,1.1,0.4,1.2,1.6,0.4,0.5,0.0,3.8,SF,2.04216,187,27,1.0,0.0,5.0,1.0,5.0,2.0,3.0,1.0,22.0,8.0,14.0,8.0,13.0,9.0,14.0,7.0,7.0,4.0,3.0,0.0,5.0,1.0,4.0,0.0,Role-Players
22,Alex Suarez,OBR,30,16.3,1.5,3.1,0.5,0.7,1.8,0.396,0.3,0.3,1.0,0.4,1.2,0.5,1.1,1.5,0.5,0.5,0.1,4.1,PF,1.85928,214,27,3.0,2.0,3.0,0.0,6.0,0.0,4.0,3.0,14.0,5.0,9.0,7.0,13.0,6.0,13.0,7.0,5.0,4.0,6.0,2.0,4.0,3.0,2.0,1.0,Role-Players
23,Alex Tyus,RMB,16,14.0,2.2,3.9,0.571,0.0,0.0,0.0,0.9,1.1,0.882,0.6,1.6,1.3,1.3,2.6,0.2,0.1,0.2,5.4,F,2.0726402,220,33,0.0,0.0,3.0,2.0,0.0,0.0,4.0,1.0,0.0,0.0,19.0,10.0,19.0,7.0,0.0,0.0,0.0,0.0,0.0,0.0,2.0,1.0,0.0,0.0,Role-Players
25,Alvaro Munoz,OBR,32,12.4,0.9,2.6,0.354,0.7,1.9,0.35,0.5,0.6,0.889,0.6,1.0,0.5,1.2,1.6,0.9,0.3,0.0,3.0,SF,1.9812,200,30,0.0,0.0,5.0,3.0,7.0,2.0,5.0,3.0,18.0,4.0,10.0,4.0,8.0,1.0,12.0,6.0,0.0,0.0,5.0,1.0,0.0,0.0,5.0,2.0,Role-Players
26,Andrew Albicy,GCN,32,23.9,2.5,6.3,0.393,1.3,3.6,0.36,2.0,2.5,0.778,2.5,2.1,0.3,1.2,1.5,3.9,1.2,0.0,8.2,PG,1.55448,165,30,3.0,2.0,4.0,0.0,10.0,6.0,10.0,4.0,36.0,14.0,26.0,14.0,27.0,13.0,43.0,14.0,9.0,0.0,15.0,5.0,1.0,0.0,0.0,0.0,Playmakers
27,Angel Delgado,EST,33,20.9,3.5,5.5,0.65,0.0,0.0,0.0,1.2,3.1,0.396,1.4,2.7,3.1,4.6,7.7,0.7,0.9,0.4,8.3,C,1.85928,230,26,0.0,0.0,0.0,0.0,0.0,0.0,1.0,0.0,0.0,0.0,78.0,50.0,69.0,41.0,0.0,0.0,0.0,0.0,0.0,0.0,1.0,0.0,0.0,0.0,Elite-Scorers
28,Ante Tomic,JOV,34,23.0,5.2,9.6,0.545,0.0,0.1,0.2,2.6,3.5,0.75,2.1,1.6,2.4,3.8,6.1,2.1,0.6,0.1,13.1,C,2.16408,225,34,0.0,0.0,7.0,2.0,0.0,0.0,6.0,3.0,1.0,0.0,113.0,66.0,126.0,65.0,4.0,1.0,5.0,4.0,0.0,0.0,6.0,1.0,0.0,0.0,Elite-Scorers
30,Arnoldas Kulboka,BBB,30,22.5,3.1,7.1,0.435,1.9,4.5,0.43,0.9,1.1,0.794,1.0,1.1,1.0,2.7,3.8,0.5,0.5,0.2,9.0,SF,1.85928,215,23,0.0,0.0,16.0,8.0,10.0,5.0,12.0,4.0,35.0,13.0,25.0,10.0,30.0,15.0,44.0,20.0,3.0,1.0,14.0,6.0,7.0,2.0,8.0,4.0,Playmakers
31,Artem Pustovyi,FCB,21,14.5,3.0,4.8,0.634,0.0,0.0,0.0,1.7,2.4,0.706,1.3,2.0,1.4,1.8,3.2,0.4,0.4,0.8,7.8,C,2.19456,212,28,0.0,0.0,0.0,0.0,0.0,0.0,6.0,3.0,0.0,0.0,38.0,29.0,35.0,17.0,0.0,0.0,5.0,2.0,0.0,0.0,0.0,0.0,0.0,0.0,Big-Guys
32,Artsiom Parakhouski,AND,19,14.9,2.2,4.0,0.553,0.0,0.0,0.0,1.3,1.7,0.75,1.0,1.5,1.5,2.4,3.9,0.5,0.3,0.6,5.7,C,1.862328,268,33,0.0,0.0,0.0,0.0,0.0,0.0,1.0,1.0,0.0,0.0,29.0,13.0,27.0,14.0,0.0,0.0,1.0,1.0,0.0,0.0,3.0,1.0,0.0,0.0,Role-Players
35,Augusto Lima,MUR,33,21.3,3.1,5.6,0.549,0.0,0.1,0.0,0.5,1.8,0.295,1.7,2.8,3.0,4.1,7.2,1.9,1.0,0.9,6.7,PF,1.85928,235,29,0.0,0.0,2.0,0.0,0.0,0.0,10.0,3.0,1.0,0.0,51.0,26.0,70.0,40.0,0.0,0.0,8.0,2.0,0.0,0.0,1.0,0.0,0.0,0.0,Big-Guys
36,Axel Bouteille,UNI,30,20.4,4.1,9.3,0.437,1.5,4.2,0.368,0.9,1.1,0.844,0.4,0.6,0.3,1.7,2.0,1.0,0.5,0.2,10.6,SF,2.01168,180,25,2.0,0.0,23.0,8.0,12.0,5.0,19.0,8.0,48.0,18.0,33.0,19.0,34.0,19.0,28.0,15.0,16.0,5.0,12.0,3.0,29.0,11.0,1.0,1.0,Playmakers
37,Bandja Sy,AND,23,18.6,2.0,4.8,0.427,0.6,2.4,0.236,0.7,0.9,0.714,0.8,2.0,1.6,2.2,3.8,0.6,0.7,0.5,5.3,F,2.0726402,214,30,2.0,1.0,4.0,1.0,11.0,2.0,2.0,1.0,11.0,1.0,14.0,7.0,21.0,12.0,8.0,2.0,1.0,0.0,9.0,4.0,2.0,0.0,3.0,0.0,Role-Players
38,Beka Burjanadze,GCN,18,16.8,1.8,4.3,0.429,0.5,1.7,0.3,1.5,2.1,0.711,0.8,1.6,0.8,2.2,3.1,0.9,0.3,0.0,5.7,PF,2.0726402,260,27,0.0,0.0,5.0,2.0,3.0,1.0,2.0,0.0,10.0,3.0,10.0,6.0,15.0,11.0,4.0,1.0,5.0,1.0,5.0,1.0,6.0,1.0,2.0,0.0,Role-Players
39,Bojan Dubljevic,VAL,27,21.6,4.6,8.9,0.519,1.2,2.7,0.446,2.5,2.8,0.882,2.2,1.6,2.2,3.5,5.7,3.0,0.9,0.2,13.0,FC,2.10312,242,29,1.0,1.0,2.0,1.0,2.0,2.0,0.0,0.0,29.0,10.0,65.0,39.0,70.0,40.0,28.0,14.0,3.0,0.0,2.0,1.0,3.0,0.0,0.0,0.0,Elite-Scorers
42,Brandon Davies,FCB,25,16.8,3.4,6.2,0.555,0.0,0.2,0.25,3.0,3.6,0.831,1.5,2.4,1.4,2.4,3.8,1.3,0.6,0.4,9.9,PF,2.0726402,240,29,0.0,0.0,2.0,1.0,0.0,0.0,9.0,5.0,2.0,1.0,48.0,30.0,51.0,29.0,0.0,0.0,11.0,5.0,0.0,0.0,4.0,1.0,0.0,0.0,Big-Guys
43,Brandone Francis,GBC,15,16.2,1.7,5.7,0.302,0.7,2.5,0.27,0.7,1.0,0.733,1.5,1.9,0.3,0.7,1.1,0.4,0.7,0.1,4.9,GF,1.9812,215,25,0.0,0.0,12.0,5.0,2.0,1.0,6.0,0.0,5.0,1.0,11.0,5.0,11.0,3.0,11.0,4.0,6.0,2.0,10.0,2.0,3.0,1.0,3.0,2.0,Role-Players
44,Bruno Fitipaldo,CAN,33,23.1,3.6,8.8,0.414,1.3,4.0,0.333,2.2,2.7,0.811,2.2,2.3,0.3,1.3,1.6,4.7,1.3,0.0,10.8,PG,1.8288,183,29,1.0,0.0,8.0,4.0,11.0,3.0,12.0,5.0,41.0,19.0,52.0,34.0,50.0,20.0,43.0,13.0,16.0,4.0,9.0,1.0,6.0,1.0,2.0,1.0,Playmakers
45,Carlos Alocen,RMB,29,13.3,1.6,4.6,0.348,0.6,2.3,0.273,0.7,1.0,0.7,1.3,0.9,0.2,1.4,1.7,1.9,0.3,0.0,4.5,PG,1.9812,205,20,1.0,0.0,6.0,4.0,6.0,1.0,3.0,3.0,20.0,3.0,25.0,10.0,27.0,9.0,19.0,5.0,1.0,0.0,3.0,0.0,1.0,0.0,4.0,4.0,Role-Players
46,Carlos Suarez,UNI,12,11.1,1.0,2.2,0.444,0.8,1.8,0.429,0.8,0.8,0.9,0.5,0.7,0.6,2.0,2.6,1.2,0.3,0.2,3.5,SF,2.0726402,233,34,0.0,0.0,2.0,1.0,4.0,3.0,1.0,0.0,3.0,1.0,5.0,2.0,1.0,1.0,5.0,2.0,0.0,0.0,3.0,2.0,0.0,0.0,3.0,0.0,Role-Players
50,Chris Czerapowicz,OBR,32,21.0,2.9,5.9,0.484,1.1,2.8,0.374,0.8,1.0,0.812,0.8,2.0,1.0,2.7,3.8,1.1,0.5,0.2,7.6,G,2.04216,210,29,0.0,0.0,16.0,5.0,9.0,5.0,6.0,3.0,20.0,4.0,29.0,18.0,33.0,20.0,25.0,10.0,6.0,1.0,13.0,8.0,6.0,1.0,5.0,3.0,Playmakers
51,Christian Eyenga,MON,34,24.1,3.6,7.9,0.457,0.5,1.7,0.271,1.3,2.3,0.577,1.1,2.0,1.2,2.4,3.6,2.1,1.1,0.8,9.0,GF,2.04216,210,31,2.0,1.0,12.0,2.0,5.0,1.0,6.0,1.0,14.0,3.0,82.0,40.0,68.0,32.0,13.0,3.0,9.0,2.0,11.0,2.0,7.0,4.0,2.0,2.0,Elite-Scorers
52,Clevin Hannah,AND,34,25.0,4.1,8.9,0.459,1.9,4.6,0.41,2.9,3.2,0.89,2.2,2.6,0.2,1.5,1.7,4.6,0.8,0.0,12.9,G,1.557528,165,33,1.0,1.0,7.0,3.0,9.0,2.0,5.0,1.0,43.0,20.0,49.0,27.0,46.0,21.0,68.0,27.0,10.0,4.0,9.0,5.0,7.0,5.0,2.0,1.0,Playmakers
53,Conner Frankamp,MUR,23,25.8,5.8,13.5,0.429,2.4,6.6,0.371,2.1,2.4,0.857,1.9,2.0,0.4,1.8,2.3,3.4,0.8,0.2,16.1,PG,1.85928,169,25,0.0,0.0,11.0,5.0,10.0,3.0,19.0,10.0,58.0,26.0,50.0,25.0,56.0,28.0,47.0,13.0,10.0,3.0,8.0,3.0,7.0,3.0,3.0,2.0,Playmakers
54,Conor Morgan,JOV,31,19.0,2.4,5.4,0.449,1.1,2.6,0.402,1.0,1.3,0.795,1.0,2.7,0.7,2.5,3.2,0.7,0.4,0.3,6.9,FC,2.10312,220,26,1.0,0.0,16.0,5.0,4.0,3.0,5.0,1.0,18.0,9.0,26.0,13.0,30.0,12.0,20.0,8.0,1.0,1.0,14.0,4.0,5.0,2.0,7.0,2.0,Role-Players
55,Cory Higgins,FCB,23,21.3,3.4,7.2,0.473,0.7,1.9,0.395,2.6,2.9,0.909,1.0,1.6,0.3,1.8,2.1,2.4,1.3,0.3,10.1,G,1.9812,181,31,1.0,1.0,5.0,2.0,4.0,2.0,9.0,4.0,14.0,4.0,49.0,25.0,38.0,17.0,16.0,7.0,8.0,3.0,5.0,3.0,7.0,3.0,1.0,0.0,Big-Guys
56,D.J. Seeley,ZAR,11,25.7,4.3,8.6,0.495,1.7,4.1,0.422,2.8,3.3,0.861,3.0,1.7,0.7,1.5,2.3,1.7,0.5,0.1,13.1,G,1.9507201,195,31,1.0,1.0,4.0,1.0,3.0,1.0,8.0,5.0,17.0,6.0,14.0,10.0,10.0,6.0,7.0,2.0,4.0,1.0,7.0,5.0,8.0,3.0,1.0,0.0,Role-Players
57,D.J. Strawberry,MUR,27,18.1,2.2,6.7,0.326,1.3,4.3,0.293,0.6,1.1,0.586,1.4,2.1,0.3,1.3,1.6,1.7,0.8,0.2,6.3,G,1.9812,205,35,0.0,0.0,5.0,1.0,9.0,4.0,6.0,1.0,37.0,7.0,14.0,9.0,23.0,9.0,34.0,16.0,12.0,4.0,11.0,3.0,3.0,0.0,3.0,0.0,Playmakers
58,Dani Perez,MAN,24,24.2,2.7,7.9,0.344,1.2,4.0,0.299,1.2,1.5,0.806,2.9,2.6,0.3,1.7,2.0,6.5,1.0,0.0,7.8,PG,1.8288,188,31,0.0,0.0,5.0,2.0,6.0,2.0,8.0,5.0,37.0,8.0,32.0,14.0,31.0,12.0,40.0,15.0,12.0,3.0,6.0,2.0,3.0,1.0,1.0,0.0,Playmakers
59,Daniel Diez,CAN,10,12.3,0.8,1.7,0.471,0.4,1.0,0.4,0.4,0.5,0.8,0.4,0.1,0.3,1.4,1.7,0.2,0.5,0.0,2.4,SF,2.0726402,216,27,0.0,0.0,2.0,2.0,1.0,0.0,0.0,0.0,1.0,1.0,2.0,1.0,1.0,1.0,2.0,0.0,0.0,0.0,0.0,0.0,1.0,0.0,0.0,0.0,Role-Players
60,Daniel Garcia,MAN,13,13.9,1.5,3.7,0.396,0.7,2.5,0.281,0.2,0.4,0.6,1.8,2.8,0.2,1.2,1.3,2.7,0.4,0.0,3.8,PG,1.85928,176,23,0.0,0.0,1.0,1.0,4.0,0.0,1.0,1.0,11.0,2.0,7.0,4.0,4.0,2.0,9.0,2.0,2.0,2.0,2.0,2.0,1.0,0.0,0.0,0.0,Role-Players
61,Dario Brizuela,UNI,32,23.9,5.5,11.8,0.464,1.8,4.9,0.357,1.3,1.8,0.768,1.7,1.9,0.2,1.4,1.6,3.1,1.0,0.1,14.0,SG,1.9507201,161,26,5.0,2.0,13.0,5.0,6.0,3.0,27.0,15.0,54.0,17.0,64.0,44.0,74.0,38.0,37.0,12.0,24.0,11.0,17.0,7.0,4.0,1.0,5.0,1.0,Elite-Scorers
62,David DiLeo,MUR,18,19.4,2.7,6.7,0.408,2.1,5.4,0.378,1.1,1.2,0.905,0.6,2.1,0.2,1.6,1.7,0.4,0.8,0.2,8.6,SF,2.0726402,224,24,0.0,0.0,6.0,4.0,8.0,3.0,4.0,2.0,24.0,10.0,7.0,3.0,4.0,1.0,38.0,14.0,3.0,2.0,12.0,4.0,4.0,2.0,4.0,1.0,Role-Players
63,David Jelinek,AND,33,22.7,3.4,8.8,0.384,1.9,5.3,0.36,1.0,1.3,0.773,1.3,1.8,0.3,1.8,2.1,1.1,0.6,0.1,9.7,SG,1.9812,190,30,2.0,1.0,14.0,4.0,12.0,4.0,18.0,7.0,51.0,17.0,35.0,21.0,31.0,8.0,55.0,20.0,9.0,4.0,20.0,8.0,2.0,0.0,5.0,3.0,Playmakers
64,Deividas Dulkys,MAN,11,14.9,0.7,3.8,0.19,0.5,3.0,0.182,0.4,0.4,1.0,0.3,1.6,0.6,1.7,2.4,0.5,0.8,0.0,2.4,GF,1.9812,196,32,2.0,1.0,4.0,0.0,3.0,0.0,1.0,0.0,8.0,1.0,3.0,1.0,4.0,1.0,4.0,0.0,0.0,0.0,8.0,2.0,4.0,2.0,1.0,0.0,Role-Players
65,Dejan Kravic,SPB,33,20.7,4.7,7.9,0.6,0.0,0.0,0.0,1.3,2.5,0.53,1.6,2.2,1.9,2.7,4.6,0.7,1.0,0.7,10.8,C,2.1336,240,30,0.0,0.0,0.0,0.0,0.0,0.0,1.0,0.0,1.0,0.0,116.0,67.0,94.0,53.0,0.0,0.0,1.0,0.0,0.0,0.0,1.0,0.0,0.0,0.0,Elite-Scorers
66,Deon Thompson,UNI,34,19.5,3.4,7.1,0.477,0.7,2.1,0.343,0.7,1.0,0.697,1.1,1.9,1.0,2.2,3.2,0.8,0.7,0.4,8.2,PF,2.0726402,250,32,0.0,0.0,32.0,17.0,4.0,0.0,6.0,3.0,24.0,9.0,46.0,21.0,41.0,22.0,13.0,5.0,6.0,2.0,10.0,3.0,17.0,6.0,3.0,1.0,Big-Guys
67,Derrick Williams,VAL,31,17.0,2.5,5.2,0.494,0.7,1.8,0.404,1.2,1.8,0.632,1.2,1.7,0.3,1.9,2.2,0.6,0.5,0.1,7.0,F,2.0726402,240,29,2.0,1.0,12.0,2.0,4.0,1.0,1.0,0.0,17.0,7.0,32.0,16.0,33.0,18.0,6.0,3.0,3.0,1.0,9.0,6.0,7.0,1.0,8.0,1.0,Role-Players
68,Dino Radoncic,GBC,34,28.0,4.0,8.9,0.451,0.7,2.9,0.255,2.2,2.9,0.755,1.9,1.7,1.8,3.7,5.5,1.5,1.1,0.3,11.0,GF,2.0726402,225,22,0.0,0.0,10.0,4.0,13.0,2.0,12.0,8.0,26.0,7.0,76.0,43.0,75.0,40.0,20.0,6.0,6.0,2.0,16.0,6.0,7.0,2.0,2.0,0.0,Elite-Scorers
69,Dovydas Giedraitis,EST,16,18.8,2.4,5.6,0.422,1.2,3.4,0.37,0.4,0.6,0.778,0.8,2.3,0.4,0.7,1.1,0.7,0.5,0.0,6.4,PG,1.9507201,165,20,3.0,1.0,3.0,2.0,6.0,1.0,5.0,2.0,18.0,4.0,12.0,4.0,12.0,9.0,6.0,4.0,2.0,2.0,8.0,2.0,1.0,0.0,4.0,0.0,Role-Players
70,Dylan Ennis,ZAR,34,29.4,5.8,11.7,0.491,1.6,4.8,0.335,3.0,4.0,0.763,2.5,1.8,0.4,2.9,3.2,3.3,1.5,0.2,16.2,G,1.88976,195,29,3.0,1.0,10.0,3.0,11.0,3.0,8.0,3.0,48.0,22.0,89.0,55.0,92.0,56.0,63.0,14.0,9.0,4.0,17.0,7.0,11.0,8.0,2.0,1.0,Elite-Scorers
71,Dzherom Rendl,BETIS,20,16.6,3.4,7.8,0.439,0.9,2.7,0.333,1.4,1.6,0.844,2.3,1.8,0.1,1.0,1.1,2.2,0.5,0.0,9.1,G,1.55448,172,33,0.0,0.0,4.0,0.0,2.0,1.0,15.0,7.0,15.0,5.0,21.0,8.0,35.0,21.0,22.0,8.0,17.0,7.0,6.0,3.0,3.0,2.0,0.0,0.0,Role-Players
72,Edgar Vicedo,EST,29,17.1,1.7,4.2,0.405,0.7,1.9,0.339,0.6,0.6,0.944,0.3,1.6,0.7,2.1,2.8,0.5,0.9,0.3,4.6,SF,2.0726402,200,26,5.0,2.0,7.0,5.0,5.0,1.0,0.0,0.0,12.0,2.0,19.0,9.0,36.0,15.0,9.0,5.0,0.0,0.0,7.0,1.0,4.0,0.0,9.0,4.0,Role-Players
73,Edwin Jackson,EST,11,21.3,2.4,7.6,0.31,0.6,2.4,0.269,1.1,1.6,0.667,1.3,2.5,0.8,1.8,2.6,2.3,0.4,0.0,6.5,SG,1.88976,201,31,1.0,0.0,2.0,1.0,2.0,1.0,4.0,1.0,8.0,3.0,12.0,4.0,17.0,9.0,4.0,1.0,4.0,0.0,2.0,0.0,5.0,0.0,0.0,0.0,Role-Players
74,Edy Tavares,RMB,30,24.0,4.3,6.1,0.696,0.0,0.1,0.5,2.4,3.4,0.723,1.6,2.7,3.2,5.0,8.1,1.0,0.9,2.3,11.0,C,2.2250402,265,28,0.0,0.0,1.0,1.0,0.0,0.0,4.0,1.0,0.0,0.0,67.0,43.0,57.0,35.0,0.0,0.0,2.0,1.0,0.0,0.0,3.0,1.0,0.0,0.0,Big-Guys
75,Elias Harris,ZAR,17,23.1,5.0,7.9,0.63,0.2,0.5,0.5,3.7,3.9,0.94,1.4,2.3,1.0,3.4,4.4,1.5,0.6,0.2,13.9,SF,2.0726402,239,31,0.0,0.0,10.0,4.0,1.0,0.0,2.0,0.0,0.0,0.0,44.0,28.0,36.0,26.0,1.0,0.0,2.0,0.0,1.0,1.0,3.0,1.0,1.0,1.0,Big-Guys
76,Emanuel Cate,MUR,34,16.9,2.5,4.3,0.575,0.1,0.3,0.364,1.4,1.6,0.821,1.2,2.1,2.0,2.6,4.6,0.6,0.3,0.4,6.4,PF,2.10312,225,23,0.0,0.0,2.0,0.0,0.0,0.0,1.0,0.0,5.0,3.0,52.0,35.0,55.0,27.0,6.0,1.0,2.0,0.0,0.0,0.0,2.0,0.0,0.0,0.0,Big-Guys
78,Emir Sulejmanovic,CAN,34,12.7,1.9,3.4,0.561,0.4,1.1,0.405,0.4,0.8,0.577,0.4,2.0,0.8,2.4,3.1,0.4,0.4,0.1,4.6,PF,2.10312,220,25,1.0,1.0,12.0,7.0,1.0,1.0,2.0,1.0,5.0,1.0,22.0,13.0,27.0,17.0,5.0,1.0,1.0,0.0,7.0,1.0,3.0,0.0,5.0,4.0,Role-Players
79,Eulis Baez,MAN,25,17.8,2.1,4.4,0.486,0.8,2.0,0.373,1.5,2.1,0.731,0.8,1.9,1.3,1.6,2.9,1.4,0.8,0.3,6.5,PF,2.04216,225,38,2.0,1.0,5.0,3.0,2.0,0.0,1.0,0.0,18.0,7.0,28.0,16.0,16.0,9.0,11.0,2.0,1.0,1.0,7.0,3.0,1.0,1.0,3.0,3.0,Role-Players
80,Fabien Causeur,RMB,25,20.8,3.5,7.1,0.492,1.7,3.9,0.443,1.6,2.0,0.8,1.1,1.4,0.3,1.7,2.0,1.7,0.8,0.2,10.3,SG,1.92024,198,33,3.0,2.0,5.0,4.0,14.0,7.0,6.0,4.0,17.0,6.0,25.0,14.0,40.0,23.0,22.0,9.0,2.0,1.0,19.0,11.0,3.0,0.0,4.0,0.0,Role-Players
82,Facundo Campazzo,RMB,10,21.8,3.3,7.3,0.452,1.4,4.0,0.35,2.8,3.1,0.903,2.3,1.4,0.1,2.3,2.4,4.6,2.3,0.0,10.8,PG,1.557528,165,29,0.0,0.0,0.0,0.0,1.0,0.0,1.0,1.0,20.0,8.0,18.0,12.0,13.0,6.0,15.0,4.0,0.0,0.0,2.0,1.0,2.0,1.0,0.0,0.0,Role-Players
85,Fernando San Emeterio,VAL,27,15.4,2.0,4.5,0.434,0.6,2.0,0.296,0.9,1.2,0.727,0.7,0.8,0.2,1.9,2.1,1.3,0.4,0.0,5.4,GF,2.01168,232,37,1.0,1.0,2.0,2.0,2.0,1.0,6.0,2.0,17.0,4.0,32.0,22.0,23.0,7.0,18.0,3.0,2.0,1.0,7.0,4.0,4.0,3.0,2.0,0.0,Role-Players
86,Ferran Bassas,JOV,34,24.4,3.2,6.9,0.462,1.7,4.1,0.407,1.2,1.4,0.891,2.7,2.4,0.5,1.6,2.2,4.8,0.9,0.0,9.2,PG,1.8288,188,28,3.0,1.0,12.0,5.0,7.0,4.0,4.0,2.0,45.0,20.0,39.0,22.0,35.0,21.0,37.0,14.0,4.0,1.0,12.0,5.0,3.0,2.0,3.0,2.0,Playmakers
87,Fran Guerra,CAN,33,14.2,3.0,4.2,0.705,0.1,0.2,0.4,1.6,2.4,0.684,1.0,1.9,0.8,1.8,2.7,1.1,0.5,0.3,7.6,C,2.1336,250,28,0.0,0.0,0.0,0.0,0.0,0.0,1.0,0.0,0.0,0.0,56.0,35.0,41.0,30.0,2.0,0.0,0.0,0.0,1.0,1.0,0.0,0.0,0.0,0.0,Big-Guys
88,Francis Alonso,UNI,34,17.4,2.5,5.5,0.457,1.5,3.5,0.425,1.5,1.8,0.867,1.1,1.7,0.5,0.7,1.2,0.7,0.5,0.0,8.0,G,1.92024,185,24,2.0,1.0,13.0,5.0,12.0,4.0,4.0,2.0,39.0,17.0,20.0,14.0,18.0,6.0,22.0,11.0,11.0,6.0,17.0,5.0,10.0,5.0,8.0,4.0,Playmakers
89,Frankie Ferrari,MAN,11,20.6,4.4,10.9,0.4,1.8,5.3,0.345,1.3,1.4,0.933,2.6,2.3,0.4,1.3,1.6,5.3,1.2,0.0,11.8,G,1.85928,188,25,2.0,1.0,10.0,8.0,8.0,3.0,7.0,4.0,45.0,14.0,46.0,17.0,40.0,17.0,45.0,17.0,13.0,5.0,9.0,4.0,7.0,1.0,0.0,0.0,Playmakers
97,Gabriel Deck,RMB,21,23.3,3.4,6.4,0.533,0.7,2.1,0.333,2.4,2.8,0.862,1.2,1.6,0.7,3.2,4.0,1.5,0.6,0.0,10.0,F,2.01168,210,26,1.0,0.0,3.0,1.0,5.0,1.0,1.0,0.0,13.0,4.0,28.0,19.0,44.0,30.0,12.0,5.0,4.0,1.0,8.0,4.0,3.0,0.0,3.0,1.0,Big-Guys
98,Gal Mekel,UNI,9,16.5,2.4,5.4,0.449,0.0,0.6,0.0,1.1,1.6,0.714,1.6,1.6,0.1,1.2,1.3,3.7,0.6,0.1,6.0,PG,1.92024,202,32,0.0,0.0,1.0,1.0,1.0,0.0,3.0,1.0,1.0,0.0,19.0,12.0,10.0,5.0,2.0,0.0,1.0,0.0,0.0,0.0,1.0,0.0,0.0,0.0,Role-Players
99,Giorgi Shermadini,CAN,34,23.5,6.2,9.3,0.667,0.0,0.0,0.0,4.8,5.4,0.901,2.2,2.0,2.3,3.1,5.4,1.8,0.9,0.5,17.2,C,2.16408,250,31,0.0,0.0,2.0,2.0,0.0,0.0,5.0,5.0,0.0,0.0,127.0,76.0,112.0,71.0,0.0,0.0,2.0,0.0,0.0,0.0,1.0,1.0,0.0,0.0,Elite-Scorers
100,Goran Huskic,BBB,21,14.2,2.2,4.0,0.554,0.0,0.1,0.0,0.9,1.2,0.72,1.3,2.1,0.7,1.8,2.5,1.4,0.4,0.1,5.2,C,2.10312,225,28,0.0,0.0,1.0,0.0,0.0,0.0,0.0,0.0,0.0,0.0,37.0,22.0,40.0,25.0,1.0,0.0,1.0,0.0,0.0,0.0,4.0,0.0,0.0,0.0,Big-Guys
103,Guillem Jou,MAN,23,19.9,1.7,4.6,0.377,0.9,3.1,0.282,1.0,1.2,0.786,0.7,1.0,1.3,2.7,4.0,0.9,0.7,0.2,5.3,SG,2.01168,180,23,1.0,1.0,6.0,2.0,6.0,2.0,1.0,0.0,10.0,3.0,10.0,3.0,15.0,10.0,17.0,4.0,2.0,0.0,8.0,3.0,3.0,0.0,5.0,1.0,Role-Players
104,Guillem Vives,VAL,25,19.5,1.8,4.7,0.385,0.8,2.7,0.309,0.4,0.5,0.769,1.0,2.1,0.2,1.5,1.8,2.2,1.1,0.4,4.8,PG,1.92024,172,27,1.0,0.0,5.0,3.0,4.0,2.0,3.0,3.0,18.0,4.0,19.0,7.0,26.0,15.0,20.0,8.0,1.0,0.0,7.0,1.0,0.0,0.0,5.0,1.0,Role-Players
105,Haukur Palsson,AND,19,20.3,2.7,6.7,0.402,1.4,3.6,0.377,1.3,1.8,0.686,2.0,2.1,0.3,2.2,2.5,1.4,0.9,0.1,8.0,F,2.01168,190,28,1.0,1.0,10.0,3.0,5.0,1.0,4.0,1.0,27.0,11.0,20.0,9.0,13.0,4.0,18.0,6.0,7.0,3.0,7.0,2.0,4.0,3.0,3.0,2.0,Role-Players
107,Ilimane Diop,CAJ,28,10.4,1.5,3.4,0.436,0.5,1.3,0.378,1.0,1.1,0.844,0.4,1.9,0.5,1.2,1.8,0.5,0.2,0.4,4.4,C,1.862328,216,25,0.0,0.0,1.0,0.0,1.0,0.0,5.0,1.0,13.0,4.0,11.0,5.0,17.0,3.0,13.0,8.0,2.0,1.0,4.0,0.0,4.0,3.0,1.0,0.0,Role-Players
108,Isaiah Taylor,MUR,10,26.4,5.4,12.4,0.435,1.4,4.6,0.304,1.3,1.5,0.867,2.0,3.3,0.4,1.2,1.6,3.3,0.6,0.1,13.5,G,1.92024,170,26,0.0,0.0,1.0,0.0,3.0,0.0,3.0,1.0,9.0,3.0,29.0,13.0,32.0,18.0,16.0,6.0,1.0,1.0,4.0,0.0,1.0,0.0,0.0,0.0,Role-Players
109,J.JJ Barea,EST,18,22.8,4.3,12.0,0.361,1.6,5.1,0.308,2.4,2.9,0.811,2.3,2.7,0.3,1.2,1.6,4.7,0.9,0.0,12.6,G,1.55448,180,36,1.0,1.0,10.0,4.0,5.0,1.0,14.0,4.0,28.0,7.0,37.0,17.0,41.0,16.0,27.0,7.0,8.0,3.0,8.0,3.0,2.0,1.0,1.0,1.0,Playmakers
110,Jaime Echenique,GBC,16,22.1,5.4,9.9,0.544,0.1,0.2,0.667,2.9,3.7,0.797,2.2,3.1,2.2,2.6,4.8,0.6,1.2,1.1,13.8,C,1.862328,258,23,0.0,0.0,5.0,2.0,0.0,0.0,1.0,1.0,0.0,0.0,69.0,32.0,50.0,29.0,1.0,1.0,3.0,1.0,0.0,0.0,4.0,0.0,0.0,0.0,Big-Guys
111,Jaime Fernandez,UNI,25,22.0,3.6,8.3,0.44,1.1,3.0,0.373,2.2,2.8,0.786,2.0,2.4,0.2,1.4,1.6,4.0,1.0,0.1,10.6,PG,1.88976,178,27,0.0,0.0,4.0,1.0,3.0,0.0,5.0,1.0,27.0,8.0,57.0,28.0,43.0,21.0,21.0,11.0,6.0,2.0,7.0,4.0,3.0,0.0,5.0,3.0,Big-Guys
114,Jake Cohen,OBR,33,22.1,2.9,6.5,0.449,0.9,2.8,0.337,1.7,1.9,0.905,1.3,2.2,1.0,2.8,3.8,1.2,0.5,0.3,8.5,FC,1.85928,235,30,2.0,1.0,7.0,2.0,6.0,2.0,3.0,1.0,33.0,11.0,56.0,30.0,50.0,29.0,29.0,10.0,0.0,0.0,5.0,1.0,5.0,0.0,2.0,2.0,Big-Guys
115,Jake Wiley,GCN,11,22.3,4.2,8.3,0.505,0.5,1.3,0.357,1.0,1.6,0.611,1.8,1.7,1.0,2.8,3.8,1.0,0.7,0.5,9.8,F,2.0726402,220,26,0.0,0.0,6.0,3.0,1.0,0.0,10.0,5.0,5.0,2.0,46.0,22.0,48.0,25.0,3.0,0.0,8.0,6.0,4.0,2.0,4.0,1.0,0.0,0.0,Big-Guys
119,James Feldeine,BETIS,34,26.9,5.4,12.9,0.423,2.0,5.8,0.34,2.0,2.5,0.802,1.8,1.6,0.5,1.8,2.3,2.5,1.2,0.2,14.9,SG,1.9507201,190,32,1.0,0.0,14.0,4.0,22.0,9.0,16.0,4.0,76.0,28.0,73.0,37.0,94.0,52.0,69.0,18.0,16.0,8.0,14.0,7.0,12.0,5.0,2.0,1.0,Elite-Scorers
120,James Webb III,MUR,15,24.9,3.6,7.7,0.466,1.5,3.7,0.393,1.9,2.5,0.763,1.0,2.8,2.1,4.3,6.3,1.0,0.9,0.2,10.6,F,2.10312,202,27,1.0,0.0,3.0,2.0,9.0,4.0,2.0,0.0,14.0,4.0,18.0,8.0,21.0,12.0,15.0,6.0,1.0,1.0,5.0,2.0,2.0,0.0,3.0,1.0,Role-Players
121,Jan Span,GBC,34,19.9,2.4,8.2,0.291,1.1,4.9,0.229,0.3,0.4,0.643,1.3,1.4,0.3,0.8,1.1,1.7,0.6,0.0,6.1,PG,1.85928,190,28,1.0,0.0,9.0,2.0,17.0,4.0,10.0,2.0,51.0,13.0,38.0,18.0,20.0,7.0,56.0,14.0,10.0,3.0,18.0,4.0,6.0,1.0,4.0,2.0,Playmakers
122,Jaroslaw Zyskowski,BBB,28,20.1,2.9,6.7,0.436,0.8,2.2,0.365,2.1,2.9,0.732,1.1,2.1,0.5,1.6,2.1,0.5,0.5,0.0,8.8,SF,2.04216,220,28,1.0,0.0,11.0,4.0,1.0,1.0,4.0,3.0,16.0,6.0,60.0,25.0,40.0,23.0,18.0,3.0,2.0,0.0,10.0,7.0,7.0,2.0,3.0,2.0,Big-Guys
123,Jasiel Rivero,SPB,31,23.4,4.6,8.1,0.576,0.5,1.9,0.283,2.8,4.2,0.664,1.8,2.5,1.7,3.9,5.7,1.0,0.5,0.5,12.6,C,2.10312,220,27,0.0,0.0,4.0,2.0,7.0,2.0,4.0,1.0,18.0,6.0,73.0,48.0,80.0,56.0,23.0,5.0,2.0,1.0,5.0,2.0,4.0,2.0,0.0,0.0,Elite-Scorers
124,Jason Thompson,ZAR,17,18.2,3.4,6.1,0.563,0.0,0.1,0.0,1.4,2.7,0.522,1.7,3.4,0.8,4.0,4.8,1.5,0.4,0.2,8.2,PF,1.862328,250,34,0.0,0.0,2.0,0.0,0.0,0.0,7.0,2.0,0.0,0.0,38.0,22.0,24.0,10.0,0.0,0.0,8.0,4.0,0.0,0.0,2.0,2.0,0.0,0.0,Role-Players
126,Javier Beiran,GCN,28,23.0,2.5,5.0,0.489,0.7,2.2,0.302,0.3,0.5,0.643,0.8,0.6,1.0,3.6,4.6,2.1,0.5,0.2,5.9,SF,2.01168,200,33,0.0,0.0,10.0,4.0,12.0,3.0,3.0,0.0,9.0,5.0,27.0,21.0,30.0,21.0,10.0,1.0,1.0,0.0,11.0,3.0,7.0,1.0,3.0,1.0,Role-Players
128,Jaycee Carroll,RMB,28,15.6,3.6,7.3,0.493,1.7,4.0,0.429,1.9,2.0,0.946,0.6,1.5,0.5,1.4,1.9,0.6,0.4,0.0,10.8,SG,1.88976,170,37,3.0,1.0,9.0,4.0,12.0,4.0,9.0,3.0,34.0,16.0,29.0,17.0,27.0,18.0,36.0,15.0,4.0,2.0,10.0,5.0,7.0,3.0,2.0,2.0,Playmakers
129,Jaylon Brown,BBB,33,26.2,4.1,9.8,0.42,1.4,4.2,0.338,2.8,3.3,0.836,2.1,2.8,0.4,1.7,2.1,2.3,0.7,0.1,12.5,G,1.8288,185,26,1.0,0.0,10.0,1.0,6.0,2.0,23.0,12.0,50.0,21.0,55.0,23.0,50.0,27.0,50.0,13.0,25.0,10.0,15.0,8.0,4.0,1.0,3.0,1.0,Playmakers
130,Jeffery Taylor,RMB,26,16.1,1.8,3.6,0.489,0.8,2.2,0.386,0.9,1.3,0.727,0.8,1.6,0.5,1.3,1.8,0.4,0.5,0.0,5.3,SF,2.04216,225,31,1.0,0.0,9.0,1.0,6.0,0.0,1.0,0.0,6.0,3.0,7.0,5.0,15.0,10.0,3.0,1.0,0.0,0.0,10.0,6.0,5.0,1.0,3.0,3.0,Role-Players
131,Jeremy Senglin,AND,31,24.1,3.9,8.9,0.442,1.2,3.4,0.356,2.5,3.1,0.792,1.3,2.4,0.5,2.0,2.5,1.7,0.5,0.1,11.5,G,1.8288,190,25,0.0,0.0,8.0,4.0,7.0,2.0,25.0,15.0,32.0,11.0,46.0,21.0,43.0,22.0,36.0,13.0,26.0,12.0,14.0,5.0,5.0,4.0,1.0,1.0,Playmakers
132,Jerome Jordan,BETIS,20,15.6,2.1,4.5,0.483,0.0,0.0,0.0,1.5,2.1,0.714,1.1,1.9,1.2,2.7,3.9,0.8,0.5,0.6,5.8,C,2.1336,253,34,0.0,0.0,2.0,0.0,0.0,0.0,1.0,0.0,1.0,0.0,24.0,6.0,34.0,15.0,0.0,0.0,7.0,5.0,0.0,0.0,1.0,0.0,0.0,0.0,Role-Players
133,Joan Sastre,VAL,20,17.8,2.5,4.7,0.538,1.1,2.4,0.447,0.7,0.8,0.824,1.0,1.1,0.3,1.0,1.3,1.9,0.7,0.3,6.8,SF,2.04216,200,29,1.0,0.0,3.0,2.0,2.0,1.0,7.0,1.0,8.0,2.0,20.0,13.0,14.0,11.0,13.0,8.0,0.0,0.0,8.0,5.0,0.0,0.0,3.0,1.0,Role-Players
134,Joel Parra,JOV,34,13.5,1.5,2.9,0.5,0.4,1.0,0.412,0.6,0.8,0.815,0.4,1.3,0.9,1.9,2.9,0.3,0.4,0.1,4.0,F,2.0726402,210,20,3.0,1.0,7.0,1.0,3.0,2.0,2.0,0.0,1.0,0.0,27.0,15.0,25.0,14.0,3.0,2.0,1.0,0.0,4.0,0.0,4.0,2.0,4.0,0.0,Role-Players
135,John Jenkins,BBB,20,27.5,4.7,10.5,0.443,2.8,6.8,0.407,0.9,1.2,0.76,1.5,2.1,0.4,1.4,1.8,1.4,0.8,0.1,13.0,SG,1.9507201,215,29,4.0,2.0,15.0,6.0,8.0,2.0,16.0,7.0,49.0,23.0,14.0,9.0,15.0,8.0,36.0,9.0,16.0,8.0,14.0,7.0,9.0,7.0,6.0,3.0,Playmakers
136,John Roberson,EST,31,22.0,3.7,8.9,0.419,2.5,6.1,0.404,1.3,1.3,0.951,1.3,1.9,0.2,1.0,1.3,3.0,0.5,0.0,11.2,PG,1.557528,168,32,1.0,0.0,9.0,3.0,12.0,3.0,22.0,9.0,68.0,25.0,16.0,9.0,30.0,15.0,67.0,30.0,15.0,5.0,18.0,10.0,2.0,1.0,4.0,1.0,Playmakers
137,John Shurna,GCN,32,23.3,2.8,5.6,0.508,1.0,2.4,0.421,0.8,1.1,0.794,0.6,1.5,1.3,3.1,4.4,1.1,1.2,0.5,7.5,F,2.10312,215,30,1.0,0.0,17.0,8.0,16.0,4.0,2.0,1.0,10.0,5.0,26.0,15.0,38.0,20.0,18.0,11.0,4.0,3.0,13.0,4.0,10.0,4.0,4.0,2.0,Role-Players
138,Johnny Dee,GBC,34,20.5,3.4,8.7,0.389,2.4,6.0,0.395,1.4,1.6,0.852,1.4,2.4,0.3,1.6,1.9,1.1,0.8,0.0,10.5,G,1.8288,185,28,3.0,3.0,11.0,1.0,13.0,6.0,9.0,3.0,56.0,26.0,23.0,13.0,22.0,9.0,69.0,20.0,9.0,2.0,23.0,10.0,8.0,3.0,2.0,1.0,Playmakers
139,Jonathan Barreiro,ZAR,34,22.6,3.2,6.8,0.466,1.2,3.3,0.363,1.6,2.0,0.779,1.0,1.6,1.4,2.9,4.3,1.0,0.4,0.2,9.1,SF,2.0726402,200,24,2.0,1.0,10.0,3.0,13.0,4.0,3.0,1.0,19.0,5.0,52.0,34.0,46.0,22.0,30.0,17.0,2.0,1.0,23.0,4.0,8.0,3.0,5.0,1.0,Big-Guys
140,Jonathan Rousselle,BBB,27,24.5,3.2,6.9,0.468,1.3,3.6,0.354,2.3,2.8,0.827,2.2,3.1,0.3,1.6,1.9,4.2,0.9,0.0,10.0,PG,1.92024,185,31,0.0,0.0,2.0,0.0,0.0,0.0,1.0,0.0,36.0,11.0,38.0,22.0,41.0,25.0,43.0,20.0,4.0,1.0,7.0,2.0,1.0,0.0,3.0,0.0,Playmakers
141,Jonathan Tabu,MAN,22,16.0,2.0,6.5,0.317,1.4,4.4,0.32,1.9,2.1,0.872,2.5,2.2,0.3,1.2,1.5,3.5,0.7,0.0,7.4,PG,1.8288,194,35,1.0,0.0,3.0,1.0,4.0,2.0,9.0,3.0,43.0,15.0,14.0,3.0,10.0,6.0,31.0,8.0,9.0,1.0,6.0,3.0,1.0,0.0,0.0,0.0,Playmakers
142,Jordan Davis,MUR,32,21.7,4.2,10.2,0.416,0.4,1.8,0.25,2.5,3.7,0.664,2.2,2.5,0.6,1.2,1.8,2.2,1.1,0.2,11.4,PG,1.88976,185,23,1.0,0.0,9.0,2.0,5.0,1.0,19.0,7.0,14.0,3.0,93.0,46.0,107.0,44.0,19.0,6.0,15.0,4.0,4.0,0.0,1.0,0.0,1.0,0.0,Elite-Scorers
148,Jovan Novak,MON,16,21.8,2.6,5.8,0.452,1.4,3.8,0.367,1.2,1.8,0.655,1.8,1.7,0.3,1.6,1.9,3.6,0.6,0.0,7.8,G,1.92024,187,26,0.0,0.0,1.0,1.0,1.0,0.0,1.0,1.0,21.0,6.0,11.0,5.0,18.0,12.0,23.0,14.0,1.0,0.0,5.0,1.0,0.0,0.0,0.0,0.0,Role-Players
149,Juan Vaulet,MAN,35,22.2,3.1,6.0,0.519,0.4,1.3,0.289,1.1,1.7,0.661,1.0,2.5,1.3,2.7,3.9,1.0,0.6,0.4,7.7,F,2.01168,200,24,3.0,1.0,16.0,6.0,3.0,1.0,4.0,1.0,7.0,1.0,52.0,29.0,59.0,30.0,1.0,1.0,5.0,1.0,3.0,1.0,2.0,0.0,8.0,3.0,Big-Guys
151,Kartal Ozmizrak,OBR,15,19.5,2.4,5.7,0.424,1.3,3.6,0.37,1.5,1.6,0.917,1.4,2.9,0.0,1.5,1.5,2.1,0.7,0.1,7.6,PG,1.88976,163,25,0.0,0.0,1.0,0.0,3.0,1.0,2.0,0.0,15.0,5.0,10.0,4.0,7.0,6.0,18.0,4.0,3.0,0.0,5.0,3.0,2.0,1.0,1.0,0.0,Role-Players
152,Kassius Robertson,OBR,31,27.1,4.9,11.7,0.419,2.8,6.7,0.411,2.6,3.5,0.745,2.0,1.4,0.4,1.4,1.7,2.7,0.8,0.1,15.2,G,1.92024,180,26,3.0,3.0,14.0,7.0,10.0,2.0,17.0,9.0,76.0,31.0,48.0,20.0,40.0,17.0,48.0,19.0,18.0,7.0,26.0,14.0,13.0,3.0,5.0,1.0,Playmakers
153,Ken Horton,SPB,32,22.4,3.2,7.0,0.458,1.5,4.0,0.37,0.4,0.6,0.722,0.7,1.9,0.8,3.6,4.4,1.1,1.2,0.2,8.3,F,2.01168,190,31,0.0,0.0,16.0,7.0,17.0,7.0,4.0,1.0,34.0,11.0,36.0,21.0,28.0,14.0,26.0,9.0,3.0,1.0,19.0,7.0,5.0,1.0,2.0,1.0,Playmakers
155,Klemen Prepelic,VAL,32,20.5,3.6,7.8,0.458,1.6,4.6,0.34,2.7,2.8,0.955,1.7,2.0,0.3,1.5,1.8,2.7,0.7,0.0,11.4,SG,1.92024,170,28,1.0,0.0,9.0,5.0,8.0,5.0,12.0,6.0,49.0,16.0,44.0,30.0,39.0,25.0,38.0,9.0,1.0,0.0,17.0,7.0,7.0,1.0,4.0,2.0,Playmakers
156,"Kwan Cheatham, Jr.",MON,16,18.7,2.2,5.4,0.414,1.4,3.4,0.4,0.4,0.5,0.875,0.5,1.7,0.6,2.2,2.8,0.4,0.6,0.2,6.3,F,1.85928,235,25,0.0,0.0,3.0,1.0,7.0,2.0,6.0,1.0,21.0,5.0,13.0,9.0,10.0,2.0,8.0,4.0,1.0,0.0,6.0,5.0,3.0,1.0,2.0,2.0,Role-Players
157,Kyle Alexander,MON,22,22.0,3.7,6.2,0.603,0.3,0.6,0.462,1.6,2.4,0.66,1.3,2.6,2.8,3.8,6.5,0.4,0.5,1.1,9.3,PF,1.85928,216,24,0.0,0.0,3.0,0.0,0.0,0.0,9.0,6.0,5.0,2.0,46.0,22.0,35.0,22.0,5.0,2.0,3.0,2.0,1.0,1.0,0.0,0.0,1.0,0.0,Big-Guys
158,Kyle Kuric,FCB,30,17.4,2.9,5.6,0.515,1.4,3.1,0.441,1.6,1.7,0.904,0.7,1.1,0.5,1.1,1.7,0.6,0.6,0.1,8.7,SG,1.9507201,195,31,4.0,2.0,9.0,5.0,6.0,2.0,15.0,7.0,28.0,13.0,22.0,11.0,22.0,16.0,33.0,14.0,12.0,8.0,6.0,2.0,5.0,3.0,1.0,0.0,Playmakers
159,Laurynas Beliauskas,OBR,34,18.5,2.6,6.3,0.413,1.3,4.0,0.324,0.8,1.1,0.737,1.1,1.6,0.3,1.2,1.5,1.6,0.6,0.1,7.3,G,1.9507201,175,23,0.0,0.0,11.0,4.0,8.0,2.0,15.0,8.0,31.0,9.0,27.0,14.0,18.0,10.0,37.0,12.0,9.0,7.0,12.0,4.0,9.0,2.0,6.0,1.0,Playmakers
160,Laurynas Birutis,OBR,30,20.5,3.7,6.2,0.597,0.0,0.0,0.0,3.0,4.2,0.714,1.6,1.9,1.8,3.4,5.2,0.6,0.5,0.8,10.4,C,2.16408,242,23,0.0,0.0,2.0,0.0,0.0,0.0,0.0,0.0,0.0,0.0,64.0,33.0,78.0,42.0,0.0,0.0,0.0,0.0,0.0,0.0,1.0,0.0,0.0,0.0,Big-Guys
161,Leandro Bolmaro,FCB,31,15.2,1.9,3.8,0.508,0.7,1.5,0.457,1.5,1.7,0.885,1.2,1.5,0.4,1.0,1.4,1.8,0.8,0.2,6.0,SG,2.04216,182,20,2.0,1.0,9.0,5.0,1.0,1.0,4.0,2.0,7.0,5.0,19.0,9.0,19.0,7.0,19.0,10.0,8.0,5.0,8.0,2.0,3.0,2.0,0.0,0.0,Role-Players
162,Leo Westermann,FCB,15,15.2,1.4,3.9,0.356,0.8,2.4,0.333,0.3,0.4,0.667,1.3,1.7,0.3,1.1,1.4,2.9,0.3,0.0,3.9,SF,2.01168,197,28,1.0,0.0,1.0,1.0,1.0,0.0,4.0,2.0,12.0,5.0,11.0,7.0,3.0,0.0,14.0,4.0,4.0,0.0,1.0,0.0,2.0,0.0,0.0,0.0,Role-Players
163,Leonardo Meindl,MON,34,25.8,4.1,9.3,0.445,0.6,2.4,0.263,2.2,3.3,0.67,1.8,2.8,2.1,3.8,5.8,1.6,1.5,0.1,11.1,SF,2.04216,200,27,3.0,1.0,10.0,2.0,7.0,1.0,8.0,2.0,22.0,9.0,92.0,41.0,95.0,53.0,19.0,4.0,10.0,4.0,10.0,3.0,7.0,0.0,4.0,0.0,Elite-Scorers
164,Louis Labeyrie,VAL,29,23.4,3.4,5.6,0.621,1.1,2.2,0.492,1.2,1.7,0.714,0.8,0.7,1.2,3.8,5.0,0.6,0.6,0.4,9.2,PF,1.85928,200,29,0.0,0.0,15.0,7.0,3.0,2.0,3.0,1.0,8.0,4.0,25.0,19.0,30.0,19.0,23.0,9.0,1.0,0.0,6.0,3.0,9.0,8.0,3.0,2.0,Role-Players
165,Luca Vildoza,CAJ,27,23.5,3.6,8.6,0.42,1.6,4.5,0.355,2.1,2.6,0.829,2.3,1.4,0.3,1.4,1.7,3.7,1.6,0.1,10.9,PG,1.92024,190,25,1.0,1.0,18.0,5.0,4.0,1.0,11.0,3.0,39.0,14.0,28.0,16.0,41.0,22.0,41.0,16.0,14.0,7.0,8.0,2.0,6.0,2.0,3.0,0.0,Playmakers
166,Lucas Faggiano,GBC,34,24.2,2.9,7.0,0.408,1.0,2.6,0.367,1.0,1.4,0.688,1.8,2.2,0.4,1.7,2.1,3.5,1.0,0.1,7.6,G,1.88976,185,31,1.0,1.0,5.0,1.0,6.0,2.0,18.0,5.0,25.0,12.0,51.0,27.0,48.0,26.0,40.0,11.0,10.0,1.0,8.0,4.0,4.0,0.0,0.0,0.0,Playmakers
167,Ludde Hakanson,BBB,24,21.9,2.8,7.3,0.383,1.2,3.4,0.346,1.0,1.2,0.821,2.0,1.9,0.4,1.6,2.0,3.1,0.7,0.2,7.7,PG,1.92024,184,24,1.0,1.0,5.0,0.0,0.0,0.0,10.0,7.0,31.0,14.0,27.0,9.0,25.0,11.0,32.0,5.0,9.0,3.0,2.0,0.0,9.0,5.0,0.0,0.0,Playmakers
168,Makai Mason,MAN,28,21.3,3.7,10.0,0.373,1.4,4.8,0.296,1.8,2.2,0.836,1.8,2.5,0.2,0.9,1.1,2.2,0.5,0.1,10.7,G,1.85928,185,25,1.0,0.0,10.0,5.0,9.0,2.0,9.0,3.0,42.0,11.0,37.0,19.0,62.0,30.0,48.0,14.0,7.0,2.0,13.0,4.0,11.0,4.0,2.0,1.0,Playmakers
170,Malcolm Thomas,UNI,12,19.9,2.7,4.7,0.571,0.0,0.2,0.0,1.4,1.7,0.85,0.9,3.0,2.2,2.8,5.1,1.2,0.7,0.8,6.8,F,2.10312,225,32,0.0,0.0,0.0,0.0,0.0,0.0,0.0,0.0,0.0,0.0,24.0,15.0,18.0,7.0,1.0,0.0,2.0,1.0,0.0,0.0,0.0,0.0,0.0,0.0,Role-Players
171,Malik Dime,AND,18,13.5,2.2,3.8,0.565,0.0,0.1,0.0,1.4,1.9,0.714,1.2,2.4,1.3,1.9,3.2,0.1,0.6,1.8,5.7,PF,2.10312,220,28,0.0,0.0,1.0,0.0,0.0,0.0,1.0,1.0,0.0,0.0,18.0,7.0,18.0,10.0,0.0,0.0,1.0,0.0,0.0,0.0,0.0,0.0,0.0,0.0,Role-Players
172,Mamadou Niang,BETIS,13,13.4,1.8,2.8,0.649,0.0,0.1,0.0,0.5,1.5,0.35,0.8,1.5,1.1,2.2,3.3,0.5,0.2,0.3,4.2,C,1.85928,235,27,0.0,0.0,0.0,0.0,0.0,0.0,0.0,0.0,1.0,0.0,15.0,8.0,15.0,11.0,0.0,0.0,0.0,0.0,0.0,0.0,0.0,0.0,0.0,0.0,Role-Players
173,Marc Garcia,MON,25,18.5,3.3,7.8,0.428,1.3,3.3,0.39,2.4,2.8,0.843,1.2,1.4,0.6,1.4,2.1,0.7,0.6,0.1,10.3,GF,2.01168,180,24,3.0,0.0,9.0,4.0,7.0,4.0,2.0,1.0,26.0,5.0,45.0,23.0,46.0,18.0,23.0,10.0,5.0,4.0,10.0,5.0,4.0,2.0,4.0,3.0,Big-Guys
174,Marcelinho Huertas,CAN,33,25.7,5.5,10.6,0.519,1.2,2.6,0.437,2.1,2.2,0.919,2.6,1.5,0.4,1.6,2.0,6.2,0.7,0.0,14.2,PG,1.92024,200,37,0.0,0.0,21.0,10.0,5.0,1.0,41.0,18.0,24.0,14.0,61.0,32.0,69.0,43.0,34.0,15.0,33.0,19.0,6.0,3.0,10.0,3.0,2.0,0.0,Elite-Scorers
176,Martin Hermannsson,VAL,30,16.9,2.5,5.8,0.431,0.8,2.1,0.381,1.6,1.7,0.923,1.4,2.2,0.3,1.1,1.4,2.8,0.6,0.0,7.4,G,1.92024,170,26,0.0,0.0,6.0,1.0,2.0,1.0,11.0,5.0,21.0,9.0,34.0,16.0,54.0,26.0,22.0,7.0,6.0,3.0,5.0,2.0,1.0,0.0,0.0,0.0,Big-Guys
177,Martynas Sajus,MAN,29,11.3,2.4,3.8,0.627,0.0,0.0,0.0,1.7,2.1,0.787,1.1,1.9,1.4,1.7,3.2,0.4,0.1,0.2,6.4,C,2.0726402,247,25,0.0,0.0,0.0,0.0,0.0,0.0,7.0,4.0,0.0,0.0,38.0,24.0,41.0,27.0,0.0,0.0,10.0,3.0,0.0,0.0,2.0,1.0,0.0,0.0,Big-Guys
178,Matt Costello,GCN,27,23.4,4.9,9.8,0.496,1.3,3.4,0.376,1.4,1.9,0.712,1.3,2.9,2.0,3.8,5.8,1.3,0.4,1.1,12.4,C,2.10312,245,27,0.0,0.0,5.0,4.0,8.0,3.0,5.0,2.0,31.0,8.0,62.0,33.0,62.0,29.0,26.0,12.0,1.0,0.0,7.0,1.0,5.0,2.0,1.0,1.0,Big-Guys
179,Matt Janning,MAN,14,24.4,3.4,8.4,0.407,2.5,6.2,0.402,0.8,0.9,0.846,1.0,1.4,0.3,2.0,2.3,2.1,0.5,0.1,10.1,GF,1.9507201,198,32,2.0,1.0,5.0,0.0,8.0,5.0,2.0,0.0,23.0,12.0,9.0,4.0,7.0,3.0,27.0,9.0,4.0,2.0,8.0,4.0,2.0,0.0,0.0,0.0,Role-Players
180,Melo Trimble,MON,32,28.0,5.0,11.8,0.426,1.9,5.8,0.335,4.8,5.6,0.866,3.1,2.5,0.2,2.1,2.3,3.3,1.4,0.1,16.8,G,1.92024,195,26,1.0,0.0,3.0,1.0,9.0,2.0,6.0,1.0,55.0,23.0,89.0,50.0,76.0,35.0,92.0,30.0,12.0,6.0,11.0,4.0,1.0,1.0,3.0,1.0,Elite-Scorers
181,Mike Carlson,GBC,17,16.2,2.4,5.4,0.435,0.8,2.8,0.298,0.4,0.8,0.538,0.6,2.1,0.8,1.5,2.3,0.6,0.5,0.2,5.9,PF,2.10312,200,29,1.0,0.0,4.0,3.0,2.0,1.0,5.0,0.0,6.0,1.0,20.0,14.0,11.0,7.0,22.0,8.0,0.0,0.0,8.0,2.0,2.0,1.0,1.0,0.0,Role-Players
182,Mike Daum,OBR,28,21.2,3.5,8.0,0.44,1.2,3.4,0.372,1.7,2.1,0.797,1.4,2.4,1.2,3.1,4.4,0.5,0.6,0.2,10.0,F,2.10312,235,25,0.0,0.0,14.0,7.0,4.0,1.0,3.0,2.0,26.0,8.0,40.0,19.0,41.0,21.0,21.0,6.0,5.0,1.0,10.0,5.0,9.0,3.0,2.0,1.0,Big-Guys
183,Mike Tobey,VAL,33,18.7,4.1,6.6,0.624,0.8,1.9,0.403,0.9,1.3,0.714,1.0,1.8,1.3,3.3,4.6,0.9,0.4,0.4,9.9,C,2.1336,260,26,0.0,0.0,5.0,3.0,1.0,0.0,2.0,1.0,27.0,8.0,39.0,24.0,40.0,24.0,27.0,12.0,1.0,0.0,2.0,2.0,3.0,1.0,0.0,0.0,Big-Guys
186,Miquel Salvo,SPB,32,14.9,1.6,3.5,0.446,0.6,1.7,0.345,0.8,1.0,0.774,0.4,1.8,0.6,1.5,2.1,0.4,0.5,0.1,4.5,F,2.10312,198,26,2.0,0.0,6.0,4.0,12.0,6.0,2.0,2.0,8.0,3.0,21.0,12.0,28.0,15.0,8.0,3.0,1.0,0.0,11.0,1.0,2.0,0.0,1.0,0.0,Role-Players
188,Nacho Llovet,AND,24,15.8,1.6,3.2,0.506,0.1,0.5,0.182,0.7,0.9,0.727,0.4,1.8,1.5,2.2,3.8,0.9,0.5,0.2,4.0,FC,2.0726402,225,29,2.0,0.0,2.0,1.0,0.0,0.0,0.0,0.0,2.0,1.0,33.0,19.0,26.0,13.0,3.0,0.0,0.0,0.0,2.0,1.0,1.0,1.0,0.0,0.0,Role-Players
189,Nemanja Djurisic,EST,33,17.9,2.4,5.3,0.454,0.8,2.4,0.35,0.5,0.7,0.708,1.0,2.1,0.9,2.4,3.2,0.8,0.4,0.2,6.2,F,2.0726402,230,29,2.0,1.0,7.0,4.0,6.0,1.0,1.0,0.0,20.0,9.0,34.0,17.0,37.0,22.0,17.0,5.0,0.0,0.0,10.0,1.0,7.0,2.0,6.0,2.0,Big-Guys
190,Nemanja Radovic,MUR,34,20.4,4.1,7.9,0.515,0.4,1.7,0.259,1.4,2.3,0.615,1.3,2.1,1.9,2.9,4.8,0.6,0.6,0.4,10.0,PF,2.0726402,215,29,1.0,0.0,12.0,4.0,4.0,2.0,3.0,2.0,21.0,6.0,82.0,52.0,88.0,52.0,15.0,5.0,5.0,1.0,7.0,1.0,5.0,3.0,1.0,0.0,Elite-Scorers
191,Nenad Dimitrijevic,JOV,31,20.3,4.0,8.8,0.454,0.8,2.8,0.273,1.7,2.3,0.743,2.5,2.0,0.3,1.2,1.5,3.5,0.6,0.1,10.5,PG,1.85928,174,23,0.0,0.0,11.0,3.0,4.0,2.0,6.0,2.0,30.0,9.0,74.0,41.0,69.0,41.0,23.0,4.0,5.0,2.0,5.0,1.0,11.0,6.0,2.0,0.0,Elite-Scorers
193,Nicholas Kay,BETIS,34,27.2,3.2,6.6,0.482,0.5,1.8,0.29,1.1,1.4,0.83,0.7,1.6,2.2,3.4,5.7,1.2,1.0,0.3,8.1,F,2.10312,230,28,1.0,1.0,11.0,1.0,2.0,1.0,6.0,2.0,21.0,7.0,61.0,38.0,70.0,37.0,17.0,4.0,4.0,2.0,4.0,2.0,11.0,2.0,1.0,1.0,Big-Guys
194,Nick Calathes,FCB,32,19.5,3.2,6.7,0.472,0.8,2.1,0.403,0.6,1.0,0.576,1.8,2.3,0.6,2.4,2.9,5.3,1.1,0.1,7.8,PG,2.01168,213,32,1.0,0.0,5.0,3.0,0.0,0.0,10.0,4.0,23.0,10.0,50.0,27.0,70.0,36.0,27.0,11.0,6.0,2.0,1.0,1.0,5.0,1.0,3.0,0.0,Big-Guys
195,Nick Spires,BETIS,21,10.1,1.3,3.0,0.429,0.2,0.8,0.235,0.3,0.5,0.7,0.5,1.6,1.0,1.4,2.3,0.5,0.2,0.4,3.1,F,2.10312,215,27,0.0,0.0,2.0,2.0,1.0,1.0,1.0,0.0,8.0,0.0,19.0,8.0,13.0,8.0,3.0,0.0,0.0,0.0,3.0,2.0,1.0,0.0,0.0,0.0,Role-Players
196,Nicolas Brussino,ZAR,34,25.0,3.8,7.6,0.5,1.6,3.8,0.431,1.9,2.4,0.825,2.3,2.9,0.6,3.1,3.7,2.8,1.2,0.1,11.2,G,2.0726402,195,27,1.0,1.0,17.0,7.0,12.0,8.0,7.0,3.0,37.0,20.0,39.0,16.0,43.0,28.0,34.0,8.0,4.0,2.0,12.0,4.0,3.0,1.0,4.0,3.0,Playmakers
197,Nicolas Laprovittola,RMB,29,20.5,3.0,6.8,0.449,1.8,4.3,0.427,1.5,1.7,0.86,1.5,1.9,0.2,2.3,2.5,3.8,0.4,0.0,9.4,PG,1.9507201,180,31,2.0,1.0,3.0,3.0,5.0,1.0,4.0,3.0,46.0,20.0,26.0,11.0,25.0,14.0,41.0,17.0,4.0,1.0,3.0,1.0,2.0,1.0,3.0,2.0,Playmakers
198,Nikola Kalinic,VAL,33,22.9,3.4,6.2,0.541,0.7,1.8,0.39,2.2,2.7,0.807,1.3,2.3,0.9,2.7,3.6,2.8,0.8,0.2,9.6,F,2.0726402,222,29,0.0,0.0,10.0,5.0,1.0,1.0,4.0,1.0,18.0,8.0,62.0,38.0,50.0,32.0,14.0,3.0,7.0,5.0,3.0,1.0,8.0,4.0,1.0,0.0,Big-Guys
199,Nikola Mirotic,FCB,28,20.9,5.1,8.6,0.6,1.8,3.7,0.485,2.7,3.3,0.806,1.6,1.5,1.0,4.1,5.0,0.8,0.9,0.5,14.8,F,1.85928,250,30,2.0,0.0,15.0,8.0,4.0,2.0,5.0,2.0,28.0,17.0,53.0,37.0,54.0,38.0,26.0,9.0,4.0,2.0,17.0,9.0,6.0,4.0,3.0,2.0,Big-Guys
200,Obi Emegano,MON,33,24.2,3.7,9.1,0.405,0.9,3.1,0.294,1.5,2.1,0.7,1.2,2.4,0.8,2.0,2.8,1.2,1.2,0.0,9.8,GF,1.92024,215,27,1.0,1.0,11.0,3.0,18.0,6.0,30.0,11.0,25.0,7.0,65.0,31.0,48.0,25.0,23.0,4.0,15.0,5.0,17.0,6.0,12.0,5.0,6.0,2.0,Big-Guys
201,Obi Enechionyia,BETIS,15,11.4,1.1,3.1,0.34,0.6,2.1,0.281,0.7,0.9,0.786,1.1,1.8,0.8,1.6,2.4,0.3,0.7,0.6,3.5,FC,1.85928,220,25,4.0,1.0,3.0,1.0,5.0,2.0,0.0,0.0,6.0,2.0,7.0,2.0,5.0,3.0,6.0,1.0,0.0,0.0,6.0,1.0,2.0,0.0,1.0,1.0,Role-Players
202,Olek Balcerowski,GCN,28,11.6,2.0,3.5,0.577,0.2,0.5,0.429,1.0,1.6,0.609,1.1,2.6,0.9,1.5,2.4,0.5,0.2,0.6,5.2,C,2.16408,230,20,0.0,0.0,0.0,0.0,0.0,0.0,2.0,1.0,6.0,2.0,35.0,18.0,22.0,12.0,7.0,4.0,1.0,0.0,0.0,0.0,0.0,0.0,0.0,0.0,Role-Players
203,Oliver Stevic,GCN,23,13.5,2.2,3.0,0.714,0.0,0.0,0.0,1.3,1.8,0.738,0.7,2.1,1.1,1.5,2.6,0.5,0.5,0.1,5.7,FC,1.85928,220,37,0.0,0.0,2.0,0.0,0.0,0.0,3.0,1.0,0.0,0.0,44.0,26.0,48.0,37.0,0.0,0.0,1.0,0.0,0.0,0.0,2.0,1.0,0.0,0.0,Big-Guys
205,Omar Cook,SPB,32,22.1,1.5,4.5,0.338,1.2,3.3,0.346,0.7,0.9,0.724,1.6,2.4,0.2,1.2,1.4,5.8,1.2,0.0,4.9,PG,1.88976,190,39,0.0,0.0,4.0,0.0,5.0,2.0,8.0,2.0,30.0,14.0,13.0,5.0,10.0,4.0,46.0,13.0,6.0,1.0,7.0,4.0,1.0,0.0,2.0,1.0,Playmakers
206,Ondrej Balvin,BBB,23,25.2,4.5,6.9,0.658,0.0,0.0,0.0,2.7,3.7,0.733,2.2,2.3,3.2,5.3,8.5,1.4,0.4,1.3,11.8,C,2.16408,215,28,0.0,0.0,1.0,1.0,0.0,0.0,3.0,1.0,0.0,0.0,40.0,22.0,42.0,19.0,0.0,0.0,2.0,2.0,0.0,0.0,3.0,1.0,0.0,0.0,Big-Guys
207,Oriol Pauli,AND,33,21.8,2.7,6.2,0.427,0.5,2.3,0.227,1.5,1.9,0.778,1.5,1.9,0.8,3.1,3.9,2.1,0.7,0.2,7.3,GF,2.04216,185,26,2.0,1.0,4.0,1.0,7.0,2.0,1.0,0.0,22.0,2.0,43.0,26.0,60.0,30.0,22.0,8.0,3.0,1.0,12.0,3.0,1.0,0.0,1.0,0.0,Big-Guys
208,Pablo Almazan,BETIS,32,19.3,1.0,3.2,0.298,0.5,1.7,0.291,0.9,1.1,0.8,0.8,1.9,0.8,2.0,2.8,1.1,0.8,0.1,3.3,SF,1.9812,190,32,0.0,0.0,5.0,4.0,7.0,3.0,4.0,1.0,13.0,6.0,19.0,5.0,16.0,8.0,8.0,1.0,7.0,1.0,14.0,0.0,4.0,1.0,1.0,0.0,Role-Players
209,Pau Ribas,JOV,28,23.7,3.5,8.2,0.432,2.0,4.5,0.437,1.4,1.6,0.848,1.9,1.5,0.4,1.2,1.6,4.0,0.6,0.1,10.4,SG,1.92024,165,33,1.0,0.0,8.0,4.0,5.0,1.0,17.0,8.0,28.0,12.0,30.0,14.0,31.0,16.0,53.0,25.0,8.0,3.0,9.0,3.0,7.0,2.0,2.0,0.0,Playmakers
210,Pepe Pozas,OBR,20,23.5,1.7,4.7,0.362,0.8,3.3,0.258,1.1,1.4,0.759,2.0,2.7,0.5,2.2,2.7,4.6,1.3,0.1,5.3,PG,1.8288,187,28,1.0,0.0,5.0,0.0,6.0,3.0,1.0,0.0,16.0,7.0,18.0,13.0,6.0,2.0,18.0,3.0,1.0,0.0,4.0,2.0,2.0,1.0,3.0,0.0,Role-Players
211,Pere Tomas,GBC,32,25.5,2.9,7.1,0.41,1.5,4.2,0.351,0.8,1.0,0.818,0.9,1.8,1.6,3.3,4.8,1.0,0.7,0.0,8.1,SF,2.01168,198,31,4.0,1.0,13.0,6.0,18.0,7.0,5.0,1.0,29.0,10.0,26.0,12.0,30.0,19.0,33.0,10.0,5.0,1.0,20.0,8.0,10.0,4.0,5.0,3.0,Playmakers
212,Peter Jok,MUR,22,16.0,2.5,5.4,0.458,1.0,2.5,0.426,0.6,0.7,0.875,0.9,2.0,0.3,1.8,2.1,0.3,0.5,0.1,6.6,G,2.01168,205,26,0.0,0.0,11.0,4.0,5.0,4.0,15.0,6.0,17.0,6.0,7.0,7.0,18.0,10.0,14.0,8.0,12.0,3.0,9.0,2.0,6.0,2.0,4.0,2.0,Role-Players
213,Pierre Oriola,FCB,34,15.9,2.7,4.5,0.604,0.2,0.4,0.5,0.9,1.5,0.558,1.1,2.1,1.4,2.2,3.6,0.6,0.3,0.2,6.5,PF,2.0726402,235,28,0.0,0.0,3.0,1.0,0.0,0.0,7.0,1.0,4.0,0.0,44.0,34.0,59.0,32.0,5.0,4.0,8.0,3.0,0.0,0.0,2.0,0.0,0.0,0.0,Big-Guys
214,Pierria Henry,CAJ,34,24.8,3.7,7.7,0.479,0.8,1.9,0.394,1.9,2.4,0.815,2.4,1.9,0.4,2.3,2.6,5.3,1.5,0.2,10.1,G,1.9812,197,28,1.0,0.0,3.0,2.0,4.0,0.0,20.0,6.0,29.0,14.0,59.0,31.0,68.0,40.0,17.0,6.0,18.0,9.0,3.0,2.0,5.0,1.0,1.0,0.0,Big-Guys
215,Quentin Serron,BBB,20,16.6,1.9,4.2,0.452,0.5,1.6,0.273,0.1,0.1,1.0,0.8,2.2,0.4,1.2,1.6,0.9,0.6,0.1,4.3,SG,1.88976,205,31,0.0,0.0,7.0,1.0,1.0,0.0,4.0,0.0,9.0,2.0,18.0,11.0,20.0,14.0,8.0,0.0,3.0,1.0,3.0,3.0,0.0,0.0,2.0,2.0,Role-Players
217,Rafa Martinez,MAN,35,14.9,2.1,4.5,0.465,1.3,2.9,0.447,0.9,1.1,0.821,0.9,1.4,0.2,1.1,1.3,1.0,0.5,0.0,6.5,SG,1.92024,198,38,4.0,2.0,2.0,1.0,11.0,4.0,5.0,1.0,24.0,12.0,11.0,5.0,26.0,16.0,27.0,8.0,10.0,2.0,13.0,8.0,3.0,2.0,1.0,1.0,Role-Players
219,Rasheed Sulaimon,ZAR,26,20.2,2.6,6.3,0.406,1.0,2.7,0.352,1.2,1.6,0.78,1.2,2.2,0.3,1.7,1.9,2.1,0.5,0.1,7.3,SG,1.9507201,194,26,0.0,0.0,11.0,3.0,10.0,2.0,13.0,4.0,16.0,6.0,29.0,15.0,20.0,7.0,18.0,7.0,6.0,3.0,6.0,3.0,7.0,5.0,3.0,2.0,Role-Players
220,Regimantas Miniotas,BBB,22,19.8,3.0,5.5,0.549,0.3,1.0,0.318,1.0,1.3,0.786,1.1,2.1,1.5,2.9,4.3,1.0,0.5,0.0,7.4,C,2.10312,210,24,0.0,0.0,4.0,2.0,1.0,0.0,3.0,1.0,4.0,0.0,41.0,23.0,41.0,28.0,6.0,0.0,1.0,1.0,4.0,4.0,6.0,1.0,1.0,0.0,Big-Guys
222,Robin Benzing,ZAR,34,20.7,3.2,8.1,0.39,1.5,4.4,0.338,2.4,3.0,0.802,1.0,2.1,0.4,2.1,2.5,0.7,0.8,0.4,10.2,SF,2.0726402,222,32,0.0,0.0,10.0,4.0,17.0,5.0,19.0,7.0,37.0,11.0,38.0,22.0,38.0,19.0,44.0,13.0,11.0,1.0,23.0,9.0,11.0,6.0,3.0,2.0,Playmakers
223,Rodrigo San Miguel,ZAR,23,21.6,1.5,3.7,0.405,0.9,2.6,0.35,0.3,0.7,0.375,1.4,2.3,0.3,2.5,2.9,3.7,0.9,0.0,4.1,PG,1.92024,194,36,0.0,0.0,1.0,0.0,4.0,1.0,0.0,0.0,14.0,6.0,8.0,5.0,8.0,4.0,18.0,4.0,0.0,0.0,7.0,1.0,4.0,2.0,4.0,3.0,Role-Players
224,Rokas Giedraitis,CAJ,34,30.0,4.6,9.7,0.473,1.9,4.9,0.389,2.4,2.9,0.835,1.0,1.7,0.9,2.3,3.3,1.6,1.3,0.1,13.5,SG,2.01168,179,28,5.0,1.0,23.0,14.0,26.0,8.0,7.0,4.0,44.0,16.0,53.0,26.0,63.0,40.0,20.0,6.0,7.0,3.0,21.0,11.0,14.0,2.0,14.0,5.0,Big-Guys
225,Rolands Smits,FCB,32,15.8,2.3,4.6,0.5,0.6,1.6,0.373,1.3,1.7,0.745,1.1,2.0,1.0,1.9,3.0,0.6,0.6,0.1,6.4,SF,1.85928,235,25,1.0,0.0,7.0,4.0,9.0,1.0,3.0,2.0,11.0,3.0,36.0,18.0,43.0,24.0,7.0,3.0,1.0,0.0,6.0,4.0,4.0,2.0,2.0,0.0,Big-Guys
226,Ruben Guerrero,UNI,34,14.3,1.7,2.5,0.671,0.0,0.0,0.0,0.4,0.6,0.682,0.7,2.1,1.3,2.0,3.3,0.5,0.5,0.3,3.8,F,2.1336,240,25,0.0,0.0,1.0,0.0,0.0,0.0,0.0,0.0,0.0,0.0,26.0,16.0,39.0,23.0,0.0,0.0,0.0,0.0,0.0,0.0,0.0,0.0,0.0,0.0,Role-Players
227,Rudy Fernandez,RMB,19,13.7,2.3,5.2,0.449,1.9,4.2,0.45,0.6,1.0,0.632,0.6,0.8,0.3,1.7,2.0,1.1,0.8,0.2,7.2,SG,2.01168,185,35,0.0,0.0,3.0,1.0,3.0,2.0,3.0,1.0,31.0,16.0,6.0,2.0,8.0,4.0,24.0,10.0,0.0,0.0,5.0,2.0,0.0,0.0,0.0,0.0,Role-Players
228,Sadiel Rojas,MUR,34,21.8,1.9,4.3,0.429,0.6,1.9,0.333,1.1,1.6,0.722,1.2,3.0,1.6,2.6,4.2,0.8,0.9,0.1,5.5,GF,1.9507201,190,31,1.0,0.0,15.0,4.0,11.0,6.0,3.0,0.0,13.0,5.0,25.0,11.0,36.0,22.0,5.0,4.0,1.0,0.0,11.0,2.0,8.0,2.0,2.0,0.0,Role-Players
229,Sam Van Rossom,VAL,31,21.3,2.7,5.4,0.506,1.5,3.2,0.459,1.2,1.3,0.925,1.5,1.3,0.1,1.3,1.4,3.6,0.7,0.1,8.1,PG,1.88976,180,34,0.0,0.0,6.0,3.0,2.0,1.0,4.0,0.0,30.0,12.0,29.0,20.0,25.0,15.0,31.0,14.0,4.0,1.0,8.0,4.0,1.0,0.0,3.0,2.0,Playmakers
231,Santiago Yusta,CAN,17,12.4,2.0,3.8,0.531,1.0,2.1,0.486,0.4,0.5,0.667,0.6,0.8,0.2,1.0,1.2,0.5,0.6,0.0,5.4,SF,2.01168,183,23,0.0,0.0,2.0,1.0,5.0,2.0,4.0,0.0,5.0,2.0,7.0,5.0,5.0,4.0,6.0,3.0,2.0,0.0,8.0,6.0,1.0,0.0,4.0,3.0,Role-Players
232,Sasu Salin,CAN,32,23.7,2.8,6.8,0.404,2.0,4.9,0.408,1.1,1.2,0.875,0.7,1.9,0.3,1.3,1.7,1.4,0.7,0.0,8.6,SG,1.92024,191,29,5.0,2.0,9.0,2.0,22.0,10.0,10.0,2.0,48.0,19.0,10.0,4.0,24.0,11.0,42.0,18.0,8.0,3.0,17.0,8.0,7.0,4.0,4.0,2.0,Playmakers
233,Scott Eatherton,MAN,35,22.9,5.7,9.5,0.599,0.6,1.3,0.435,2.3,3.0,0.755,1.4,3.2,2.2,3.7,5.9,1.5,0.6,0.3,14.3,F,2.0726402,234,29,0.0,0.0,4.0,2.0,0.0,0.0,19.0,6.0,19.0,5.0,76.0,48.0,108.0,68.0,22.0,12.0,13.0,6.0,0.0,0.0,5.0,2.0,0.0,0.0,Elite-Scorers
234,Sean Kilpatrick,GCN,16,20.5,3.9,8.9,0.444,1.4,3.5,0.393,2.7,3.1,0.86,1.4,1.6,0.3,1.2,1.6,1.9,0.9,0.0,11.9,SG,1.9507201,212,31,1.0,1.0,5.0,2.0,10.0,3.0,6.0,2.0,18.0,8.0,26.0,13.0,36.0,20.0,23.0,9.0,9.0,3.0,2.0,0.0,4.0,0.0,1.0,1.0,Role-Players
235,Sergi Garcia,AND,33,16.7,1.5,4.4,0.331,1.0,3.0,0.347,0.8,1.2,0.658,1.3,1.3,0.8,1.9,2.7,2.7,0.5,0.1,4.7,PG,1.92024,181,24,1.0,1.0,6.0,3.0,3.0,1.0,3.0,1.0,32.0,11.0,13.0,3.0,18.0,5.0,34.0,14.0,3.0,1.0,5.0,1.0,1.0,1.0,4.0,1.0,Role-Players
236,Sergi Martinez,FCB,26,15.2,1.3,3.0,0.429,0.3,1.0,0.32,0.8,1.1,0.786,0.5,1.4,0.5,2.4,3.0,0.7,0.5,0.2,3.7,F,2.04216,220,21,1.0,1.0,3.0,0.0,3.0,2.0,1.0,0.0,5.0,2.0,19.0,10.0,24.0,9.0,6.0,2.0,2.0,0.0,4.0,1.0,1.0,0.0,1.0,0.0,Role-Players
237,Sergio Llull,RMB,21,17.4,3.2,8.1,0.394,1.6,4.6,0.351,1.4,1.8,0.784,1.3,1.3,0.0,1.3,1.3,2.1,0.4,0.0,9.4,PG,1.92024,190,33,1.0,0.0,3.0,0.0,5.0,0.0,5.0,3.0,35.0,8.0,26.0,16.0,27.0,11.0,27.0,9.0,1.0,1.0,4.0,2.0,4.0,2.0,4.0,3.0,Playmakers
238,Sergio Rodriguez,CAN,32,13.7,0.9,2.3,0.405,0.7,1.6,0.451,0.5,0.6,0.85,0.4,1.2,0.4,1.6,2.0,0.6,0.5,0.0,3.1,SF,2.04216,202,27,0.0,0.0,5.0,1.0,8.0,6.0,1.0,0.0,12.0,5.0,4.0,1.0,9.0,4.0,10.0,4.0,4.0,1.0,10.0,4.0,2.0,1.0,5.0,2.0,Role-Players
239,Seth Hinrichs,MAN,35,24.8,3.3,5.6,0.582,0.3,1.2,0.293,1.0,1.5,0.63,1.5,2.4,2.0,3.3,5.3,1.7,0.8,0.1,7.8,SG,2.0726402,223,27,4.0,2.0,11.0,3.0,4.0,2.0,4.0,2.0,8.0,2.0,51.0,32.0,68.0,45.0,6.0,1.0,3.0,2.0,5.0,2.0,6.0,3.0,4.0,2.0,Big-Guys
240,Shawn Dawson,JOV,21,10.1,1.3,3.7,0.359,0.4,1.7,0.229,0.4,0.6,0.615,0.9,1.7,0.3,1.5,1.8,0.6,0.4,0.2,3.4,F,2.01168,205,27,0.0,0.0,4.0,2.0,2.0,0.0,1.0,0.0,7.0,0.0,13.0,8.0,22.0,8.0,13.0,4.0,0.0,0.0,2.0,0.0,5.0,1.0,4.0,2.0,Role-Players
241,Shevon Thompson,MON,11,12.8,2.0,3.0,0.667,0.0,0.0,0.0,1.0,1.4,0.733,2.0,1.7,1.5,2.9,4.5,0.2,0.7,0.8,5.0,C,2.1336,242,27,0.0,0.0,1.0,1.0,0.0,0.0,2.0,1.0,0.0,0.0,13.0,9.0,15.0,10.0,0.0,0.0,2.0,1.0,0.0,0.0,0.0,0.0,0.0,0.0,Role-Players
242,Siim-Sander Vene,MON,12,21.2,2.2,5.8,0.391,1.0,3.5,0.286,0.5,0.7,0.75,0.6,1.8,0.7,1.6,2.2,1.0,0.6,0.0,6.0,SF,2.04216,207,30,5.0,3.0,7.0,4.0,5.0,1.0,4.0,1.0,8.0,3.0,2.0,1.0,6.0,4.0,10.0,1.0,3.0,1.0,4.0,1.0,6.0,3.0,2.0,0.0,Role-Players
243,Simon Birgander,JOV,34,14.3,2.6,3.6,0.726,0.0,0.0,0.0,0.9,1.1,0.795,0.6,2.2,1.2,2.2,3.4,0.6,0.4,0.6,6.2,FC,1.862328,208,23,0.0,0.0,2.0,0.0,0.0,0.0,1.0,0.0,0.0,0.0,47.0,29.0,31.0,20.0,0.0,0.0,0.0,0.0,0.0,0.0,1.0,0.0,0.0,0.0,Big-Guys
244,Spencer Butterfield,CAN,18,13.9,2.3,4.0,0.569,1.4,2.4,0.591,0.7,0.8,0.857,0.8,1.5,0.4,1.7,2.1,0.4,0.7,0.0,6.7,G,1.92024,205,28,1.0,0.0,7.0,2.0,3.0,2.0,4.0,2.0,9.0,5.0,4.0,2.0,9.0,7.0,9.0,4.0,2.0,1.0,5.0,4.0,5.0,2.0,5.0,5.0,Role-Players
245,Stan Okoye,GCN,33,20.6,3.0,7.4,0.41,1.7,3.9,0.426,1.3,1.7,0.782,0.8,2.4,0.6,2.3,2.9,1.1,0.9,0.3,9.0,GF,2.01168,215,29,0.0,0.0,11.0,5.0,26.0,12.0,7.0,3.0,26.0,10.0,37.0,13.0,40.0,15.0,34.0,13.0,4.0,1.0,18.0,10.0,9.0,2.0,2.0,0.0,Playmakers
246,Steven Enoch,OBR,34,15.5,3.7,6.2,0.592,0.4,1.0,0.343,1.8,2.0,0.87,1.4,1.9,1.3,2.8,4.1,0.5,0.3,0.6,9.5,PF,1.85928,260,23,0.0,0.0,6.0,3.0,0.0,0.0,11.0,7.0,14.0,5.0,47.0,26.0,51.0,28.0,14.0,5.0,10.0,8.0,0.0,0.0,4.0,2.0,0.0,0.0,Big-Guys
247,T.J. Bray,ZAR,11,24.2,2.8,6.7,0.419,1.5,4.0,0.364,0.5,0.5,0.833,1.6,2.7,0.7,2.0,2.7,2.2,1.1,0.0,7.5,G,1.9812,207,28,0.0,0.0,1.0,0.0,4.0,1.0,0.0,0.0,20.0,10.0,16.0,8.0,13.0,7.0,12.0,2.0,1.0,0.0,3.0,1.0,0.0,0.0,3.0,1.0,Role-Players
248,T.J. Campbell,BETIS,34,23.8,2.8,6.8,0.417,1.4,4.1,0.345,1.8,2.1,0.845,2.0,2.7,0.4,1.4,1.8,3.4,1.1,0.0,8.8,G,1.79832,190,33,2.0,2.0,8.0,3.0,11.0,4.0,10.0,3.0,49.0,15.0,30.0,16.0,29.0,19.0,42.0,19.0,10.0,6.0,11.0,2.0,4.0,1.0,1.0,0.0,Playmakers
249,Tadas Sedekerskis,CAJ,33,18.0,2.0,3.3,0.591,0.3,0.8,0.357,0.9,1.1,0.811,0.5,0.6,1.2,2.9,4.1,0.9,0.7,0.3,5.2,SF,2.0726402,205,23,1.0,1.0,6.0,1.0,2.0,1.0,0.0,0.0,2.0,0.0,27.0,18.0,33.0,21.0,5.0,1.0,0.0,0.0,3.0,2.0,5.0,2.0,3.0,2.0,Role-Players
250,Thaddus McFadden,SPB,32,22.3,4.5,10.2,0.445,2.7,6.6,0.408,2.0,2.4,0.855,1.7,1.6,0.2,1.3,1.5,2.2,0.9,0.1,13.8,SG,1.88976,176,33,1.0,1.0,12.0,3.0,22.0,5.0,10.0,3.0,67.0,28.0,25.0,13.0,43.0,25.0,59.0,19.0,17.0,11.0,21.0,12.0,8.0,5.0,6.0,2.0,Playmakers
251,Thomas Heurtel,FCB,14,18.2,2.4,5.5,0.429,0.6,1.9,0.333,0.5,0.6,0.778,1.8,0.9,0.1,1.6,1.6,4.6,0.9,0.0,5.9,G,1.88976,180,31,0.0,0.0,4.0,4.0,1.0,0.0,9.0,4.0,15.0,3.0,9.0,5.0,14.0,8.0,7.0,3.0,10.0,4.0,0.0,0.0,2.0,1.0,0.0,0.0,Role-Players
252,Tim Abromaitis,UNI,34,21.3,3.0,5.9,0.508,1.1,3.0,0.382,1.4,1.7,0.807,0.9,2.0,1.1,2.6,3.7,0.8,0.8,0.2,8.4,PF,2.0726402,236,31,2.0,2.0,20.0,7.0,12.0,4.0,1.0,0.0,20.0,7.0,38.0,24.0,28.0,17.0,14.0,7.0,2.0,1.0,13.0,4.0,8.0,5.0,9.0,4.0,Big-Guys
253,Tobias Borg,BETIS,33,17.5,1.9,4.6,0.412,0.8,2.1,0.357,1.0,1.2,0.868,0.9,2.0,0.5,1.1,1.6,1.2,0.6,0.1,5.6,PG,1.8288,162,27,1.0,0.0,13.0,4.0,4.0,3.0,8.0,3.0,17.0,5.0,31.0,14.0,24.0,11.0,25.0,12.0,6.0,4.0,4.0,2.0,7.0,4.0,4.0,0.0,Role-Players
254,Tomas Bellas,MUR,27,22.2,2.4,5.4,0.438,1.0,2.7,0.384,1.6,2.0,0.811,1.2,2.6,0.4,1.3,1.7,2.9,1.1,0.0,7.4,PG,1.85928,198,33,0.0,0.0,2.0,1.0,1.0,0.0,9.0,3.0,34.0,13.0,17.0,12.0,22.0,8.0,25.0,11.0,11.0,5.0,5.0,2.0,1.0,0.0,2.0,0.0,Role-Players
256,Tomas Dimsa,GCN,30,21.3,2.5,7.2,0.347,1.2,4.0,0.298,0.8,1.0,0.8,1.4,1.9,0.5,1.1,1.5,1.2,0.4,0.1,7.0,SG,1.9812,180,27,1.0,0.0,4.0,2.0,20.0,7.0,2.0,1.0,32.0,6.0,35.0,16.0,43.0,16.0,34.0,9.0,0.0,0.0,21.0,6.0,2.0,1.0,2.0,2.0,Playmakers
257,Tomasz Gielo,AND,17,17.7,2.4,5.1,0.471,1.8,3.8,0.484,1.1,1.4,0.826,0.5,2.0,0.7,2.6,3.4,0.4,0.3,0.0,7.8,PF,2.10312,228,28,1.0,0.0,3.0,1.0,6.0,3.0,2.0,0.0,20.0,10.0,9.0,4.0,4.0,1.0,24.0,12.0,0.0,0.0,6.0,4.0,1.0,0.0,1.0,0.0,Role-Players
258,Tonye Jekiri,CAJ,29,18.3,2.5,4.6,0.537,0.0,0.0,0.0,1.4,1.8,0.755,1.5,1.8,1.0,3.4,4.4,1.3,0.9,0.4,6.3,C,2.1336,227,26,0.0,0.0,3.0,2.0,0.0,0.0,8.0,2.0,0.0,0.0,41.0,25.0,31.0,14.0,0.0,0.0,15.0,4.0,0.0,0.0,6.0,1.0,0.0,0.0,Big-Guys
259,Trey Thompkins,RMB,27,20.6,3.4,6.7,0.514,1.3,3.0,0.425,1.4,1.6,0.86,0.7,1.6,0.5,2.8,3.3,1.4,0.9,0.3,9.5,PF,1.85928,245,30,2.0,2.0,23.0,9.0,11.0,9.0,4.0,1.0,18.0,7.0,24.0,17.0,28.0,17.0,21.0,7.0,8.0,8.0,7.0,4.0,17.0,5.0,2.0,1.0,Role-Players
261,Tryggvi Hlinason,ZAR,34,17.7,3.2,4.3,0.74,0.0,0.0,0.0,1.1,1.7,0.61,1.1,2.2,1.6,3.4,5.0,0.7,0.4,1.1,7.4,C,2.16408,260,23,0.0,0.0,0.0,0.0,0.0,0.0,0.0,0.0,0.0,0.0,46.0,26.0,31.0,16.0,1.0,0.0,0.0,0.0,0.0,0.0,0.0,0.0,0.0,0.0,Big-Guys
262,B. Olumuyiwa,AND,33,19.7,2.9,4.4,0.651,0.0,0.0,0.0,1.2,1.8,0.623,2.0,2.3,1.5,2.9,4.4,0.5,0.4,0.7,6.9,FC,2.0726402,220,29,0.0,0.0,0.0,0.0,0.0,0.0,1.0,0.0,0.0,0.0,33.0,20.0,59.0,31.0,0.0,0.0,0.0,0.0,0.0,0.0,3.0,1.0,0.0,0.0,Big-Guys
263,Tyler Cavanaugh,CAN,34,22.3,2.9,5.3,0.552,1.0,2.1,0.465,1.1,1.3,0.844,0.8,1.8,1.1,3.3,4.4,0.9,0.5,0.1,8.0,F,2.10312,240,27,4.0,2.0,13.0,7.0,7.0,2.0,5.0,2.0,11.0,5.0,47.0,28.0,39.0,26.0,16.0,8.0,5.0,4.0,5.0,2.0,9.0,5.0,9.0,6.0,Big-Guys
264,Tyson Perez,AND,17,20.8,3.0,6.5,0.464,1.2,2.6,0.455,1.4,2.0,0.676,0.9,1.5,2.2,3.5,5.8,0.5,0.8,0.4,8.5,PF,2.0726402,214,25,0.0,0.0,6.0,3.0,6.0,6.0,1.0,0.0,15.0,6.0,16.0,8.0,19.0,9.0,7.0,3.0,1.0,1.0,0.0,0.0,4.0,0.0,0.0,0.0,Role-Players
265,Usman Garuba,RMB,34,18.8,2.1,4.7,0.459,0.6,1.9,0.318,0.6,0.9,0.656,0.9,2.0,1.6,3.6,5.3,1.1,0.8,0.4,5.5,C,2.0726402,220,18,4.0,2.0,11.0,3.0,8.0,2.0,3.0,2.0,11.0,5.0,28.0,14.0,32.0,15.0,6.0,1.0,1.0,0.0,15.0,4.0,3.0,0.0,6.0,3.0,Role-Players
266,Vanja Marinkovic,VAL,11,17.7,2.9,7.1,0.41,2.1,4.5,0.469,0.5,0.7,0.75,0.7,0.8,0.3,0.5,0.8,0.6,0.5,0.1,8.5,G,2.01168,194,24,0.0,0.0,5.0,2.0,4.0,0.0,2.0,2.0,16.0,7.0,11.0,4.0,16.0,4.0,10.0,7.0,0.0,0.0,9.0,6.0,1.0,0.0,1.0,0.0,Role-Players
267,Victor Arteaga,EST,35,17.8,3.6,5.7,0.631,0.0,0.0,0.0,1.2,1.7,0.705,1.1,2.5,2.2,2.7,4.9,0.4,0.4,0.6,8.4,C,2.1336,214,28,0.0,0.0,2.0,1.0,0.0,0.0,7.0,2.0,0.0,0.0,50.0,32.0,79.0,45.0,0.0,0.0,5.0,1.0,0.0,0.0,2.0,0.0,0.0,0.0,Big-Guys
268,Victor Claver,FCB,13,14.1,1.0,2.7,0.371,0.5,1.7,0.318,0.5,0.5,1.0,1.0,1.1,0.8,2.2,3.0,0.6,0.2,0.2,3.1,SF,1.85928,235,32,0.0,0.0,3.0,2.0,0.0,0.0,3.0,1.0,4.0,0.0,4.0,0.0,4.0,2.0,4.0,2.0,0.0,0.0,3.0,1.0,0.0,0.0,2.0,0.0,Role-Players
269,Viny Okouo,GBC,34,19.3,4.0,7.9,0.507,0.0,0.1,0.0,1.7,2.8,0.6,2.1,2.5,1.8,3.7,5.5,0.3,0.6,0.3,9.7,C,2.16408,240,23,0.0,0.0,2.0,0.0,0.0,0.0,10.0,3.0,1.0,0.0,96.0,44.0,98.0,56.0,0.0,0.0,9.0,1.0,0.0,0.0,6.0,2.0,0.0,0.0,Elite-Scorers
270,Vitor Benite,SPB,32,23.5,4.4,9.8,0.454,2.5,5.4,0.454,2.3,2.8,0.831,1.1,2.6,0.2,1.9,2.1,1.3,0.6,0.1,13.7,SG,1.92024,194,31,2.0,1.0,5.0,4.0,15.0,6.0,28.0,11.0,52.0,21.0,32.0,14.0,48.0,22.0,53.0,27.0,10.0,7.0,18.0,9.0,9.0,5.0,4.0,1.0,Playmakers
271,Vladimir Brodziansky,JOV,34,19.9,3.1,5.8,0.536,1.0,2.3,0.443,2.7,3.4,0.778,1.0,1.8,0.7,2.4,3.1,0.8,0.2,0.8,9.9,PF,1.862328,230,26,2.0,1.0,18.0,9.0,4.0,2.0,2.0,1.0,18.0,9.0,48.0,27.0,41.0,25.0,26.0,12.0,2.0,1.0,3.0,0.0,7.0,3.0,6.0,2.0,Big-Guys
272,Volodymyr Herun,UNI,20,13.5,1.6,2.2,0.705,0.0,0.0,0.0,1.0,1.3,0.769,0.6,1.8,1.1,2.1,3.2,0.5,0.3,0.2,4.1,C,1.85928,250,26,0.0,0.0,0.0,0.0,0.0,0.0,0.0,0.0,0.0,0.0,13.0,8.0,22.0,16.0,0.0,0.0,0.0,0.0,0.0,0.0,0.0,0.0,0.0,0.0,Role-Players
273,William Magarity,GBC,29,14.8,1.9,4.8,0.386,0.8,2.6,0.293,0.8,0.9,0.846,0.6,1.4,0.7,1.7,2.3,0.5,0.3,0.3,5.2,FC,1.862328,250,27,0.0,0.0,9.0,2.0,8.0,1.0,8.0,4.0,29.0,7.0,14.0,8.0,13.0,7.0,15.0,6.0,10.0,4.0,10.0,4.0,6.0,1.0,1.0,0.0,Role-Players
274,Xabi Oroz,GBC,31,18.8,1.3,2.9,0.451,0.4,1.0,0.433,0.2,0.5,0.429,1.2,1.6,0.7,1.5,2.1,2.8,1.3,0.2,3.3,SG,1.92024,183,25,1.0,1.0,2.0,0.0,6.0,1.0,1.0,1.0,9.0,3.0,34.0,16.0,24.0,11.0,6.0,3.0,2.0,0.0,6.0,4.0,0.0,0.0,0.0,0.0,Role-Players
275,Xabier Lopez-Arostegui,JOV,24,25.4,4.0,8.2,0.487,1.7,4.0,0.412,3.9,4.0,0.969,1.3,2.0,1.1,4.0,5.2,0.6,1.2,0.0,13.6,GF,2.04216,215,23,0.0,0.0,0.0,0.0,0.0,0.0,0.0,0.0,0.0,0.0,0.0,0.0,0.0,0.0,0.0,0.0,0.0,0.0,0.0,0.0,0.0,0.0,0.0,0.0,Role-Players
276,Xavi Rabaseda,SPB,29,19.9,1.8,4.1,0.433,0.7,2.2,0.312,1.1,1.4,0.775,0.9,1.6,0.9,2.6,3.4,0.6,1.3,0.2,5.3,GF,2.04216,205,32,3.0,0.0,10.0,4.0,11.0,2.0,3.0,1.0,8.0,1.0,21.0,13.0,15.0,6.0,5.0,1.0,0.0,0.0,13.0,5.0,6.0,3.0,7.0,4.0,Role-Players
277,Yakuba Ouattara,BETIS,28,22.3,3.5,8.2,0.432,1.1,3.5,0.316,0.9,1.1,0.833,0.8,1.4,1.7,2.5,4.2,0.5,0.9,0.0,9.1,SG,1.9507201,220,29,2.0,1.0,16.0,8.0,23.0,5.0,5.0,4.0,19.0,8.0,40.0,19.0,40.0,20.0,16.0,0.0,2.0,0.0,26.0,12.0,10.0,5.0,2.0,0.0,Big-Guys
279,Yannick Nzosa,UNI,23,12.5,1.9,3.0,0.647,0.0,0.0,0.0,0.5,0.7,0.75,0.5,2.3,0.9,2.0,2.9,0.3,0.4,1.0,4.3,C,2.1336,174,17,0.0,0.0,0.0,0.0,0.0,0.0,2.0,0.0,0.0,0.0,24.0,17.0,30.0,16.0,0.0,0.0,1.0,0.0,0.0,0.0,0.0,0.0,0.0,0.0,Role-Players
280,Youssoupha Fall,CAJ,27,12.2,2.4,3.9,0.613,0.0,0.0,0.0,1.5,2.3,0.645,1.3,1.7,1.5,2.4,3.9,0.4,0.1,0.7,6.3,C,2.2250402,271,26,0.0,0.0,1.0,0.0,0.0,0.0,0.0,0.0,0.0,0.0,46.0,27.0,47.0,26.0,0.0,0.0,0.0,0.0,0.0,0.0,0.0,0.0,0.0,0.0,Big-Guys
281,Youssoupha Ndoye,BETIS,34,21.0,3.7,6.5,0.563,0.0,0.1,0.0,4.2,6.3,0.671,2.0,2.5,2.1,3.1,5.1,0.5,0.8,0.7,11.6,C,2.1336,250,29,0.0,0.0,12.0,2.0,0.0,0.0,13.0,8.0,0.0,0.0,72.0,41.0,64.0,32.0,2.0,1.0,7.0,2.0,0.0,0.0,5.0,0.0,0.0,0.0,Big-Guys
283,Zoran Dragic,CAJ,31,18.0,3.0,6.0,0.5,0.7,2.2,0.304,1.9,2.8,0.67,1.1,1.5,0.5,1.3,1.7,0.8,0.5,0.0,8.6,SG,1.9812,200,31,0.0,0.0,2.0,1.0,5.0,1.0,3.0,0.0,23.0,9.0,46.0,31.0,54.0,35.0,21.0,5.0,3.0,1.0,5.0,2.0,3.0,0.0,2.0,1.0,Big-Guys
