,#,PLAYER_NAME,Team,GP,MIN,FGM,FGA,FG%,3PM,3PA,3P%,FTM,FTA,FT%,TOV,PF,ORB,DRB,REB,AST,STL,BLK,PTS,Pos,Height,Weight,Age,zona1_attempted,zona1_made,zona2_attempted,zona2_made,zona3_attempted,zona3_made,zona4_attempted,zona4_made,zona5attempted,zona5_made,zona6_attempted,zona6_made,zona7_attempted,zona7_made,zona8_attempted,zona8_made,zona9_attempted,zona9_made,zona10_attempted,zona10_made,zona11_attempted,zona11_made,zona12_attempted,zona12_made
0,3,A.J. Slaughter,GCN,22.0,24.3,8.2,16.9,0.484,2.8,6.9,0.402,3.5,4.2,0.839,2.5,3.4,0.7,3.1,3.8,6.1,1.8,0.3,22.6,G,6-4,185,33,0.0,0.0,3.0,3.0,7.0,2.0,18.0,6.0,32.0,12.0,36.0,21.0,38.0,18.0,32.0,13.0,16.0,7.0,8.0,5.0,5.0,4.0,3.0,1.0
1,11,Aaron Doornekamp,CAN,31.0,25.6,4.1,9.5,0.431,3.2,7.2,0.441,1.8,2.3,0.778,1.2,4.2,0.9,4.5,5.4,2.0,1.3,0.2,13.1,PF,6-7,212,35,8.0,3.0,15.0,4.0,16.0,6.0,4.0,1.0,29.0,13.0,9.0,5.0,11.0,4.0,31.0,13.0,4.0,1.0,25.0,16.0,8.0,2.0,6.0,4.0
2,19,Aaron Jones,BBB,8.0,19.7,3.3,7.9,0.419,0.8,2.0,0.375,1.0,1.5,0.667,2.8,3.8,4.6,3.0,7.6,2.0,1.0,0.8,8.4,F,6-9,220,27,0.0,0.0,0.0,0.0,0.0,0.0,1.0,0.0,0.0,0.0,6.0,2.0,9.0,5.0,4.0,1.0,2.0,0.0,1.0,1.0,1.0,0.0,0.0,0.0
3,6,Achille Polonara,CAJ,33.0,26.5,6.4,13.3,0.479,2.1,6.2,0.341,2.3,3.3,0.685,1.8,2.7,2.5,5.8,8.2,2.9,1.7,0.8,17.1,PF,6-8,198,29,2.0,1.0,9.0,4.0,6.0,3.0,3.0,1.0,45.0,18.0,44.0,21.0,50.0,30.0,39.0,12.0,7.0,3.0,14.0,3.0,5.0,3.0,2.0,1.0
4,12,Adam Hanga,FCB,31.0,16.1,5.4,9.3,0.578,2.6,4.9,0.541,2.1,3.0,0.703,3.4,4.0,1.4,7.1,8.5,5.2,2.1,1.0,15.5,SF,6-7,200,31,1.0,1.0,4.0,3.0,4.0,2.0,3.0,2.0,20.0,13.0,14.0,8.0,28.0,18.0,19.0,9.0,2.0,2.0,6.0,3.0,2.0,1.0,5.0,1.0
5,7,Adam Waczynski,UNI,34.0,18.8,5.8,12.0,0.484,2.7,5.9,0.468,2.3,2.9,0.787,1.6,3.5,1.4,2.9,4.4,2.2,1.1,0.1,16.7,GF,6-6,210,31,3.0,1.0,12.0,7.0,13.0,8.0,5.0,3.0,19.0,7.0,31.0,12.0,36.0,18.0,14.0,5.0,6.0,4.0,20.0,11.0,10.0,8.0,7.0,2.0
6,15,Adams Sola,EST,30.0,7.2,2.0,6.1,0.333,0.7,3.7,0.2,0.6,1.3,0.429,0.7,6.3,2.2,3.7,5.9,1.5,1.7,0.2,5.4,G,6-5,165,20,1.0,1.0,2.0,0.0,4.0,1.0,0.0,0.0,4.0,1.0,5.0,3.0,4.0,4.0,2.0,0.0,1.0,0.0,4.0,1.0,0.0,0.0,1.0,0.0
8,9,Albert Oliver,OBR,31.0,15.1,2.8,6.7,0.418,1.4,3.5,0.39,3.2,3.7,0.884,2.8,5.6,0.8,3.0,3.8,5.2,1.3,0.0,10.2,PG,6-2,185,42,0.0,0.0,2.0,0.0,3.0,2.0,6.0,1.0,9.0,3.0,19.0,12.0,10.0,2.0,12.0,5.0,3.0,2.0,3.0,1.0,0.0,0.0,1.0,1.0
10,15,Albert Ventura,JOV,32.0,23.8,3.5,6.7,0.516,2.1,4.4,0.482,1.3,1.9,0.694,1.3,3.7,1.5,3.1,4.5,2.0,2.3,0.2,10.4,SG,6-5,180,28,1.0,1.0,4.0,2.0,7.0,3.0,6.0,5.0,19.0,6.0,20.0,10.0,21.0,13.0,18.0,9.0,0.0,0.0,14.0,7.0,3.0,1.0,5.0,3.0
11,13,Alberto Abalde,RMB,30.0,19.3,4.8,10.8,0.442,2.2,5.0,0.438,3.1,3.7,0.833,1.7,2.4,0.9,4.6,5.5,4.5,1.0,0.1,14.8,GF,6-7,215,25,2.0,1.0,7.0,3.0,4.0,1.0,6.0,1.0,30.0,14.0,35.0,18.0,31.0,13.0,26.0,11.0,1.0,1.0,2.0,1.0,6.0,3.0,1.0,0.0
13,14,Alberto Diaz,UNI,27.0,23.9,3.7,9.5,0.386,2.2,6.2,0.36,1.3,1.6,0.808,1.4,4.2,0.7,2.8,3.5,5.8,2.7,0.0,10.8,PG,6-2,187,26,2.0,1.0,11.0,6.0,7.0,2.0,8.0,1.0,22.0,7.0,13.0,5.0,15.0,9.0,35.0,15.0,9.0,4.0,13.0,5.0,7.0,2.0,1.0,0.0
14,7,Alec Brown,EST,35.0,22.9,5.1,11.8,0.436,3.1,7.8,0.397,0.9,1.2,0.75,1.4,5.5,2.0,4.8,6.8,0.8,0.6,2.0,14.3,C,7-1,235,28,11.0,5.0,8.0,5.0,21.0,4.0,8.0,4.0,42.0,15.0,21.0,10.0,16.0,7.0,35.0,16.0,7.0,2.0,10.0,6.0,8.0,2.0,9.0,3.0
15,3,Alec Peters,CAJ,32.0,21.8,6.4,13.6,0.471,2.6,6.8,0.387,3.3,3.6,0.919,2.2,3.7,1.8,5.3,7.2,2.2,0.9,0.5,18.7,F,6-9,225,25,2.0,1.0,11.0,7.0,7.0,2.0,7.0,2.0,40.0,14.0,45.0,28.0,40.0,22.0,28.0,11.0,10.0,2.0,11.0,5.0,15.0,8.0,8.0,5.0
16,10,Aleix Font,ZAR,8.0,4.6,6.6,15.3,0.429,3.3,4.4,0.75,1.1,1.1,1.0,1.1,9.8,4.4,1.1,5.5,0.0,1.1,0.0,17.5,SG,6-4,188,22,0.0,0.0,1.0,1.0,0.0,0.0,0.0,0.0,0.0,0.0,9.0,3.0,0.0,0.0,1.0,0.0,1.0,0.0,0.0,0.0,0.0,0.0,2.0,2.0
17,2,Aleksa Avramovic,EST,35.0,29.7,7.6,17.5,0.437,1.9,5.8,0.322,4.8,5.8,0.834,2.5,2.8,0.7,3.2,3.9,4.7,1.6,0.4,22.0,G,6-3,190,26,2.0,2.0,10.0,3.0,12.0,4.0,17.0,4.0,46.0,11.0,93.0,48.0,115.0,55.0,41.0,13.0,12.0,4.0,10.0,4.0,7.0,4.0,9.0,3.0
18,12,Aleksandar Cvetkovic,EST,27.0,15.2,3.7,7.5,0.494,2.1,5.2,0.415,1.7,1.9,0.895,3.3,5.0,0.7,2.2,2.9,4.5,1.5,0.0,11.2,PG,6-2,165,27,1.0,1.0,1.0,1.0,4.0,2.0,4.0,4.0,11.0,3.0,3.0,2.0,7.0,5.0,18.0,7.0,1.0,0.0,5.0,3.0,2.0,0.0,3.0,1.0
19,4,Alessandro Gentile,EST,17.0,24.6,8.0,18.6,0.431,0.6,2.8,0.207,2.4,3.3,0.714,4.8,3.2,1.5,6.3,7.8,5.1,1.5,0.5,19.0,SF,6-6,228,28,0.0,0.0,16.0,12.0,2.0,0.0,20.0,5.0,16.0,3.0,49.0,22.0,52.0,26.0,9.0,2.0,11.0,6.0,4.0,2.0,15.0,5.0,0.0,0.0
20,7,Alex Abrines,FCB,29.0,20.7,5.6,10.8,0.519,3.5,7.6,0.465,2.1,2.3,0.914,1.2,4.2,1.7,3.8,5.5,1.8,1.5,0.4,16.8,GF,6-6,190,27,1.0,0.0,6.0,3.0,5.0,3.0,6.0,3.0,39.0,15.0,17.0,11.0,10.0,4.0,27.0,12.0,3.0,1.0,13.0,6.0,6.0,4.0,4.0,3.0
22,14,Alex Barrera,SPB,17.0,7.7,1.8,6.5,0.286,1.5,6.1,0.25,0.6,0.6,1.0,0.6,2.5,0.0,2.2,2.2,1.2,2.5,0.0,5.8,SG,6-7,180,28,1.0,0.0,1.0,0.0,7.0,2.0,0.0,0.0,2.0,0.0,0.0,0.0,1.0,1.0,2.0,1.0,0.0,0.0,1.0,0.0,0.0,0.0,2.0,0.0
23,14,Alex Lopez,CAN,19.0,6.7,1.6,8.8,0.179,0.6,5.6,0.111,2.2,2.5,0.875,2.8,6.6,0.6,1.9,2.5,3.8,1.3,0.0,6.0,SG,6-2,196,29,0.0,0.0,0.0,0.0,1.0,0.0,1.0,0.0,5.0,1.0,5.0,1.0,4.0,2.0,6.0,1.0,1.0,0.0,4.0,0.0,0.0,0.0,0.0,0.0
24,5,Alex Renfroe,SPB,30.0,22.7,6.6,12.5,0.528,2.0,4.5,0.442,3.2,4.3,0.74,4.3,3.9,1.2,4.3,5.5,9.0,1.6,0.4,18.4,G,6-2,160,34,0.0,0.0,1.0,1.0,0.0,0.0,2.0,2.0,31.0,13.0,57.0,38.0,56.0,29.0,33.0,16.0,4.0,0.0,2.0,1.0,1.0,0.0,1.0,1.0
25,13,Alex Reyes,BBB,32.0,12.0,4.7,11.0,0.425,2.3,6.5,0.349,1.1,1.3,0.846,1.9,3.6,1.3,3.9,5.3,1.5,1.6,0.1,12.8,SF,6-7,187,27,1.0,0.0,5.0,1.0,5.0,2.0,3.0,1.0,22.0,8.0,14.0,8.0,13.0,9.0,14.0,7.0,7.0,4.0,3.0,0.0,5.0,1.0,4.0,0.0
26,10,Alex Suarez,OBR,30.0,16.3,3.8,7.5,0.5,1.7,4.3,0.396,0.8,0.8,1.0,1.0,2.9,1.1,2.6,3.8,1.3,1.3,0.3,10.0,PF,6-10,214,27,3.0,2.0,3.0,0.0,6.0,0.0,4.0,3.0,14.0,5.0,9.0,7.0,13.0,6.0,13.0,7.0,5.0,4.0,6.0,2.0,4.0,3.0,2.0,1.0
27,11,Alex Tyus,RMB,16.0,14.0,6.4,11.2,0.571,0.0,0.0,0.0,2.7,3.0,0.882,1.6,4.5,3.8,3.8,7.5,0.7,0.4,0.7,15.5,F,6-8,220,33,0.0,0.0,3.0,2.0,0.0,0.0,4.0,1.0,0.0,0.0,19.0,10.0,19.0,7.0,0.0,0.0,0.0,0.0,0.0,0.0,2.0,1.0,0.0,0.0
28,6,Alex Urtasun,MON,18.0,8.7,5.1,11.5,0.444,2.3,5.9,0.391,4.3,4.6,0.944,1.8,2.6,0.8,1.8,2.6,4.3,1.0,0.0,16.9,G,6-4,187,36,0.0,0.0,4.0,3.0,0.0,0.0,1.0,1.0,8.0,2.0,11.0,3.0,6.0,3.0,10.0,5.0,1.0,1.0,1.0,0.0,2.0,2.0,1.0,0.0
30,11,Alvaro Munoz,OBR,32.0,12.4,2.9,8.3,0.354,2.1,6.1,0.35,1.6,1.8,0.889,2.0,3.2,1.5,3.7,5.2,3.0,1.0,0.1,9.6,SF,6-5,200,30,0.0,0.0,5.0,3.0,7.0,2.0,5.0,3.0,18.0,4.0,10.0,4.0,8.0,1.0,12.0,6.0,0.0,0.0,5.0,1.0,0.0,0.0,5.0,2.0
32,14,Andrew Albicy,GCN,32.0,23.9,4.1,10.5,0.393,2.1,6.0,0.36,3.3,4.2,0.778,4.2,3.5,0.5,1.9,2.5,6.5,2.1,0.0,13.7,PG,5-10,165,30,3.0,2.0,4.0,0.0,10.0,6.0,10.0,4.0,36.0,14.0,26.0,14.0,27.0,13.0,43.0,14.0,9.0,0.0,15.0,5.0,1.0,0.0,0.0,0.0
33,6,Angel Delgado,EST,33.0,20.9,6.8,10.5,0.65,0.0,0.1,0.0,2.3,5.9,0.396,2.7,5.2,5.9,8.9,14.8,1.4,1.8,0.8,15.9,C,6-10,230,26,0.0,0.0,0.0,0.0,0.0,0.0,1.0,0.0,0.0,0.0,78.0,50.0,69.0,41.0,0.0,0.0,0.0,0.0,0.0,0.0,1.0,0.0,0.0,0.0
35,2,Ante Tomic,JOV,34.0,23.0,9.1,16.7,0.545,0.1,0.3,0.2,4.6,6.1,0.75,3.7,2.8,4.2,6.6,10.7,3.7,1.1,0.2,22.8,C,7-1,225,34,0.0,0.0,7.0,2.0,0.0,0.0,6.0,3.0,1.0,0.0,113.0,66.0,126.0,65.0,4.0,1.0,5.0,4.0,0.0,0.0,6.0,1.0,0.0,0.0
38,9,Arnau Parrado,JOV,9.0,3.3,6.7,14.6,0.455,1.3,4.0,0.333,2.7,6.7,0.4,1.3,10.6,1.3,9.3,10.6,1.3,1.3,0.0,17.3,C,6-9,220,20,0.0,0.0,0.0,0.0,1.0,0.0,1.0,0.0,0.0,0.0,3.0,2.0,4.0,2.0,0.0,0.0,0.0,0.0,0.0,0.0,0.0,0.0,0.0,0.0
39,8,Arnoldas Kulboka,BBB,30.0,22.5,5.5,12.7,0.435,3.4,8.0,0.43,1.6,2.0,0.794,1.8,2.0,1.8,4.9,6.7,0.9,0.9,0.3,16.0,SF,6-10,215,23,0.0,0.0,16.0,8.0,10.0,5.0,12.0,4.0,35.0,13.0,25.0,10.0,30.0,15.0,44.0,20.0,3.0,1.0,14.0,6.0,7.0,2.0,8.0,4.0
40,4,Artem Pustovyi,FCB,21.0,14.5,8.4,13.3,0.634,0.0,0.0,0.0,4.7,6.7,0.706,3.7,5.5,3.9,5.0,8.9,1.1,1.1,2.1,21.6,C,7-2,212,28,0.0,0.0,0.0,0.0,0.0,0.0,6.0,3.0,0.0,0.0,38.0,29.0,35.0,17.0,0.0,0.0,5.0,2.0,0.0,0.0,0.0,0.0,0.0,0.0
41,8,Artsiom Parakhouski,AND,19.0,14.9,5.9,10.7,0.553,0.0,0.0,0.0,3.4,4.5,0.75,2.7,4.1,4.0,6.5,10.5,1.4,0.8,1.6,15.3,C,6-11,268,33,0.0,0.0,0.0,0.0,0.0,0.0,1.0,1.0,0.0,0.0,29.0,13.0,27.0,14.0,0.0,0.0,1.0,1.0,0.0,0.0,3.0,1.0,0.0,0.0
42,12,Arturs Kurucs,CAJ,28.0,9.1,3.3,10.4,0.318,1.6,6.5,0.244,0.8,1.3,0.625,3.6,5.5,1.1,0.8,1.9,2.7,1.1,0.2,9.0,SG,6-3,190,21,2.0,0.0,10.0,3.0,3.0,0.0,2.0,1.0,12.0,1.0,11.0,6.0,4.0,2.0,2.0,1.0,5.0,0.0,4.0,2.0,0.0,0.0,1.0,0.0
43,10,Arturs Zagars,JOV,12.0,4.8,4.9,14.0,0.35,2.1,7.0,0.3,3.5,4.2,0.833,3.5,10.5,1.4,2.1,3.5,6.3,1.4,0.0,15.4,PG,6-3,172,20,0.0,0.0,0.0,0.0,0.0,0.0,0.0,0.0,0.0,0.0,3.0,1.0,6.0,2.0,8.0,3.0,0.0,0.0,0.0,0.0,0.0,0.0,0.0,0.0
44,13,Augusto Lima,MUR,33.0,21.3,5.8,10.5,0.549,0.0,0.1,0.0,1.0,3.5,0.295,3.2,5.2,5.7,7.8,13.5,3.6,1.9,1.8,12.5,PF,6-10,235,29,0.0,0.0,2.0,0.0,0.0,0.0,10.0,3.0,1.0,0.0,51.0,26.0,70.0,40.0,0.0,0.0,8.0,2.0,0.0,0.0,1.0,0.0,0.0,0.0
45,2,Axel Bouteille,UNI,30.0,20.4,8.0,18.2,0.437,3.0,8.2,0.368,1.8,2.1,0.844,0.8,1.2,0.6,3.4,4.0,2.0,0.9,0.3,20.7,SF,6-6,180,25,2.0,0.0,23.0,8.0,12.0,5.0,19.0,8.0,48.0,18.0,33.0,19.0,34.0,19.0,28.0,15.0,16.0,5.0,12.0,3.0,29.0,11.0,1.0,1.0
46,12,Bandja Sy,AND,23.0,18.6,4.4,10.3,0.427,1.2,5.1,0.236,1.4,2.0,0.714,1.7,4.2,3.5,4.8,8.2,1.2,1.4,1.0,11.4,F,6-8,214,30,2.0,1.0,4.0,1.0,11.0,2.0,2.0,1.0,11.0,1.0,14.0,7.0,21.0,12.0,8.0,2.0,1.0,0.0,9.0,4.0,2.0,0.0,3.0,0.0
48,16,Beka Burjanadze,GCN,18.0,16.8,4.4,10.2,0.429,1.2,4.0,0.3,3.6,5.0,0.711,1.8,3.7,2.0,5.3,7.3,2.1,0.8,0.0,13.5,PF,6-8,260,27,0.0,0.0,5.0,2.0,3.0,1.0,2.0,0.0,10.0,3.0,10.0,6.0,15.0,11.0,4.0,1.0,5.0,1.0,5.0,1.0,6.0,1.0,2.0,0.0
49,1,Bojan Dubljevic,VAL,27.0,21.6,8.6,16.6,0.519,2.3,5.1,0.446,4.6,5.2,0.882,4.1,3.0,4.1,6.5,10.5,5.6,1.6,0.3,24.1,FC,6-9,242,29,1.0,1.0,2.0,1.0,2.0,2.0,0.0,0.0,29.0,10.0,65.0,39.0,70.0,40.0,28.0,14.0,3.0,0.0,2.0,1.0,3.0,0.0,0.0,0.0
52,13,Boris Tisma,BETIS,9.0,8.6,4.1,13.4,0.308,1.5,5.7,0.273,1.5,1.5,1.0,2.1,3.6,3.1,3.1,6.2,3.1,1.5,0.0,11.3,SF,6-9,153,19,3.0,2.0,0.0,0.0,0.0,0.0,1.0,0.0,3.0,0.0,8.0,2.0,4.0,3.0,3.0,1.0,1.0,0.0,2.0,0.0,0.0,0.0,0.0,0.0
53,13,Boris Tisma,BETIS,9.0,8.6,4.1,13.4,0.308,1.5,5.7,0.273,1.5,1.5,1.0,2.1,3.6,3.1,3.1,6.2,3.1,1.5,0.0,11.3,SF,6-9,153,19,3.0,2.0,0.0,0.0,0.0,0.0,1.0,0.0,3.0,0.0,8.0,2.0,4.0,3.0,3.0,1.0,1.0,0.0,2.0,0.0,0.0,0.0,0.0,0.0
55,2,Brandon Davies,FCB,25.0,16.8,8.2,14.8,0.555,0.1,0.4,0.25,7.1,8.5,0.831,3.5,5.7,3.2,5.7,9.0,3.1,1.5,0.9,23.5,PF,6-8,240,29,0.0,0.0,2.0,1.0,0.0,0.0,9.0,5.0,2.0,1.0,48.0,30.0,51.0,29.0,0.0,0.0,11.0,5.0,0.0,0.0,4.0,1.0,0.0,0.0
56,10,Brandone Francis,GBC,15.0,16.2,4.3,14.2,0.302,1.6,6.1,0.27,1.8,2.5,0.733,3.8,4.6,0.8,1.8,2.6,1.0,1.6,0.3,12.0,GF,6-5,215,25,0.0,0.0,12.0,5.0,2.0,1.0,6.0,0.0,5.0,1.0,11.0,5.0,11.0,3.0,11.0,4.0,6.0,2.0,10.0,2.0,3.0,1.0,3.0,2.0
57,6,Bruno Fitipaldo,CAN,33.0,23.1,6.3,15.2,0.414,2.3,6.9,0.333,3.8,4.7,0.811,3.7,3.9,0.6,2.2,2.8,8.1,2.3,0.0,18.7,PG,6-0,183,29,1.0,0.0,8.0,4.0,11.0,3.0,12.0,5.0,41.0,19.0,52.0,34.0,50.0,20.0,43.0,13.0,16.0,4.0,9.0,1.0,6.0,1.0,2.0,1.0
59,14,Carlos Alocen,RMB,29.0,13.3,4.8,13.7,0.348,1.9,6.8,0.273,2.2,3.1,0.7,3.8,2.8,0.6,4.4,5.0,5.7,1.0,0.1,13.6,PG,6-5,205,20,1.0,0.0,6.0,4.0,6.0,1.0,3.0,3.0,20.0,3.0,25.0,10.0,27.0,9.0,19.0,5.0,1.0,0.0,3.0,0.0,1.0,0.0,4.0,4.0
60,12,Carlos Suarez,UNI,12.0,11.1,3.6,8.1,0.444,2.7,6.3,0.429,2.7,3.0,0.9,1.8,2.4,2.1,7.2,9.3,4.5,1.2,0.6,12.7,SF,6-8,233,34,0.0,0.0,2.0,1.0,4.0,3.0,1.0,0.0,3.0,1.0,5.0,2.0,1.0,1.0,5.0,2.0,0.0,0.0,3.0,2.0,0.0,0.0,3.0,0.0
64,19,Charlon Kloof,MON,9.0,8.9,2.5,8.5,0.294,0.5,4.0,0.125,1.0,1.0,1.0,3.0,6.0,0.5,5.0,5.5,4.0,1.0,1.0,6.5,G,6-3,195,30,0.0,0.0,0.0,0.0,0.0,0.0,3.0,0.0,4.0,0.0,6.0,2.0,1.0,0.0,5.0,0.0,4.0,1.0,1.0,0.0,2.0,0.0,2.0,1.0
65,19,Charlon Kloof,MON,9.0,8.9,2.5,8.5,0.294,0.5,4.0,0.125,1.0,1.0,1.0,3.0,6.0,0.5,5.0,5.5,4.0,1.0,1.0,6.5,G,6-3,195,30,0.0,0.0,0.0,0.0,0.0,0.0,3.0,0.0,4.0,0.0,6.0,2.0,1.0,0.0,5.0,0.0,4.0,1.0,1.0,0.0,2.0,0.0,2.0,1.0
67,20,Chema Gonzalez,MON,28.0,9.9,2.3,5.9,0.39,0.0,0.1,0.0,0.0,1.0,0.0,2.6,7.9,5.7,3.7,9.5,1.9,1.9,1.1,4.6,FC,6-9,203,29,0.0,0.0,0.0,0.0,0.0,0.0,0.0,0.0,1.0,0.0,20.0,8.0,17.0,5.0,0.0,0.0,0.0,0.0,0.0,0.0,0.0,0.0,0.0,0.0
68,8,Chris Czerapowicz,OBR,32.0,21.0,5.5,11.3,0.484,2.0,5.4,0.374,1.5,1.9,0.812,1.6,3.7,2.0,5.2,7.1,2.0,0.9,0.4,14.5,G,6-7,210,29,0.0,0.0,16.0,5.0,9.0,5.0,6.0,3.0,20.0,4.0,29.0,18.0,33.0,20.0,25.0,10.0,6.0,1.0,13.0,8.0,6.0,1.0,5.0,3.0
70,11,Christian Eyenga,MON,34.0,24.1,5.9,13.0,0.457,0.8,2.9,0.271,2.2,3.8,0.577,1.8,3.3,2.0,4.0,5.9,3.6,1.8,1.3,14.9,GF,6-7,210,31,2.0,1.0,12.0,2.0,5.0,1.0,6.0,1.0,14.0,3.0,82.0,40.0,68.0,32.0,13.0,3.0,9.0,2.0,11.0,2.0,7.0,4.0,2.0,2.0
71,1,Clevin Hannah,AND,34.0,25.0,6.5,14.3,0.459,3.0,7.3,0.41,4.6,5.1,0.89,3.6,4.1,0.4,2.4,2.8,7.3,1.2,0.0,20.7,G,5-11,165,33,1.0,1.0,7.0,3.0,9.0,2.0,5.0,1.0,43.0,20.0,49.0,27.0,46.0,21.0,68.0,27.0,10.0,4.0,9.0,5.0,7.0,5.0,2.0,1.0
72,1,Conner Frankamp,MUR,23.0,25.8,9.0,20.9,0.429,3.8,10.2,0.371,3.2,3.8,0.857,3.0,3.2,0.7,2.8,3.5,5.3,1.2,0.3,25.0,PG,6-1,169,25,0.0,0.0,11.0,5.0,10.0,3.0,19.0,10.0,58.0,26.0,50.0,25.0,56.0,28.0,47.0,13.0,10.0,3.0,8.0,3.0,7.0,3.0,3.0,2.0
73,12,Conor Morgan,JOV,31.0,19.0,5.1,11.3,0.449,2.2,5.6,0.402,2.1,2.6,0.795,2.2,5.7,1.4,5.2,6.6,1.4,0.9,0.6,14.5,FC,6-9,220,26,1.0,0.0,16.0,5.0,4.0,3.0,5.0,1.0,18.0,9.0,26.0,13.0,30.0,12.0,20.0,8.0,1.0,1.0,14.0,4.0,5.0,2.0,7.0,2.0
74,6,Cory Higgins,FCB,23.0,21.3,6.4,13.5,0.473,1.4,3.5,0.395,4.9,5.4,0.909,1.9,3.0,0.5,3.4,3.9,4.6,2.4,0.7,19.0,G,6-5,181,31,1.0,1.0,5.0,2.0,4.0,2.0,9.0,4.0,14.0,4.0,49.0,25.0,38.0,17.0,16.0,7.0,8.0,3.0,5.0,3.0,7.0,3.0,1.0,0.0
75,5,D.J. Seeley,ZAR,11.0,25.7,6.6,13.4,0.495,2.7,6.4,0.422,4.4,5.1,0.861,4.7,2.7,1.1,2.4,3.5,2.7,0.7,0.1,20.4,G,6-4,195,31,1.0,1.0,4.0,1.0,3.0,1.0,8.0,5.0,17.0,6.0,14.0,10.0,10.0,6.0,7.0,2.0,4.0,1.0,7.0,5.0,8.0,3.0,1.0,0.0
76,11,D.J. Strawberry,MUR,27.0,18.1,4.8,14.8,0.326,2.8,9.5,0.293,1.4,2.4,0.586,3.0,4.6,0.6,2.9,3.4,3.8,1.8,0.5,13.8,G,6-5,205,35,0.0,0.0,5.0,1.0,9.0,4.0,6.0,1.0,37.0,7.0,14.0,9.0,23.0,9.0,34.0,16.0,12.0,4.0,11.0,3.0,3.0,0.0,3.0,0.0
77,11,Dani Perez,MAN,24.0,24.2,4.5,13.0,0.344,2.0,6.7,0.299,2.0,2.5,0.806,4.8,4.3,0.5,2.8,3.3,10.8,1.7,0.1,13.0,PG,6-0,188,31,0.0,0.0,5.0,2.0,6.0,2.0,8.0,5.0,37.0,8.0,32.0,14.0,31.0,12.0,40.0,15.0,12.0,3.0,6.0,2.0,3.0,1.0,1.0,0.0
78,13,Daniel Diez,CAN,10.0,12.3,2.6,5.5,0.471,1.3,3.3,0.4,1.3,1.6,0.8,1.3,0.3,1.0,4.6,5.5,0.7,1.6,0.0,7.8,SF,6-8,216,27,0.0,0.0,2.0,2.0,1.0,0.0,0.0,0.0,1.0,1.0,2.0,1.0,1.0,1.0,2.0,0.0,0.0,0.0,0.0,0.0,1.0,0.0,0.0,0.0
79,13,Daniel Garcia,MAN,13.0,13.9,4.2,10.6,0.396,2.0,7.1,0.281,0.7,1.1,0.6,5.1,8.2,0.4,3.3,3.8,7.8,1.1,0.0,11.1,PG,6-1,176,23,0.0,0.0,1.0,1.0,4.0,0.0,1.0,1.0,11.0,2.0,7.0,4.0,4.0,2.0,9.0,2.0,2.0,2.0,2.0,2.0,1.0,0.0,0.0,0.0
81,1,Dario Brizuela,UNI,32.0,23.9,9.1,19.7,0.464,2.9,8.2,0.357,2.2,2.9,0.768,2.8,3.1,0.4,2.4,2.7,5.2,1.6,0.1,23.5,SG,6-4,161,26,5.0,2.0,13.0,5.0,6.0,3.0,27.0,15.0,54.0,17.0,64.0,44.0,74.0,38.0,37.0,12.0,24.0,11.0,17.0,7.0,4.0,1.0,5.0,1.0
82,6,David DiLeo,MUR,18.0,19.4,5.6,13.7,0.408,4.2,11.2,0.378,2.2,2.4,0.905,1.3,4.2,0.3,3.2,3.6,0.8,1.6,0.3,17.6,SF,6-8,224,24,0.0,0.0,6.0,4.0,8.0,3.0,4.0,2.0,24.0,10.0,7.0,3.0,4.0,1.0,38.0,14.0,3.0,2.0,12.0,4.0,4.0,2.0,4.0,1.0
83,4,David Jelinek,AND,33.0,22.7,5.9,15.5,0.384,3.4,9.4,0.36,1.8,2.4,0.773,2.2,3.2,0.5,3.3,3.7,1.9,1.0,0.1,17.1,SG,6-5,190,30,2.0,1.0,14.0,4.0,12.0,4.0,18.0,7.0,51.0,17.0,35.0,21.0,31.0,8.0,55.0,20.0,9.0,4.0,20.0,8.0,2.0,0.0,5.0,3.0
84,16,Deividas Dulkys,MAN,11.0,14.9,1.9,10.2,0.19,1.5,8.0,0.182,1.0,1.0,1.0,0.7,4.4,1.7,4.6,6.3,1.2,2.2,0.0,6.3,GF,6-5,196,32,2.0,1.0,4.0,0.0,3.0,0.0,1.0,0.0,8.0,1.0,3.0,1.0,4.0,1.0,4.0,0.0,0.0,0.0,8.0,2.0,4.0,2.0,1.0,0.0
85,4,Dejan Kravic,SPB,33.0,20.7,9.1,15.2,0.6,0.0,0.1,0.0,2.6,4.9,0.53,3.2,4.2,3.7,5.2,9.0,1.4,1.9,1.4,20.8,C,7-0,240,30,0.0,0.0,0.0,0.0,0.0,0.0,1.0,0.0,1.0,0.0,116.0,67.0,94.0,53.0,0.0,0.0,1.0,0.0,0.0,0.0,1.0,0.0,0.0,0.0
87,5,Deon Thompson,UNI,34.0,19.5,7.0,14.6,0.477,1.4,4.2,0.343,1.4,2.0,0.697,2.3,3.9,2.0,4.6,6.6,1.7,1.4,0.9,16.8,PF,6-8,250,32,0.0,0.0,32.0,17.0,4.0,0.0,6.0,3.0,24.0,9.0,46.0,21.0,41.0,22.0,13.0,5.0,6.0,2.0,10.0,3.0,17.0,6.0,3.0,1.0
88,7,Derrick Williams,VAL,31.0,17.0,6.0,12.1,0.494,1.7,4.3,0.404,2.7,4.3,0.632,2.8,4.1,0.7,4.4,5.1,1.5,1.2,0.2,16.5,F,6-8,240,29,2.0,1.0,12.0,2.0,4.0,1.0,1.0,0.0,17.0,7.0,32.0,16.0,33.0,18.0,6.0,3.0,3.0,1.0,9.0,6.0,7.0,1.0,8.0,1.0
90,4,Dino Radoncic,GBC,34.0,28.0,5.7,12.8,0.451,1.0,4.1,0.255,3.1,4.1,0.755,2.6,2.4,2.6,5.3,7.8,2.1,1.6,0.4,15.6,GF,6-8,225,22,0.0,0.0,10.0,4.0,13.0,2.0,12.0,8.0,26.0,7.0,76.0,43.0,75.0,40.0,20.0,6.0,6.0,2.0,16.0,6.0,7.0,2.0,2.0,0.0
91,9,Dovydas Giedraitis,EST,16.0,18.8,5.0,11.9,0.422,2.7,7.2,0.37,0.9,1.2,0.778,1.7,4.9,0.9,1.5,2.4,1.5,1.1,0.0,13.7,PG,6-4,165,20,3.0,1.0,3.0,2.0,6.0,1.0,5.0,2.0,18.0,4.0,12.0,4.0,12.0,9.0,6.0,4.0,2.0,2.0,8.0,2.0,1.0,0.0,4.0,0.0
92,3,Dylan Ennis,ZAR,34.0,29.4,7.8,16.0,0.491,2.2,6.6,0.335,4.1,5.4,0.763,3.4,2.4,0.5,3.9,4.4,4.4,2.0,0.2,22.0,G,6-2,195,29,3.0,1.0,10.0,3.0,11.0,3.0,8.0,3.0,48.0,22.0,89.0,55.0,92.0,56.0,63.0,14.0,9.0,4.0,17.0,7.0,11.0,8.0,2.0,1.0
93,4,Dzherom Rendl,BETIS,20.0,16.6,8.2,18.7,0.439,2.2,6.5,0.333,3.3,3.9,0.844,5.5,4.3,0.1,2.4,2.5,5.4,1.2,0.0,21.8,G,5-10,172,33,0.0,0.0,4.0,0.0,2.0,1.0,15.0,7.0,15.0,5.0,21.0,8.0,35.0,21.0,22.0,8.0,17.0,7.0,6.0,3.0,3.0,2.0,0.0,0.0
95,13,Edgar Vicedo,EST,29.0,17.1,4.0,9.8,0.405,1.5,4.5,0.339,1.4,1.5,0.944,0.6,3.8,1.6,4.9,6.5,1.2,2.0,0.7,10.8,SF,6-8,200,26,5.0,2.0,7.0,5.0,5.0,1.0,0.0,0.0,12.0,2.0,19.0,9.0,36.0,15.0,9.0,5.0,0.0,0.0,7.0,1.0,4.0,0.0,9.0,4.0
96,11,Edwin Jackson,EST,11.0,21.3,4.4,14.4,0.31,1.2,4.4,0.269,2.1,3.1,0.667,2.4,4.6,1.5,3.4,5.0,4.3,0.7,0.0,12.1,SG,6-2,201,31,1.0,0.0,2.0,1.0,2.0,1.0,4.0,1.0,8.0,3.0,12.0,4.0,17.0,9.0,4.0,1.0,4.0,0.0,2.0,0.0,5.0,0.0,0.0,0.0
97,9,Edy Tavares,RMB,30.0,24.0,7.1,10.2,0.696,0.1,0.1,0.5,4.1,5.6,0.723,2.7,4.4,5.3,8.3,13.5,1.7,1.5,3.8,18.3,C,7-3,265,28,0.0,0.0,1.0,1.0,0.0,0.0,4.0,1.0,0.0,0.0,67.0,43.0,57.0,35.0,0.0,0.0,2.0,1.0,0.0,0.0,3.0,1.0,0.0,0.0
98,1,Elias Harris,ZAR,17.0,23.1,8.7,13.8,0.63,0.4,0.8,0.5,6.4,6.8,0.94,2.4,4.0,1.7,5.9,7.6,2.5,1.1,0.3,24.1,SF,6-8,239,31,0.0,0.0,10.0,4.0,1.0,0.0,2.0,0.0,0.0,0.0,44.0,28.0,36.0,26.0,1.0,0.0,2.0,0.0,1.0,1.0,3.0,1.0,1.0,1.0
99,10,Emanuel Cate,MUR,34.0,16.9,5.9,10.2,0.575,0.3,0.8,0.364,3.2,3.9,0.821,2.9,5.0,4.8,6.2,11.0,1.3,0.8,0.8,15.2,PF,6-9,225,23,0.0,0.0,2.0,0.0,0.0,0.0,1.0,0.0,5.0,3.0,52.0,35.0,55.0,27.0,6.0,1.0,2.0,0.0,0.0,0.0,2.0,0.0,0.0,0.0
100,17,Emil Stoilov,EST,9.0,1.9,2.3,9.3,0.25,0.0,0.0,0.0,0.0,0.0,0.0,4.6,11.6,4.6,6.9,11.6,2.3,0.0,2.3,4.6,C,6-11,215,19,0.0,0.0,0.0,0.0,0.0,0.0,0.0,0.0,0.0,0.0,3.0,0.0,0.0,0.0,0.0,0.0,0.0,0.0,0.0,0.0,0.0,0.0,0.0,0.0
101,8,Emir Sulejmanovic,CAN,34.0,12.7,5.9,10.6,0.561,1.4,3.4,0.405,1.4,2.4,0.577,1.2,6.3,2.4,7.4,9.8,1.3,1.3,0.4,14.7,PF,6-9,220,25,1.0,1.0,12.0,7.0,1.0,1.0,2.0,1.0,5.0,1.0,22.0,13.0,27.0,17.0,5.0,1.0,1.0,0.0,7.0,1.0,3.0,0.0,5.0,4.0
102,9,Eulis Baez,MAN,25.0,17.8,4.8,9.8,0.486,1.7,4.6,0.373,3.4,4.7,0.731,1.8,4.3,2.9,3.7,6.5,3.2,1.7,0.6,14.6,PF,6-7,225,38,2.0,1.0,5.0,3.0,2.0,0.0,1.0,0.0,18.0,7.0,28.0,16.0,16.0,9.0,11.0,2.0,1.0,1.0,7.0,3.0,1.0,1.0,3.0,3.0
103,5,Fabien Causeur,RMB,25.0,20.8,6.7,13.6,0.492,3.3,7.5,0.443,3.1,3.8,0.8,2.2,2.7,0.5,3.2,3.8,3.3,1.5,0.3,19.8,SG,6-3,198,33,3.0,2.0,5.0,4.0,14.0,7.0,6.0,4.0,17.0,6.0,25.0,14.0,40.0,23.0,22.0,9.0,2.0,1.0,19.0,11.0,3.0,0.0,4.0,0.0
104,19,Fabio Santana,GCN,13.0,5.0,4.9,12.9,0.381,1.2,6.1,0.2,0.6,0.6,1.0,3.1,5.5,0.6,1.2,1.8,5.5,2.5,0.6,11.6,PG,6-2,185,28,0.0,0.0,0.0,0.0,0.0,0.0,0.0,0.0,5.0,0.0,5.0,3.0,2.0,2.0,2.0,1.0,0.0,0.0,1.0,1.0,1.0,0.0,0.0,0.0
105,4,Facundo Campazzo,RMB,10.0,21.8,6.0,13.4,0.452,2.6,7.3,0.35,5.1,5.7,0.903,4.2,2.6,0.2,4.2,4.4,8.4,4.2,0.0,19.8,PG,5-11,165,29,0.0,0.0,0.0,0.0,1.0,0.0,1.0,1.0,20.0,8.0,18.0,12.0,13.0,6.0,15.0,4.0,0.0,0.0,2.0,1.0,2.0,1.0,0.0,0.0
107,16,Felipe Dos Anjos,BBB,26.0,9.8,4.7,8.5,0.556,0.0,0.0,0.0,1.3,1.7,0.727,4.2,7.8,4.1,8.5,12.5,1.3,1.7,2.2,10.7,C,7-2,230,22,0.0,0.0,0.0,0.0,0.0,0.0,1.0,0.0,0.0,0.0,19.0,10.0,16.0,6.0,0.0,0.0,0.0,0.0,0.0,0.0,0.0,0.0,0.0,0.0
108,18,Felipe Reyes,RMB,11.0,7.0,3.6,11.5,0.318,0.5,1.6,0.333,2.6,3.6,0.714,4.2,4.7,3.1,7.3,10.4,2.1,0.5,0.0,10.4,FC,6-9,265,40,0.0,0.0,1.0,0.0,0.0,0.0,0.0,0.0,3.0,1.0,4.0,1.0,10.0,5.0,0.0,0.0,1.0,0.0,0.0,0.0,1.0,0.0,0.0,0.0
109,11,Fernando San Emeterio,VAL,27.0,15.4,5.1,11.7,0.434,1.5,5.2,0.296,2.3,3.2,0.727,1.8,2.1,0.5,5.0,5.5,3.5,1.0,0.0,14.0,GF,6-6,232,37,1.0,1.0,2.0,2.0,2.0,1.0,6.0,2.0,17.0,4.0,32.0,22.0,23.0,7.0,18.0,3.0,2.0,1.0,7.0,4.0,4.0,3.0,2.0,0.0
110,11,Ferran Bassas,JOV,34.0,24.4,5.2,11.3,0.462,2.8,6.8,0.407,2.0,2.2,0.891,4.4,3.9,0.9,2.7,3.6,7.9,1.5,0.0,15.2,PG,6-0,188,28,3.0,1.0,12.0,5.0,7.0,4.0,4.0,2.0,45.0,20.0,39.0,22.0,35.0,21.0,37.0,14.0,4.0,1.0,12.0,5.0,3.0,2.0,3.0,2.0
111,3,Fran Guerra,CAN,33.0,14.2,8.4,11.9,0.705,0.2,0.4,0.4,4.6,6.8,0.684,2.7,5.4,2.3,5.2,7.5,3.0,1.4,0.8,21.5,C,7-0,250,28,0.0,0.0,0.0,0.0,0.0,0.0,1.0,0.0,0.0,0.0,56.0,35.0,41.0,30.0,2.0,0.0,0.0,0.0,1.0,1.0,0.0,0.0,0.0,0.0
112,4,Francis Alonso,UNI,34.0,17.4,5.7,12.5,0.457,3.4,8.1,0.425,3.5,4.0,0.867,2.4,3.9,1.1,1.7,2.8,1.6,1.1,0.0,18.4,G,6-3,185,24,2.0,1.0,13.0,5.0,12.0,4.0,4.0,2.0,39.0,17.0,20.0,14.0,18.0,6.0,22.0,11.0,11.0,6.0,17.0,5.0,10.0,5.0,8.0,4.0
113,10,Frankie Ferrari,GCN,12.0,19.0,5.8,15.6,0.371,2.8,7.2,0.39,1.8,2.1,0.833,2.8,3.5,0.5,1.9,2.5,4.6,1.9,0.0,16.2,G,6-1,188,25,2.0,1.0,10.0,8.0,8.0,3.0,7.0,4.0,45.0,14.0,46.0,17.0,40.0,17.0,45.0,17.0,13.0,5.0,9.0,4.0,7.0,1.0,0.0,0.0
114,10,Frankie Ferrari,GCN,12.0,19.0,5.8,15.6,0.371,2.8,7.2,0.39,1.8,2.1,0.833,2.8,3.5,0.5,1.9,2.5,4.6,1.9,0.0,16.2,G,6-1,188,25,2.0,1.0,10.0,8.0,8.0,3.0,7.0,4.0,45.0,14.0,46.0,17.0,40.0,17.0,45.0,17.0,13.0,5.0,9.0,4.0,7.0,1.0,0.0,0.0
115,10,Frankie Ferrari,GCN,12.0,19.0,5.8,15.6,0.371,2.8,7.2,0.39,1.8,2.1,0.833,2.8,3.5,0.5,1.9,2.5,4.6,1.9,0.0,16.2,G,6-1,188,25,2.0,1.0,10.0,8.0,8.0,3.0,7.0,4.0,45.0,14.0,46.0,17.0,40.0,17.0,45.0,17.0,13.0,5.0,9.0,4.0,7.0,1.0,0.0,0.0
116,10,Frankie Ferrari,GCN,12.0,19.0,5.8,15.6,0.371,2.8,7.2,0.39,1.8,2.1,0.833,2.8,3.5,0.5,1.9,2.5,4.6,1.9,0.0,16.2,G,6-1,188,25,2.0,1.0,10.0,8.0,8.0,3.0,7.0,4.0,45.0,14.0,46.0,17.0,40.0,17.0,45.0,17.0,13.0,5.0,9.0,4.0,7.0,1.0,0.0,0.0
119,3,Frankie Ferrari,MAN,11.0,20.6,8.5,21.2,0.4,3.5,10.3,0.345,2.5,2.7,0.933,5.1,4.4,0.7,2.5,3.2,10.3,2.3,0.0,23.0,G,6-1,188,25,2.0,1.0,10.0,8.0,8.0,3.0,7.0,4.0,45.0,14.0,46.0,17.0,40.0,17.0,45.0,17.0,13.0,5.0,9.0,4.0,7.0,1.0,0.0,0.0
121,3,Frankie Ferrari,MAN,11.0,20.6,8.5,21.2,0.4,3.5,10.3,0.345,2.5,2.7,0.933,5.1,4.4,0.7,2.5,3.2,10.3,2.3,0.0,23.0,G,6-1,188,25,2.0,1.0,10.0,8.0,8.0,3.0,7.0,4.0,45.0,14.0,46.0,17.0,40.0,17.0,45.0,17.0,13.0,5.0,9.0,4.0,7.0,1.0,0.0,0.0
122,3,Frankie Ferrari,MAN,11.0,20.6,8.5,21.2,0.4,3.5,10.3,0.345,2.5,2.7,0.933,5.1,4.4,0.7,2.5,3.2,10.3,2.3,0.0,23.0,G,6-1,188,25,2.0,1.0,10.0,8.0,8.0,3.0,7.0,4.0,45.0,14.0,46.0,17.0,40.0,17.0,45.0,17.0,13.0,5.0,9.0,4.0,7.0,1.0,0.0,0.0
123,3,Frankie Ferrari,MAN,11.0,20.6,8.5,21.2,0.4,3.5,10.3,0.345,2.5,2.7,0.933,5.1,4.4,0.7,2.5,3.2,10.3,2.3,0.0,23.0,G,6-1,188,25,2.0,1.0,10.0,8.0,8.0,3.0,7.0,4.0,45.0,14.0,46.0,17.0,40.0,17.0,45.0,17.0,13.0,5.0,9.0,4.0,7.0,1.0,0.0,0.0
126,10,Gabriel Deck,RMB,21.0,23.3,5.9,11.0,0.533,1.2,3.7,0.333,4.1,4.7,0.862,2.1,2.7,1.2,5.6,6.8,2.5,1.0,0.0,17.1,F,6-6,210,26,1.0,0.0,3.0,1.0,5.0,1.0,1.0,0.0,13.0,4.0,28.0,19.0,44.0,30.0,12.0,5.0,4.0,1.0,8.0,4.0,3.0,0.0,3.0,1.0
127,9,Gal Mekel,UNI,9.0,16.5,5.9,13.2,0.449,0.0,1.4,0.0,2.7,3.8,0.714,3.8,3.8,0.3,3.0,3.2,8.9,1.4,0.3,14.6,PG,6-3,202,32,0.0,0.0,1.0,1.0,1.0,0.0,3.0,1.0,1.0,0.0,19.0,12.0,10.0,5.0,2.0,0.0,1.0,0.0,0.0,0.0,1.0,0.0,0.0,0.0
129,1,Giorgi Shermadini,CAN,34.0,23.5,10.5,15.7,0.667,0.0,0.0,0.0,8.2,9.1,0.901,3.8,3.3,3.9,5.2,9.1,3.1,1.6,0.8,29.2,C,7-1,250,31,0.0,0.0,2.0,2.0,0.0,0.0,5.0,5.0,0.0,0.0,127.0,76.0,112.0,71.0,0.0,0.0,2.0,0.0,0.0,0.0,1.0,1.0,0.0,0.0
131,11,Goran Huskic,BBB,21.0,14.2,6.2,11.2,0.554,0.0,0.3,0.0,2.4,3.4,0.72,3.8,5.9,2.0,5.0,7.0,4.0,1.1,0.4,14.8,C,6-9,225,28,0.0,0.0,1.0,0.0,0.0,0.0,0.0,0.0,0.0,0.0,37.0,22.0,40.0,25.0,1.0,0.0,1.0,0.0,0.0,0.0,4.0,0.0,0.0,0.0
133,11,Goran Huskic,BBB,21.0,14.2,6.2,11.2,0.554,0.0,0.3,0.0,2.4,3.4,0.72,3.8,5.9,2.0,5.0,7.0,4.0,1.1,0.4,14.8,C,6-9,225,28,0.0,0.0,1.0,0.0,0.0,0.0,0.0,0.0,0.0,0.0,37.0,22.0,40.0,25.0,1.0,0.0,1.0,0.0,0.0,0.0,4.0,0.0,0.0,0.0
134,16,Guillem Colom,AND,18.0,4.2,3.7,12.6,0.292,0.5,6.8,0.077,1.0,1.0,1.0,1.6,3.1,3.1,2.6,5.8,2.1,2.1,0.0,8.9,PF,6-4,192,29,1.0,0.0,2.0,2.0,1.0,0.0,3.0,0.0,2.0,0.0,2.0,1.0,2.0,2.0,5.0,0.0,2.0,1.0,0.0,0.0,0.0,0.0,0.0,0.0
136,14,Guillem Jou,MAN,23.0,19.9,3.5,9.3,0.377,1.8,6.2,0.282,1.9,2.5,0.786,1.5,1.9,2.6,5.4,8.1,1.8,1.5,0.4,10.7,SG,6-6,180,23,1.0,1.0,6.0,2.0,6.0,2.0,1.0,0.0,10.0,3.0,10.0,3.0,15.0,10.0,17.0,4.0,2.0,0.0,8.0,3.0,3.0,0.0,5.0,1.0
137,15,Guillem Vives,VAL,25.0,19.5,3.7,9.6,0.385,1.7,5.6,0.309,0.8,1.1,0.769,2.1,4.3,0.5,3.1,3.6,4.4,2.3,0.7,9.9,PG,6-3,172,27,1.0,0.0,5.0,3.0,4.0,2.0,3.0,3.0,18.0,4.0,19.0,7.0,26.0,15.0,20.0,8.0,1.0,0.0,7.0,1.0,0.0,0.0,5.0,1.0
139,7,Haukur Palsson,AND,19.0,20.3,5.3,13.2,0.402,2.7,7.2,0.377,2.5,3.6,0.686,3.9,4.1,0.6,4.4,5.0,2.8,1.9,0.2,15.8,F,6-6,190,28,1.0,1.0,10.0,3.0,5.0,1.0,4.0,1.0,27.0,11.0,20.0,9.0,13.0,4.0,18.0,6.0,7.0,3.0,7.0,2.0,4.0,3.0,3.0,2.0
141,15,Ibrahim Magassa,BETIS,14.0,7.2,4.3,12.2,0.355,1.2,5.9,0.2,0.0,0.0,0.0,1.6,3.9,1.2,2.4,3.6,0.4,0.4,0.4,9.9,SF,6-7,220,19,1.0,0.0,3.0,1.0,2.0,1.0,2.0,0.0,3.0,1.0,1.0,0.0,6.0,5.0,3.0,0.0,1.0,1.0,2.0,0.0,3.0,1.0,0.0,0.0
142,7,Ilimane Diop,CAJ,28.0,10.4,5.6,12.9,0.436,1.9,5.1,0.378,3.7,4.4,0.844,1.5,7.1,2.1,4.7,6.7,2.1,0.7,1.6,16.8,C,6-11,216,25,0.0,0.0,1.0,0.0,1.0,0.0,5.0,1.0,13.0,4.0,11.0,5.0,17.0,3.0,13.0,8.0,2.0,1.0,4.0,0.0,4.0,3.0,1.0,0.0
145,4,Isaiah Taylor,MUR,10.0,26.4,8.2,18.8,0.435,2.1,7.0,0.304,2.0,2.3,0.867,3.0,5.0,0.6,1.8,2.4,5.0,0.9,0.2,20.4,G,6-3,170,26,0.0,0.0,1.0,0.0,3.0,0.0,3.0,1.0,9.0,3.0,29.0,13.0,32.0,18.0,16.0,6.0,1.0,1.0,4.0,0.0,1.0,0.0,0.0,0.0
147,1,J.JJ Barea,EST,18.0,22.8,7.6,21.1,0.361,2.7,8.9,0.308,4.2,5.2,0.811,4.1,4.7,0.6,2.1,2.7,8.3,1.6,0.0,22.2,G,5-10,180,36,1.0,1.0,10.0,4.0,5.0,1.0,14.0,4.0,28.0,7.0,37.0,17.0,41.0,16.0,27.0,7.0,8.0,3.0,8.0,3.0,2.0,1.0,1.0,1.0
149,3,Jaime Fernandez,UNI,25.0,22.0,6.6,15.1,0.44,2.0,5.5,0.373,4.0,5.1,0.786,3.7,4.4,0.4,2.5,3.0,7.2,1.8,0.1,19.3,PG,6-2,178,27,0.0,0.0,4.0,1.0,3.0,0.0,5.0,1.0,27.0,8.0,57.0,28.0,43.0,21.0,21.0,11.0,6.0,2.0,7.0,4.0,3.0,0.0,5.0,3.0
152,3,Jaime Fernandez,UNI,25.0,22.0,6.6,15.1,0.44,2.0,5.5,0.373,4.0,5.1,0.786,3.7,4.4,0.4,2.5,3.0,7.2,1.8,0.1,19.3,C,6-8,209,20,0.0,0.0,4.0,1.0,3.0,0.0,5.0,1.0,27.0,8.0,57.0,28.0,43.0,21.0,21.0,11.0,6.0,2.0,7.0,4.0,3.0,0.0,5.0,3.0
153,12,Jaime Pradilla,VAL,25.0,8.7,5.7,10.3,0.554,0.6,1.1,0.5,1.7,2.6,0.643,3.5,5.1,3.9,4.6,8.5,1.3,0.7,0.0,13.6,C,6-9,234,20,1.0,1.0,3.0,0.0,0.0,0.0,0.0,0.0,2.0,1.0,25.0,15.0,20.0,11.0,1.0,1.0,0.0,0.0,0.0,0.0,1.0,0.0,0.0,0.0
154,7,Jake Cohen,OBR,33.0,22.1,5.3,11.8,0.449,1.7,5.0,0.337,3.1,3.4,0.905,2.4,3.9,1.9,5.0,6.9,2.2,0.8,0.5,15.4,FC,6-10,235,30,2.0,1.0,7.0,2.0,6.0,2.0,3.0,1.0,33.0,11.0,56.0,30.0,50.0,29.0,29.0,10.0,0.0,0.0,5.0,1.0,5.0,0.0,2.0,2.0
155,2,Jake Wiley,ZAR,12.0,19.3,9.3,15.8,0.593,0.0,0.2,0.0,4.0,5.2,0.767,1.6,4.8,2.6,5.2,7.8,2.6,1.2,1.2,22.7,F,6-8,220,26,0.0,0.0,6.0,3.0,1.0,0.0,10.0,5.0,5.0,2.0,46.0,22.0,48.0,25.0,3.0,0.0,8.0,6.0,4.0,2.0,4.0,1.0,0.0,0.0
156,2,Jake Wiley,ZAR,12.0,19.3,9.3,15.8,0.593,0.0,0.2,0.0,4.0,5.2,0.767,1.6,4.8,2.6,5.2,7.8,2.6,1.2,1.2,22.7,F,6-8,220,26,0.0,0.0,6.0,3.0,1.0,0.0,10.0,5.0,5.0,2.0,46.0,22.0,48.0,25.0,3.0,0.0,8.0,6.0,4.0,2.0,4.0,1.0,0.0,0.0
157,7,Jake Wiley,GCN,11.0,22.3,7.5,14.8,0.505,0.8,2.3,0.357,1.8,2.9,0.611,3.3,3.1,1.8,5.0,6.8,1.8,1.3,1.0,17.6,F,6-8,220,26,0.0,0.0,6.0,3.0,1.0,0.0,10.0,5.0,5.0,2.0,46.0,22.0,48.0,25.0,3.0,0.0,8.0,6.0,4.0,2.0,4.0,1.0,0.0,0.0
158,7,Jake Wiley,GCN,11.0,22.3,7.5,14.8,0.505,0.8,2.3,0.357,1.8,2.9,0.611,3.3,3.1,1.8,5.0,6.8,1.8,1.3,1.0,17.6,F,6-8,220,26,0.0,0.0,6.0,3.0,1.0,0.0,10.0,5.0,5.0,2.0,46.0,22.0,48.0,25.0,3.0,0.0,8.0,6.0,4.0,2.0,4.0,1.0,0.0,0.0
159,2,James Feldeine,BETIS,34.0,26.9,8.1,19.1,0.423,2.9,8.6,0.34,3.0,3.8,0.802,2.7,2.4,0.7,2.7,3.5,3.8,1.8,0.3,22.1,SG,6-4,190,32,1.0,0.0,14.0,4.0,22.0,9.0,16.0,4.0,76.0,28.0,73.0,37.0,94.0,52.0,69.0,18.0,16.0,8.0,14.0,7.0,12.0,5.0,2.0,1.0
160,7,James Webb III,MUR,15.0,24.9,5.8,12.4,0.466,2.4,6.0,0.393,3.1,4.1,0.763,1.6,4.5,3.3,6.9,10.2,1.6,1.5,0.3,17.0,F,6-9,202,27,1.0,0.0,3.0,2.0,9.0,4.0,2.0,0.0,14.0,4.0,18.0,8.0,21.0,12.0,15.0,6.0,1.0,1.0,5.0,2.0,2.0,0.0,3.0,1.0
161,9,Jan Span,GBC,34.0,19.9,4.8,16.4,0.291,2.2,9.8,0.229,0.5,0.8,0.643,2.6,2.7,0.6,1.5,2.2,3.5,1.3,0.0,12.3,PG,6-1,190,28,1.0,0.0,9.0,2.0,17.0,4.0,10.0,2.0,51.0,13.0,38.0,18.0,20.0,7.0,56.0,14.0,10.0,3.0,18.0,4.0,6.0,1.0,4.0,2.0
163,6,Jaroslaw Zyskowski,BBB,28.0,20.1,5.8,13.4,0.436,1.6,4.5,0.365,4.3,5.8,0.732,2.2,4.1,1.1,3.2,4.3,0.9,0.9,0.1,17.6,SF,6-7,220,28,1.0,0.0,11.0,4.0,1.0,1.0,4.0,3.0,16.0,6.0,60.0,25.0,40.0,23.0,18.0,3.0,2.0,0.0,10.0,7.0,7.0,2.0,3.0,2.0
164,3,Jasiel Rivero,SPB,31.0,23.4,7.9,13.8,0.576,0.9,3.3,0.283,4.8,7.2,0.664,3.0,4.2,3.0,6.7,9.7,1.8,0.9,0.8,21.6,C,6-9,220,27,0.0,0.0,4.0,2.0,7.0,2.0,4.0,1.0,18.0,6.0,73.0,48.0,80.0,56.0,23.0,5.0,2.0,1.0,5.0,2.0,4.0,2.0,0.0,0.0
165,7,Jason Thompson,ZAR,17.0,18.2,7.5,13.3,0.563,0.0,0.1,0.0,3.1,5.9,0.522,3.7,7.4,1.8,8.8,10.6,3.2,0.9,0.5,18.1,PF,6-11,250,34,0.0,0.0,2.0,0.0,0.0,0.0,7.0,2.0,0.0,0.0,38.0,22.0,24.0,10.0,0.0,0.0,8.0,4.0,0.0,0.0,2.0,2.0,0.0,0.0
166,16,Javi Garcia,ZAR,24.0,8.7,3.5,9.4,0.367,1.9,5.8,0.333,1.9,2.3,0.833,1.7,7.9,0.8,2.3,3.1,3.8,0.8,0.0,10.8,SG,6-3,-,19,0.0,0.0,3.0,2.0,3.0,1.0,1.0,1.0,13.0,6.0,4.0,3.0,7.0,2.0,9.0,3.0,2.0,0.0,1.0,0.0,3.0,0.0,0.0,0.0
168,20,Javier Beiran,GCN,28.0,23.0,4.3,8.8,0.489,1.2,3.9,0.302,0.6,0.9,0.643,1.4,1.1,1.8,6.3,8.1,3.6,0.9,0.4,10.3,SF,6-6,200,33,0.0,0.0,10.0,4.0,12.0,3.0,3.0,0.0,9.0,5.0,27.0,21.0,30.0,21.0,10.0,1.0,1.0,0.0,11.0,3.0,7.0,1.0,3.0,1.0
169,17,Javier Justiz,ZAR,12.0,7.2,4.2,12.6,0.333,0.0,0.5,0.0,1.4,1.4,1.0,4.2,5.6,1.4,5.6,7.0,1.9,0.9,1.4,9.8,C,6-9,210,28,0.0,0.0,1.0,0.0,0.0,0.0,1.0,0.0,0.0,0.0,5.0,3.0,10.0,1.0,0.0,0.0,0.0,0.0,0.0,0.0,1.0,0.0,0.0,0.0
170,1,Jaycee Carroll,RMB,28.0,15.6,9.2,18.7,0.493,4.4,10.2,0.429,4.8,5.1,0.946,1.6,3.7,1.2,3.6,4.8,1.5,1.0,0.1,27.7,SG,6-2,170,37,3.0,1.0,9.0,4.0,12.0,4.0,9.0,3.0,34.0,16.0,29.0,17.0,27.0,18.0,36.0,15.0,4.0,2.0,10.0,5.0,7.0,3.0,2.0,2.0
171,2,Jaylon Brown,BBB,33.0,26.2,6.3,15.0,0.42,2.2,6.4,0.338,4.3,5.1,0.836,3.2,4.2,0.6,2.6,3.1,3.5,1.1,0.1,19.0,G,6-0,185,26,1.0,0.0,10.0,1.0,6.0,2.0,23.0,12.0,50.0,21.0,55.0,23.0,50.0,27.0,50.0,13.0,25.0,10.0,15.0,8.0,4.0,1.0,3.0,1.0
173,15,Jeffery Taylor,RMB,26.0,16.1,4.4,9.0,0.489,2.1,5.4,0.386,2.3,3.1,0.727,2.1,3.9,1.3,3.2,4.6,1.0,1.2,0.1,13.2,SF,6-7,225,31,1.0,0.0,9.0,1.0,6.0,0.0,1.0,0.0,6.0,3.0,7.0,5.0,15.0,10.0,3.0,1.0,0.0,0.0,10.0,6.0,5.0,1.0,3.0,3.0
174,2,Jeremy Senglin,AND,31.0,24.1,6.5,14.8,0.442,2.0,5.6,0.356,4.1,5.1,0.792,2.2,3.9,0.9,3.3,4.2,2.9,0.8,0.1,19.1,G,6-0,190,25,0.0,0.0,8.0,4.0,7.0,2.0,25.0,15.0,32.0,11.0,46.0,21.0,43.0,22.0,36.0,13.0,26.0,12.0,14.0,5.0,5.0,4.0,1.0,1.0
175,6,Jerome Jordan,BETIS,20.0,15.6,5.5,11.4,0.483,0.0,0.0,0.0,3.8,5.4,0.714,2.7,4.7,3.1,6.9,10.0,2.0,1.2,1.5,14.8,C,7-0,253,34,0.0,0.0,2.0,0.0,0.0,0.0,1.0,0.0,1.0,0.0,24.0,6.0,34.0,15.0,0.0,0.0,7.0,5.0,0.0,0.0,1.0,0.0,0.0,0.0
176,9,Joan Sastre,VAL,20.0,17.8,5.6,10.4,0.538,2.4,5.3,0.447,1.6,1.9,0.824,2.2,2.4,0.7,2.2,2.9,4.2,1.6,0.7,15.2,SF,6-7,200,29,1.0,0.0,3.0,2.0,2.0,1.0,7.0,1.0,8.0,2.0,20.0,13.0,14.0,11.0,13.0,8.0,0.0,0.0,8.0,5.0,0.0,0.0,3.0,1.0
177,14,Joel Parra,JOV,34.0,13.5,4.4,8.7,0.5,1.2,3.0,0.412,1.9,2.4,0.815,1.2,3.9,2.8,5.8,8.6,0.8,1.3,0.3,11.9,F,6-8,210,20,3.0,1.0,7.0,1.0,3.0,2.0,2.0,0.0,1.0,0.0,27.0,15.0,25.0,14.0,3.0,2.0,1.0,0.0,4.0,0.0,4.0,2.0,4.0,0.0
178,4,John Jenkins,BBB,20.0,27.5,6.8,15.3,0.443,4.0,9.8,0.407,1.4,1.8,0.76,2.2,3.1,0.6,2.0,2.5,2.0,1.1,0.2,18.9,SG,6-4,215,29,4.0,2.0,15.0,6.0,8.0,2.0,16.0,7.0,49.0,23.0,14.0,9.0,15.0,8.0,36.0,9.0,16.0,8.0,14.0,7.0,9.0,7.0,6.0,3.0
179,3,John Roberson,EST,31.0,22.0,6.8,16.3,0.419,4.5,11.0,0.404,2.3,2.4,0.951,2.4,3.5,0.4,1.9,2.3,5.4,0.9,0.1,20.4,PG,5-11,168,32,1.0,0.0,9.0,3.0,12.0,3.0,22.0,9.0,68.0,25.0,16.0,9.0,30.0,15.0,67.0,30.0,15.0,5.0,18.0,10.0,2.0,1.0,4.0,1.0
180,18,John Shurna,GCN,32.0,23.3,4.9,9.6,0.508,1.7,4.1,0.421,1.4,1.8,0.794,1.0,2.5,2.3,5.4,7.6,1.8,2.1,0.9,12.9,F,6-9,215,30,1.0,0.0,17.0,8.0,16.0,4.0,2.0,1.0,10.0,5.0,26.0,15.0,38.0,20.0,18.0,11.0,4.0,3.0,13.0,4.0,10.0,4.0,4.0,2.0
181,12,Jonathan Barreiro,ZAR,34.0,22.6,5.6,12.1,0.466,2.1,5.9,0.363,2.8,3.5,0.779,1.8,2.9,2.6,5.1,7.6,1.8,0.8,0.3,16.2,SF,6-8,200,24,2.0,1.0,10.0,3.0,13.0,4.0,3.0,1.0,19.0,5.0,52.0,34.0,46.0,22.0,30.0,17.0,2.0,1.0,23.0,4.0,8.0,3.0,5.0,1.0
182,7,Jonathan Rousselle,BBB,27.0,24.5,5.3,11.3,0.468,2.1,5.8,0.354,3.8,4.5,0.827,3.6,5.1,0.4,2.7,3.1,6.8,1.5,0.1,16.3,PG,6-3,185,31,0.0,0.0,2.0,0.0,0.0,0.0,1.0,0.0,36.0,11.0,38.0,22.0,41.0,25.0,43.0,20.0,4.0,1.0,7.0,2.0,1.0,0.0,3.0,0.0
183,6,Jonathan Tabu,MAN,22.0,16.0,5.1,16.1,0.317,3.5,11.0,0.32,4.7,5.3,0.872,6.3,5.5,0.7,3.0,3.6,8.9,1.8,0.0,18.4,PG,6-0,194,35,1.0,0.0,3.0,1.0,4.0,2.0,9.0,3.0,43.0,15.0,14.0,3.0,10.0,6.0,31.0,8.0,9.0,1.0,6.0,3.0,1.0,0.0,0.0,0.0
184,3,Jordan Davis,MUR,32.0,21.7,7.8,18.9,0.416,0.8,3.2,0.25,4.6,6.9,0.664,4.1,4.6,1.1,2.2,3.3,4.2,2.1,0.4,21.1,PG,6-2,185,23,1.0,0.0,9.0,2.0,5.0,1.0,19.0,7.0,14.0,3.0,93.0,46.0,107.0,44.0,19.0,6.0,15.0,4.0,4.0,0.0,1.0,0.0,1.0,0.0
185,7,Jordan Sakho,SPB,30.0,9.9,5.5,10.4,0.532,0.0,0.1,0.0,4.3,5.8,0.744,3.9,11.6,4.6,5.5,10.1,1.8,2.0,1.1,15.4,C,6-10,220,23,0.0,0.0,0.0,0.0,0.0,0.0,5.0,3.0,1.0,0.0,28.0,13.0,30.0,17.0,0.0,0.0,1.0,0.0,0.0,0.0,0.0,0.0,0.0,0.0
186,14,Josep Puerto,VAL,16.0,8.6,3.5,7.5,0.462,2.6,4.3,0.6,2.0,2.6,0.778,1.2,3.2,0.9,3.8,4.6,0.9,0.6,0.3,11.6,G,6-6,198,21,1.0,1.0,4.0,1.0,0.0,0.0,0.0,0.0,5.0,3.0,5.0,2.0,3.0,1.0,4.0,2.0,0.0,0.0,1.0,0.0,1.0,1.0,1.0,1.0
187,13,Josh Sharma,MON,14.0,10.0,5.4,8.8,0.613,0.0,0.6,0.0,3.1,4.6,0.688,4.0,10.8,4.3,4.9,9.1,1.1,0.0,4.0,14.0,C,7-0,230,24,0.0,0.0,1.0,1.0,0.0,0.0,1.0,1.0,1.0,0.0,7.0,4.0,12.0,6.0,0.0,0.0,0.0,0.0,0.0,0.0,0.0,0.0,0.0,0.0
189,14,Jovan Kljajic,BBB,23.0,4.3,4.1,15.1,0.27,0.8,4.9,0.167,3.3,4.1,0.8,3.3,5.3,1.2,4.9,6.1,1.6,2.5,0.4,12.3,SG,6-6,200,19,0.0,0.0,2.0,0.0,2.0,0.0,1.0,0.0,6.0,0.0,7.0,3.0,9.0,4.0,1.0,1.0,3.0,0.0,1.0,0.0,1.0,0.0,1.0,1.0
191,14,Jovan Kljajic,BBB,23.0,4.3,4.1,15.1,0.27,0.8,4.9,0.167,3.3,4.1,0.8,3.3,5.3,1.2,4.9,6.1,1.6,2.5,0.4,12.3,SG,6-6,200,19,0.0,0.0,2.0,0.0,2.0,0.0,1.0,0.0,6.0,0.0,7.0,3.0,9.0,4.0,1.0,1.0,3.0,0.0,1.0,0.0,1.0,0.0,1.0,1.0
192,12,Jovan Novak,MON,16.0,21.8,4.8,10.7,0.452,2.5,6.9,0.367,2.2,3.3,0.655,3.2,3.1,0.6,3.0,3.6,6.6,1.1,0.0,14.3,G,6-3,187,26,0.0,0.0,1.0,1.0,1.0,0.0,1.0,1.0,21.0,6.0,11.0,5.0,18.0,12.0,23.0,14.0,1.0,0.0,5.0,1.0,0.0,0.0,0.0,0.0
193,10,Juan Vaulet,MAN,35.0,22.2,5.6,10.8,0.519,0.7,2.3,0.289,2.0,3.0,0.661,1.8,4.4,2.3,4.8,7.1,1.7,1.1,0.8,13.9,F,6-6,200,24,3.0,1.0,16.0,6.0,3.0,1.0,4.0,1.0,7.0,1.0,52.0,29.0,59.0,30.0,1.0,1.0,5.0,1.0,3.0,1.0,2.0,0.0,8.0,3.0
195,12,Julen Olaizola,GBC,29.0,8.9,3.1,6.7,0.465,0.3,1.4,0.222,0.8,2.8,0.278,2.6,8.8,4.5,3.6,8.1,1.2,1.5,0.3,7.3,FC,6-7,218,27,1.0,0.0,1.0,0.0,0.0,0.0,0.0,0.0,2.0,1.0,19.0,9.0,12.0,7.0,3.0,1.0,0.0,0.0,1.0,0.0,0.0,0.0,0.0,0.0
197,6,Kartal Ozmizrak,OBR,15.0,19.5,4.9,11.6,0.424,2.7,7.4,0.37,3.0,3.3,0.917,2.9,6.0,0.0,3.2,3.2,4.2,1.4,0.3,15.6,PG,6-2,163,25,0.0,0.0,1.0,0.0,3.0,1.0,2.0,0.0,15.0,5.0,10.0,4.0,7.0,6.0,18.0,4.0,3.0,0.0,5.0,3.0,2.0,1.0,1.0,0.0
198,2,Kassius Robertson,OBR,31.0,27.1,7.2,17.3,0.419,4.1,9.9,0.411,3.9,5.2,0.745,3.0,2.0,0.6,2.0,2.6,3.9,1.1,0.1,22.5,G,6-3,180,26,3.0,3.0,14.0,7.0,10.0,2.0,17.0,9.0,76.0,31.0,48.0,20.0,40.0,17.0,48.0,19.0,18.0,7.0,26.0,14.0,13.0,3.0,5.0,1.0
199,8,Ken Horton,SPB,32.0,22.4,5.7,12.5,0.458,2.6,7.1,0.37,0.7,1.0,0.722,1.3,3.5,1.4,6.4,7.9,1.9,2.1,0.4,14.8,F,6-6,190,31,0.0,0.0,16.0,7.0,17.0,7.0,4.0,1.0,34.0,11.0,36.0,21.0,28.0,14.0,26.0,9.0,3.0,1.0,19.0,7.0,5.0,1.0,2.0,1.0
200,13,Khalifa Diop,GCN,24.0,8.7,5.2,9.4,0.551,0.0,0.2,0.0,3.8,7.7,0.5,2.5,7.7,5.2,5.2,10.3,1.1,1.0,2.3,14.2,FC,6-11,231,19,0.0,0.0,0.0,0.0,0.0,0.0,0.0,0.0,0.0,0.0,15.0,8.0,19.0,7.0,0.0,0.0,1.0,1.0,0.0,0.0,0.0,0.0,0.0,0.0
201,2,Klemen Prepelic,VAL,32.0,20.5,7.0,15.3,0.458,3.0,8.9,0.34,5.2,5.4,0.955,3.2,3.9,0.5,2.9,3.4,5.2,1.3,0.1,22.2,SG,6-3,170,28,1.0,0.0,9.0,5.0,8.0,5.0,12.0,6.0,49.0,16.0,44.0,30.0,39.0,25.0,38.0,9.0,1.0,0.0,17.0,7.0,7.0,1.0,4.0,2.0
203,14,"Kwan Cheatham, Jr.",MON,16.0,18.7,4.8,11.6,0.414,2.9,7.4,0.4,0.9,1.1,0.875,1.1,3.6,1.3,4.7,6.0,0.8,1.2,0.4,13.5,F,6-10,235,25,0.0,0.0,3.0,1.0,7.0,2.0,6.0,1.0,21.0,5.0,13.0,9.0,10.0,2.0,8.0,4.0,1.0,0.0,6.0,5.0,3.0,1.0,2.0,2.0
204,5,Kyle Alexander,MON,22.0,22.0,6.8,11.2,0.603,0.5,1.1,0.462,2.9,4.4,0.66,2.4,4.8,5.0,6.9,11.9,0.7,0.8,2.1,16.9,PF,6-10,216,24,0.0,0.0,3.0,0.0,0.0,0.0,9.0,6.0,5.0,2.0,46.0,22.0,35.0,22.0,5.0,2.0,3.0,2.0,1.0,1.0,0.0,0.0,1.0,0.0
205,5,Kyle Kuric,FCB,30.0,17.4,6.7,13.0,0.515,3.1,7.1,0.441,3.6,4.0,0.904,1.6,2.5,1.2,2.6,3.8,1.3,1.3,0.3,20.1,SG,6-4,195,31,4.0,2.0,9.0,5.0,6.0,2.0,15.0,7.0,28.0,13.0,22.0,11.0,22.0,16.0,33.0,14.0,12.0,8.0,6.0,2.0,5.0,3.0,1.0,0.0
206,5,Laurynas Beliauskas,OBR,34.0,18.5,5.6,13.5,0.413,2.8,8.6,0.324,1.8,2.4,0.737,2.3,3.6,0.6,2.7,3.3,3.6,1.3,0.2,15.7,G,6-4,175,23,0.0,0.0,11.0,4.0,8.0,2.0,15.0,8.0,31.0,9.0,27.0,14.0,18.0,10.0,37.0,12.0,9.0,7.0,12.0,4.0,9.0,2.0,6.0,1.0
207,3,Laurynas Birutis,OBR,30.0,20.5,7.2,12.1,0.597,0.0,0.0,0.0,5.9,8.2,0.714,3.1,3.6,3.6,6.6,10.2,1.2,0.9,1.6,20.3,C,7-1,242,23,0.0,0.0,2.0,0.0,0.0,0.0,0.0,0.0,0.0,0.0,64.0,33.0,78.0,42.0,0.0,0.0,0.0,0.0,0.0,0.0,1.0,0.0,0.0,0.0
208,10,Leandro Bolmaro,FCB,31.0,15.2,5.1,10.0,0.508,1.8,3.9,0.457,3.9,4.4,0.885,3.2,3.9,1.1,2.6,3.7,4.9,2.1,0.5,15.9,SG,6-7,182,20,2.0,1.0,9.0,5.0,1.0,1.0,4.0,2.0,7.0,5.0,19.0,9.0,19.0,7.0,19.0,10.0,8.0,5.0,8.0,2.0,3.0,2.0,0.0,0.0
209,15,Leo Westermann,FCB,15.0,15.2,3.7,10.3,0.356,2.1,6.3,0.333,0.7,1.1,0.667,3.3,4.4,0.7,3.0,3.7,7.5,0.7,0.0,10.2,SF,6-6,197,28,1.0,0.0,1.0,1.0,1.0,0.0,4.0,2.0,12.0,5.0,11.0,7.0,3.0,0.0,14.0,4.0,4.0,0.0,1.0,0.0,2.0,0.0,0.0,0.0
210,4,Leonardo Meindl,MON,34.0,25.8,6.4,14.4,0.445,1.0,3.6,0.263,3.4,5.1,0.67,2.8,4.3,3.2,5.8,9.0,2.5,2.3,0.1,17.2,SF,6-7,200,27,3.0,1.0,10.0,2.0,7.0,1.0,8.0,2.0,22.0,9.0,92.0,41.0,95.0,53.0,19.0,4.0,10.0,4.0,10.0,3.0,7.0,0.0,4.0,0.0
212,8,Louis Labeyrie,VAL,29.0,23.4,5.9,9.5,0.621,1.9,3.8,0.492,2.1,2.9,0.714,1.3,1.2,2.1,6.4,8.6,1.0,1.1,0.6,15.8,PF,6-10,200,29,0.0,0.0,15.0,7.0,3.0,2.0,3.0,1.0,8.0,4.0,25.0,19.0,30.0,19.0,23.0,9.0,1.0,0.0,6.0,3.0,9.0,8.0,3.0,2.0
213,4,Luca Vildoza,CAJ,27.0,23.5,6.1,14.6,0.42,2.7,7.6,0.355,3.7,4.4,0.829,4.0,2.5,0.4,2.4,2.8,6.3,2.8,0.1,18.6,PG,6-3,190,25,1.0,1.0,18.0,5.0,4.0,1.0,11.0,3.0,39.0,14.0,28.0,16.0,41.0,22.0,41.0,16.0,14.0,7.0,8.0,2.0,6.0,2.0,3.0,0.0
214,8,Lucas Faggiano,GBC,34.0,24.2,4.7,11.6,0.408,1.6,4.4,0.367,1.6,2.3,0.688,3.0,3.7,0.6,2.9,3.4,5.7,1.7,0.1,12.6,G,6-2,185,31,1.0,1.0,5.0,1.0,6.0,2.0,18.0,5.0,25.0,12.0,51.0,27.0,48.0,26.0,40.0,11.0,10.0,1.0,8.0,4.0,4.0,0.0,0.0,0.0
215,12,Ludde Hakanson,BBB,24.0,21.9,5.1,13.3,0.383,2.1,6.2,0.346,1.7,2.1,0.821,3.6,3.4,0.7,3.0,3.7,5.7,1.3,0.3,14.1,PG,6-3,184,24,1.0,1.0,5.0,0.0,0.0,0.0,10.0,7.0,31.0,14.0,27.0,9.0,25.0,11.0,32.0,5.0,9.0,3.0,2.0,0.0,9.0,5.0,0.0,0.0
217,5,Makai Mason,MAN,28.0,21.3,7.0,18.7,0.373,2.7,9.1,0.296,3.4,4.1,0.836,3.3,4.8,0.5,1.7,2.1,4.1,1.0,0.1,20.1,G,6-1,185,25,1.0,0.0,10.0,5.0,9.0,2.0,9.0,3.0,42.0,11.0,37.0,19.0,62.0,30.0,48.0,14.0,7.0,2.0,13.0,4.0,11.0,4.0,2.0,1.0
218,10,Maksim Salash,SPB,18.0,9.4,5.7,13.2,0.429,0.5,5.2,0.091,1.4,2.6,0.545,0.9,3.3,1.7,6.1,7.8,1.4,0.9,0.7,13.2,PF,6-9,220,24,0.0,0.0,1.0,0.0,0.0,0.0,0.0,0.0,7.0,1.0,13.0,8.0,13.0,7.0,7.0,1.0,0.0,0.0,3.0,0.0,0.0,0.0,1.0,0.0
219,11,Malcolm Thomas,UNI,12.0,19.9,5.4,9.4,0.571,0.0,0.3,0.0,2.9,3.4,0.85,1.8,6.0,4.5,5.7,10.2,2.3,1.3,1.7,13.6,F,6-9,225,32,0.0,0.0,0.0,0.0,0.0,0.0,0.0,0.0,0.0,0.0,24.0,15.0,18.0,7.0,1.0,0.0,2.0,1.0,0.0,0.0,0.0,0.0,0.0,0.0
220,5,Malik Dime,AND,18.0,13.5,6.4,11.4,0.565,0.0,0.2,0.0,4.1,5.8,0.714,3.6,7.2,3.8,5.8,9.5,0.3,1.6,5.3,16.9,PF,6-9,220,28,0.0,0.0,1.0,0.0,0.0,0.0,1.0,1.0,0.0,0.0,18.0,7.0,18.0,10.0,0.0,0.0,1.0,0.0,0.0,0.0,0.0,0.0,0.0,0.0
221,9,Mamadou Niang,BETIS,13.0,13.4,5.5,8.5,0.649,0.0,0.2,0.0,1.6,4.6,0.35,2.5,4.6,3.2,6.6,9.9,1.4,0.5,0.9,12.6,C,6-10,235,27,0.0,0.0,0.0,0.0,0.0,0.0,0.0,0.0,1.0,0.0,15.0,8.0,15.0,11.0,0.0,0.0,0.0,0.0,0.0,0.0,0.0,0.0,0.0,0.0
222,2,Marc Garcia,MON,25.0,18.5,7.2,16.8,0.428,2.8,7.1,0.39,5.1,6.1,0.843,2.7,3.0,1.4,3.1,4.5,1.6,1.4,0.3,22.2,GF,6-6,180,24,3.0,0.0,9.0,4.0,7.0,4.0,2.0,1.0,26.0,5.0,45.0,23.0,46.0,18.0,23.0,10.0,5.0,4.0,10.0,5.0,4.0,2.0,4.0,3.0
224,2,Marcelinho Huertas,CAN,33.0,25.7,8.6,16.5,0.519,1.8,4.1,0.437,3.2,3.5,0.919,4.1,2.3,0.7,2.5,3.1,9.6,1.0,0.0,22.1,PG,6-3,200,37,0.0,0.0,21.0,10.0,5.0,1.0,41.0,18.0,24.0,14.0,61.0,32.0,69.0,43.0,34.0,15.0,33.0,19.0,6.0,3.0,10.0,3.0,2.0,0.0
226,16,Marques Townes,MUR,19.0,9.1,3.2,9.5,0.341,0.5,1.8,0.25,0.5,1.2,0.4,1.2,3.7,0.5,2.3,2.8,2.5,1.8,0.0,7.4,G,6-4,208,25,0.0,0.0,1.0,0.0,0.0,0.0,2.0,1.0,3.0,1.0,8.0,3.0,15.0,6.0,3.0,1.0,2.0,0.0,1.0,0.0,1.0,1.0,0.0,0.0
228,5,Martin Hermannsson,VAL,30.0,16.9,5.9,13.7,0.431,1.9,5.0,0.381,3.8,4.1,0.923,3.3,5.1,0.7,2.5,3.2,6.7,1.4,0.0,17.5,G,6-3,170,26,0.0,0.0,6.0,1.0,2.0,1.0,11.0,5.0,21.0,9.0,34.0,16.0,54.0,26.0,22.0,7.0,6.0,3.0,5.0,2.0,1.0,0.0,0.0,0.0
230,4,Martynas Sajus,MAN,29.0,11.3,8.4,13.5,0.627,0.0,0.0,0.0,5.9,7.5,0.787,3.9,6.7,5.1,6.1,11.3,1.5,0.4,0.6,22.8,C,6-8,247,25,0.0,0.0,0.0,0.0,0.0,0.0,7.0,4.0,0.0,0.0,38.0,24.0,41.0,27.0,0.0,0.0,10.0,3.0,0.0,0.0,2.0,1.0,0.0,0.0
231,4,Matt Costello,GCN,27.0,23.4,8.3,16.7,0.496,2.2,5.9,0.376,2.3,3.3,0.712,2.2,4.9,3.4,6.5,9.9,2.2,0.8,2.0,21.2,C,6-9,245,27,0.0,0.0,5.0,4.0,8.0,3.0,5.0,2.0,31.0,8.0,62.0,33.0,62.0,29.0,26.0,12.0,1.0,0.0,7.0,1.0,5.0,2.0,1.0,1.0
232,8,Matt Janning,MAN,14.0,24.4,5.6,13.8,0.407,4.1,10.2,0.402,1.3,1.5,0.846,1.6,2.3,0.5,3.3,3.7,3.4,0.8,0.1,16.6,GF,6-4,198,32,2.0,1.0,5.0,0.0,8.0,5.0,2.0,0.0,23.0,12.0,9.0,4.0,7.0,3.0,27.0,9.0,4.0,2.0,8.0,4.0,2.0,0.0,0.0,0.0
233,1,Melo Trimble,MON,32.0,28.0,7.2,16.9,0.426,2.8,8.3,0.335,6.9,8.0,0.866,4.5,3.5,0.4,3.0,3.3,4.7,2.1,0.1,24.0,G,6-3,195,26,1.0,0.0,3.0,1.0,9.0,2.0,6.0,1.0,55.0,23.0,89.0,50.0,76.0,35.0,92.0,30.0,12.0,6.0,11.0,4.0,1.0,1.0,3.0,1.0
236,5,Mike Carlson,GBC,17.0,16.2,5.8,13.4,0.435,2.0,6.8,0.298,1.0,1.9,0.538,1.6,5.2,1.9,3.8,5.7,1.6,1.3,0.4,14.7,PF,6-9,200,29,1.0,0.0,4.0,3.0,2.0,1.0,5.0,0.0,6.0,1.0,20.0,14.0,11.0,7.0,22.0,8.0,0.0,0.0,8.0,2.0,2.0,1.0,1.0,0.0
237,4,Mike Daum,OBR,28.0,21.2,6.7,15.1,0.44,2.4,6.3,0.372,3.2,4.0,0.797,2.6,4.6,2.4,5.9,8.2,1.0,1.1,0.3,18.8,F,6-9,235,25,0.0,0.0,14.0,7.0,4.0,1.0,3.0,2.0,26.0,8.0,40.0,19.0,41.0,21.0,21.0,6.0,5.0,1.0,10.0,5.0,9.0,3.0,2.0,1.0
238,3,Mike Tobey,VAL,33.0,18.7,8.8,14.2,0.624,1.6,4.0,0.403,1.9,2.7,0.714,2.1,3.8,2.7,7.1,9.8,1.9,0.9,0.8,21.2,C,7-0,260,26,0.0,0.0,5.0,3.0,1.0,0.0,2.0,1.0,27.0,8.0,39.0,24.0,40.0,24.0,27.0,12.0,1.0,0.0,2.0,2.0,3.0,1.0,0.0,0.0
239,14,Mike Torres,BETIS,28.0,6.7,2.6,10.1,0.255,1.1,4.5,0.238,4.5,4.9,0.913,4.1,6.7,0.6,3.9,4.5,3.9,1.5,0.0,10.7,PG,6-2,176,26,0.0,0.0,4.0,3.0,1.0,1.0,2.0,0.0,4.0,2.0,9.0,2.0,9.0,4.0,4.0,0.0,3.0,0.0,5.0,0.0,1.0,0.0,2.0,0.0
240,11,Mikel Motos,GBC,17.0,5.0,3.3,13.7,0.241,0.5,4.2,0.111,1.9,2.8,0.667,3.3,6.1,2.4,6.1,8.5,3.3,0.9,0.5,9.0,SG,6-4,187,28,0.0,0.0,0.0,0.0,1.0,1.0,3.0,0.0,5.0,0.0,10.0,4.0,4.0,0.0,0.0,0.0,1.0,1.0,0.0,0.0,0.0,0.0,1.0,0.0
242,11,Miquel Salvo,SPB,32.0,14.9,4.2,9.4,0.446,1.6,4.6,0.345,2.0,2.6,0.774,1.2,4.8,1.5,4.0,5.5,1.0,1.4,0.3,12.0,F,6-9,198,26,2.0,0.0,6.0,4.0,12.0,6.0,2.0,2.0,8.0,3.0,21.0,12.0,28.0,15.0,8.0,3.0,1.0,0.0,11.0,1.0,2.0,0.0,1.0,0.0
243,9,Moses Kingsley,BBB,8.0,11.3,6.2,15.5,0.4,1.3,4.0,0.333,1.8,2.2,0.8,3.5,4.4,4.0,4.4,8.4,0.9,0.4,2.2,15.5,PF,6-10,230,26,0.0,0.0,3.0,1.0,0.0,0.0,0.0,0.0,3.0,1.0,6.0,2.0,14.0,6.0,3.0,1.0,2.0,1.0,1.0,0.0,0.0,0.0,0.0,0.0
245,14,Nacho Llovet,AND,24.0,15.8,4.1,8.1,0.506,0.2,1.2,0.182,1.7,2.3,0.727,1.1,4.5,3.9,5.6,9.5,2.2,1.2,0.5,10.1,FC,6-8,225,29,2.0,0.0,2.0,1.0,0.0,0.0,0.0,0.0,2.0,1.0,33.0,19.0,26.0,13.0,3.0,0.0,0.0,0.0,2.0,1.0,1.0,1.0,0.0,0.0
247,8,Nemanja Djurisic,EST,33.0,17.9,5.3,11.8,0.454,1.9,5.4,0.35,1.2,1.6,0.708,2.2,4.7,2.0,5.3,7.2,1.8,0.9,0.4,13.7,F,6-8,230,29,2.0,1.0,7.0,4.0,6.0,1.0,1.0,0.0,20.0,9.0,34.0,17.0,37.0,22.0,17.0,5.0,0.0,0.0,10.0,1.0,7.0,2.0,6.0,2.0
248,5,Nemanja Radovic,MUR,34.0,20.4,8.0,15.5,0.515,0.9,3.3,0.259,2.8,4.5,0.615,2.5,4.2,3.6,5.7,9.3,1.2,1.2,0.9,19.6,PF,6-8,215,29,1.0,0.0,12.0,4.0,4.0,2.0,3.0,2.0,21.0,6.0,82.0,52.0,88.0,52.0,15.0,5.0,5.0,1.0,7.0,1.0,5.0,3.0,1.0,0.0
249,4,Nenad Dimitrijevic,JOV,31.0,20.3,7.9,17.4,0.454,1.5,5.6,0.273,3.3,4.5,0.743,4.9,3.9,0.6,2.4,2.9,6.8,1.1,0.3,20.6,PG,6-1,174,23,0.0,0.0,11.0,3.0,4.0,2.0,6.0,2.0,30.0,9.0,74.0,41.0,69.0,41.0,23.0,4.0,5.0,2.0,5.0,1.0,11.0,6.0,2.0,0.0
250,4,Nenad Dimitrijevic,JOV,31.0,20.3,7.9,17.4,0.454,1.5,5.6,0.273,3.3,4.5,0.743,4.9,3.9,0.6,2.4,2.9,6.8,1.1,0.3,20.6,PG,6-1,174,23,0.0,0.0,11.0,3.0,4.0,2.0,6.0,2.0,30.0,9.0,74.0,41.0,69.0,41.0,23.0,4.0,5.0,2.0,5.0,1.0,11.0,6.0,2.0,0.0
251,12,Nicholas Kay,BETIS,34.0,27.2,4.7,9.8,0.482,0.8,2.7,0.29,1.7,2.0,0.83,1.0,2.4,3.3,5.1,8.4,1.7,1.5,0.4,11.9,F,6-9,230,28,1.0,1.0,11.0,1.0,2.0,1.0,6.0,2.0,21.0,7.0,61.0,38.0,70.0,37.0,17.0,4.0,4.0,2.0,4.0,2.0,11.0,2.0,1.0,1.0
252,11,Nick Calathes,FCB,32.0,19.5,6.5,13.7,0.472,1.7,4.3,0.403,1.2,2.1,0.576,3.6,4.7,1.2,4.9,6.0,11.0,2.3,0.2,15.9,PG,6-6,213,32,1.0,0.0,5.0,3.0,0.0,0.0,10.0,4.0,23.0,10.0,50.0,27.0,70.0,36.0,27.0,11.0,6.0,2.0,1.0,1.0,5.0,1.0,3.0,0.0
253,10,Nick Spires,BETIS,21.0,10.1,5.1,11.9,0.429,0.8,3.2,0.235,1.3,1.9,0.7,2.1,6.4,3.8,5.5,9.3,1.9,0.9,1.5,12.3,F,6-9,215,27,0.0,0.0,2.0,2.0,1.0,1.0,1.0,0.0,8.0,0.0,19.0,8.0,13.0,8.0,3.0,0.0,0.0,0.0,3.0,2.0,1.0,0.0,0.0,0.0
254,8,Nicolas Brussino,ZAR,34.0,25.0,6.1,12.1,0.5,2.6,6.1,0.431,3.1,3.8,0.825,3.7,4.6,0.9,5.0,5.9,4.4,1.9,0.2,17.9,G,6-8,195,27,1.0,1.0,17.0,7.0,12.0,8.0,7.0,3.0,37.0,20.0,39.0,16.0,43.0,28.0,34.0,8.0,4.0,2.0,12.0,4.0,3.0,1.0,4.0,3.0
255,8,Nicolas Laprovittola,RMB,29.0,20.5,5.9,13.2,0.449,3.6,8.4,0.427,2.9,3.4,0.86,2.9,3.8,0.3,4.5,4.9,7.3,0.8,0.0,18.3,PG,6-4,180,31,2.0,1.0,3.0,3.0,5.0,1.0,4.0,3.0,46.0,20.0,26.0,11.0,25.0,14.0,41.0,17.0,4.0,1.0,3.0,1.0,2.0,1.0,3.0,2.0
256,6,Nikola Kalinic,VAL,33.0,22.9,5.9,10.8,0.541,1.2,3.1,0.39,3.8,4.7,0.807,2.2,4.0,1.5,4.8,6.3,4.9,1.4,0.3,16.7,F,6-8,222,29,0.0,0.0,10.0,5.0,1.0,1.0,4.0,1.0,18.0,8.0,62.0,38.0,50.0,32.0,14.0,3.0,7.0,5.0,3.0,1.0,8.0,4.0,1.0,0.0
257,1,Nikola Mirotic,FCB,28.0,20.9,9.9,16.4,0.6,3.4,7.0,0.485,5.1,6.4,0.806,3.0,2.8,1.8,7.8,9.7,1.6,1.7,0.9,28.3,F,6-10,250,30,2.0,0.0,15.0,8.0,4.0,2.0,5.0,2.0,28.0,17.0,53.0,37.0,54.0,38.0,26.0,9.0,4.0,2.0,17.0,9.0,6.0,4.0,3.0,2.0
260,7,Obi Emegano,MON,33.0,24.2,6.1,15.1,0.405,1.5,5.1,0.294,2.5,3.5,0.7,2.0,4.0,1.3,3.3,4.6,2.0,2.0,0.1,16.2,GF,6-3,215,27,1.0,1.0,11.0,3.0,18.0,6.0,30.0,11.0,25.0,7.0,65.0,31.0,48.0,25.0,23.0,4.0,15.0,5.0,17.0,6.0,12.0,5.0,6.0,2.0
261,11,Obi Enechionyia,BETIS,15.0,11.4,3.7,11.0,0.34,2.1,7.5,0.281,2.6,3.3,0.786,4.0,6.3,2.8,5.6,8.4,1.2,2.3,2.1,12.1,FC,6-10,220,25,4.0,1.0,3.0,1.0,5.0,2.0,0.0,0.0,6.0,2.0,7.0,2.0,5.0,3.0,6.0,1.0,0.0,0.0,6.0,1.0,2.0,0.0,1.0,1.0
262,6,Olek Balcerowski,GCN,28.0,11.6,6.9,11.9,0.577,0.7,1.7,0.429,3.4,5.7,0.609,3.8,9.1,3.0,5.3,8.2,1.7,0.7,2.1,18.0,C,7-1,230,20,0.0,0.0,0.0,0.0,0.0,0.0,2.0,1.0,6.0,2.0,35.0,18.0,22.0,12.0,7.0,4.0,1.0,0.0,0.0,0.0,0.0,0.0,0.0,0.0
264,9,Oliver Stevic,GCN,23.0,13.5,6.4,9.0,0.714,0.0,0.0,0.0,4.0,5.4,0.738,1.9,6.2,3.2,4.5,7.7,1.4,1.4,0.3,16.8,FC,6-10,220,37,0.0,0.0,2.0,0.0,0.0,0.0,3.0,1.0,0.0,0.0,44.0,26.0,48.0,37.0,0.0,0.0,1.0,0.0,0.0,0.0,2.0,1.0,0.0,0.0
265,9,Oliver Stevic,GCN,23.0,13.5,6.4,9.0,0.714,0.0,0.0,0.0,4.0,5.4,0.738,1.9,6.2,3.2,4.5,7.7,1.4,1.4,0.3,16.8,FC,6-10,220,37,0.0,0.0,2.0,0.0,0.0,0.0,3.0,1.0,0.0,0.0,44.0,26.0,48.0,37.0,0.0,0.0,1.0,0.0,0.0,0.0,2.0,1.0,0.0,0.0
268,13,Omar Cook,SPB,32.0,22.1,2.8,8.2,0.338,2.1,6.1,0.346,1.2,1.6,0.724,2.8,4.4,0.5,2.2,2.6,10.5,2.1,0.1,8.8,PG,6-2,190,39,0.0,0.0,4.0,0.0,5.0,2.0,8.0,2.0,30.0,14.0,13.0,5.0,10.0,4.0,46.0,13.0,6.0,1.0,7.0,4.0,1.0,0.0,2.0,1.0
269,5,Ondrej Balvin,BBB,23.0,25.2,7.2,10.9,0.658,0.0,0.1,0.0,4.3,5.9,0.733,3.5,3.6,5.1,8.4,13.5,2.3,0.7,2.1,18.7,C,7-1,215,28,0.0,0.0,1.0,1.0,0.0,0.0,3.0,1.0,0.0,0.0,40.0,22.0,42.0,19.0,0.0,0.0,2.0,2.0,0.0,0.0,3.0,1.0,0.0,0.0
270,10,Oriol Pauli,AND,33.0,21.8,4.9,11.4,0.427,0.9,4.2,0.227,2.7,3.5,0.778,2.7,3.6,1.5,5.7,7.2,3.8,1.2,0.4,13.4,GF,6-7,185,26,2.0,1.0,4.0,1.0,7.0,2.0,1.0,0.0,22.0,2.0,43.0,26.0,60.0,30.0,22.0,8.0,3.0,1.0,12.0,3.0,1.0,0.0,1.0,0.0
272,16,Pablo Almazan,BETIS,32.0,19.3,2.0,6.7,0.298,1.0,3.6,0.291,1.8,2.3,0.8,1.7,3.9,1.7,4.1,5.8,2.3,1.6,0.1,6.8,SF,6-5,190,32,0.0,0.0,5.0,4.0,7.0,3.0,4.0,1.0,13.0,6.0,19.0,5.0,16.0,8.0,8.0,1.0,7.0,1.0,14.0,0.0,4.0,1.0,1.0,0.0
275,7,Pau Ribas,JOV,28.0,23.7,6.0,13.8,0.432,3.3,7.6,0.437,2.3,2.8,0.848,3.2,2.6,0.7,2.0,2.7,6.8,1.0,0.1,17.6,SG,6-3,165,33,1.0,0.0,8.0,4.0,5.0,1.0,17.0,8.0,28.0,12.0,30.0,14.0,31.0,16.0,53.0,25.0,8.0,3.0,9.0,3.0,7.0,2.0,2.0,0.0
276,12,Pepe Pozas,OBR,20.0,23.5,2.9,8.0,0.362,1.4,5.6,0.258,1.9,2.5,0.759,3.5,4.6,0.8,3.8,4.6,7.8,2.2,0.2,9.1,PG,6-0,187,28,1.0,0.0,5.0,0.0,6.0,3.0,1.0,0.0,16.0,7.0,18.0,13.0,6.0,2.0,18.0,3.0,1.0,0.0,4.0,2.0,2.0,1.0,3.0,0.0
277,7,Pere Tomas,GBC,32.0,25.5,4.6,11.1,0.41,2.3,6.6,0.351,1.3,1.6,0.818,1.4,2.7,2.5,5.2,7.6,1.5,1.1,0.0,12.8,SF,6-6,198,31,4.0,1.0,13.0,6.0,18.0,7.0,5.0,1.0,29.0,10.0,26.0,12.0,30.0,19.0,33.0,10.0,5.0,1.0,20.0,8.0,10.0,4.0,5.0,3.0
278,8,Peter Jok,MUR,22.0,16.0,6.1,13.4,0.458,2.6,6.1,0.426,1.6,1.8,0.875,2.2,5.1,0.8,4.6,5.3,0.8,1.4,0.2,16.5,G,6-6,205,26,0.0,0.0,11.0,4.0,5.0,4.0,15.0,6.0,17.0,6.0,7.0,7.0,18.0,10.0,14.0,8.0,12.0,3.0,9.0,2.0,6.0,2.0,4.0,2.0
279,8,Pierre Oriola,FCB,34.0,15.9,6.9,11.4,0.604,0.4,0.9,0.5,2.1,3.9,0.558,2.7,5.2,3.5,5.6,9.1,1.6,0.7,0.5,16.4,PF,6-8,235,28,0.0,0.0,3.0,1.0,0.0,0.0,7.0,1.0,4.0,0.0,44.0,34.0,59.0,32.0,5.0,4.0,8.0,3.0,0.0,0.0,2.0,0.0,0.0,0.0
280,8,Pierria Henry,CAJ,34.0,24.8,6.0,12.5,0.479,1.2,3.1,0.394,3.1,3.8,0.815,3.9,3.1,0.6,3.7,4.2,8.6,2.4,0.4,16.3,G,6-5,197,28,1.0,0.0,3.0,2.0,4.0,0.0,20.0,6.0,29.0,14.0,59.0,31.0,68.0,40.0,17.0,6.0,18.0,9.0,3.0,2.0,5.0,1.0,1.0,0.0
281,17,Quentin Serron,BBB,20.0,16.6,4.6,10.1,0.452,1.1,4.0,0.273,0.1,0.1,1.0,1.8,5.3,1.0,3.0,4.0,2.2,1.4,0.1,10.4,SG,6-2,205,31,0.0,0.0,7.0,1.0,1.0,0.0,4.0,0.0,9.0,2.0,18.0,11.0,20.0,14.0,8.0,0.0,3.0,1.0,3.0,3.0,0.0,0.0,2.0,2.0
284,17,Rafa Luz,MUR,9.0,9.6,2.3,8.8,0.263,0.5,5.1,0.091,1.9,5.6,0.333,3.7,5.1,0.5,6.5,7.0,2.8,3.7,0.0,7.0,PG,6-3,202,29,0.0,0.0,0.0,0.0,0.0,0.0,1.0,0.0,5.0,0.0,3.0,1.0,4.0,3.0,2.0,1.0,0.0,0.0,1.0,0.0,0.0,0.0,0.0,0.0
285,7,Rafa Martinez,MAN,35.0,14.9,5.7,12.2,0.465,3.5,7.9,0.447,2.5,3.0,0.821,2.5,3.8,0.5,2.8,3.4,2.6,1.4,0.1,17.4,SG,6-3,198,38,4.0,2.0,2.0,1.0,11.0,4.0,5.0,1.0,24.0,12.0,11.0,5.0,26.0,16.0,27.0,8.0,10.0,2.0,13.0,8.0,3.0,2.0,1.0,1.0
286,13,Rafael Garcia,OBR,17.0,2.9,1.6,6.6,0.25,0.0,0.8,0.0,3.3,4.9,0.667,4.9,4.9,1.6,4.9,6.6,6.6,0.8,0.0,6.6,G,6-1,-,20,0.0,0.0,0.0,0.0,0.0,0.0,0.0,0.0,0.0,0.0,3.0,0.0,4.0,2.0,1.0,0.0,0.0,0.0,0.0,0.0,0.0,0.0,0.0,0.0
287,13,Rasheed Sulaimon,ZAR,26.0,20.2,5.1,12.6,0.406,1.9,5.4,0.352,2.4,3.1,0.78,2.4,4.3,0.5,3.3,3.8,4.2,0.9,0.2,14.5,SG,6-4,194,26,0.0,0.0,11.0,3.0,10.0,2.0,13.0,4.0,16.0,6.0,29.0,15.0,20.0,7.0,18.0,7.0,6.0,3.0,6.0,3.0,7.0,5.0,3.0,2.0
288,10,Regimantas Miniotas,BBB,22.0,19.8,6.2,11.2,0.549,0.6,2.0,0.318,2.0,2.6,0.786,2.3,4.3,2.9,5.8,8.7,2.1,0.9,0.1,15.0,C,6-9,210,24,0.0,0.0,4.0,2.0,1.0,0.0,3.0,1.0,4.0,0.0,41.0,23.0,41.0,28.0,6.0,0.0,1.0,1.0,4.0,4.0,6.0,1.0,1.0,0.0
289,18,Rinalds Malmanis,MUR,11.0,5.3,0.7,6.1,0.111,0.0,2.0,0.0,1.4,1.4,1.0,1.4,4.1,2.0,4.8,6.8,2.7,0.7,0.0,2.7,PF,6-9,210,24,0.0,0.0,0.0,0.0,2.0,0.0,0.0,0.0,0.0,0.0,4.0,1.0,1.0,0.0,0.0,0.0,0.0,0.0,0.0,0.0,0.0,0.0,0.0,0.0
291,6,Robin Benzing,ZAR,34.0,20.7,6.1,15.8,0.39,2.8,8.4,0.338,4.6,5.7,0.802,2.0,4.2,0.9,4.0,4.8,1.3,1.5,0.7,19.8,SF,6-8,222,32,0.0,0.0,10.0,4.0,17.0,5.0,19.0,7.0,37.0,11.0,38.0,22.0,38.0,19.0,44.0,13.0,11.0,1.0,23.0,9.0,11.0,6.0,3.0,2.0
293,18,Rodrigo San Miguel,ZAR,23.0,21.6,2.7,6.7,0.405,1.7,4.8,0.35,0.5,1.3,0.375,2.7,4.2,0.6,4.7,5.3,6.7,1.6,0.1,7.6,PG,6-3,194,36,0.0,0.0,1.0,0.0,4.0,1.0,0.0,0.0,14.0,6.0,8.0,5.0,8.0,4.0,18.0,4.0,0.0,0.0,7.0,1.0,4.0,2.0,4.0,3.0
295,5,Rokas Giedraitis,CAJ,34.0,30.0,6.1,13.0,0.473,2.6,6.6,0.389,3.2,3.8,0.835,1.3,2.3,1.3,3.1,4.4,2.2,1.7,0.2,18.0,SG,6-6,179,28,5.0,1.0,23.0,14.0,26.0,8.0,7.0,4.0,44.0,16.0,53.0,26.0,63.0,40.0,20.0,6.0,7.0,3.0,21.0,11.0,14.0,2.0,14.0,5.0
296,9,Rolands Smits,FCB,32.0,15.8,5.8,11.5,0.5,1.5,4.0,0.373,3.2,4.3,0.745,2.8,5.0,2.6,4.9,7.5,1.5,1.5,0.2,16.3,SF,6-10,235,25,1.0,0.0,7.0,4.0,9.0,1.0,3.0,2.0,11.0,3.0,36.0,18.0,43.0,24.0,7.0,3.0,1.0,0.0,6.0,4.0,4.0,2.0,2.0,0.0
298,15,Ruben Guerrero,UNI,34.0,14.3,4.7,7.0,0.671,0.0,0.0,0.0,1.2,1.8,0.682,1.9,5.8,3.7,5.6,9.3,1.4,1.3,0.7,10.6,F,7-0,240,25,0.0,0.0,1.0,0.0,0.0,0.0,0.0,0.0,0.0,0.0,26.0,16.0,39.0,23.0,0.0,0.0,0.0,0.0,0.0,0.0,0.0,0.0,0.0,0.0
300,3,Rudy Fernandez,RMB,19.0,13.7,6.8,15.1,0.449,5.5,12.3,0.45,1.8,2.9,0.632,1.8,2.5,0.9,4.9,5.9,3.2,2.3,0.5,20.9,SG,6-6,185,35,0.0,0.0,3.0,1.0,3.0,2.0,3.0,1.0,31.0,16.0,6.0,2.0,8.0,4.0,24.0,10.0,0.0,0.0,5.0,2.0,0.0,0.0,0.0,0.0
302,14,Sadiel Rojas,MUR,34.0,21.8,3.4,7.9,0.429,1.2,3.6,0.333,2.1,2.9,0.722,2.2,5.6,2.9,4.9,7.8,1.5,1.7,0.2,10.1,GF,6-4,190,31,1.0,0.0,15.0,4.0,11.0,6.0,3.0,0.0,13.0,5.0,25.0,11.0,36.0,22.0,5.0,4.0,1.0,0.0,11.0,2.0,8.0,2.0,2.0,0.0
304,10,Sam Van Rossom,VAL,31.0,21.3,5.1,10.1,0.506,2.7,5.9,0.459,2.2,2.4,0.925,2.8,2.4,0.2,2.4,2.7,6.8,1.3,0.1,15.2,PG,6-2,180,34,0.0,0.0,6.0,3.0,2.0,1.0,4.0,0.0,30.0,12.0,29.0,20.0,25.0,15.0,31.0,14.0,4.0,1.0,8.0,4.0,1.0,0.0,3.0,2.0
305,11,Sander Raieste,CAJ,20.0,7.5,3.7,7.7,0.483,1.1,2.7,0.4,0.8,1.3,0.6,2.9,5.6,1.6,2.9,4.5,2.7,3.2,0.0,9.3,SF,6-8,210,21,2.0,2.0,1.0,1.0,1.0,0.0,0.0,0.0,1.0,0.0,6.0,2.0,7.0,3.0,2.0,0.0,0.0,0.0,1.0,0.0,1.0,1.0,1.0,0.0
306,7,Santiago Yusta,CAN,17.0,12.4,6.5,12.2,0.531,3.2,6.7,0.486,1.1,1.7,0.667,1.9,2.7,0.6,3.2,3.8,1.5,2.1,0.0,17.3,SF,6-6,183,23,0.0,0.0,2.0,1.0,5.0,2.0,4.0,0.0,5.0,2.0,7.0,5.0,5.0,4.0,6.0,3.0,2.0,0.0,8.0,6.0,1.0,0.0,4.0,3.0
307,9,Sasu Salin,CAN,32.0,23.7,4.6,11.5,0.404,3.4,8.3,0.408,1.8,2.1,0.875,1.2,3.3,0.5,2.3,2.8,2.3,1.1,0.1,14.5,SG,6-3,191,29,5.0,2.0,9.0,2.0,22.0,10.0,10.0,2.0,48.0,19.0,10.0,4.0,24.0,11.0,42.0,18.0,8.0,3.0,17.0,8.0,7.0,4.0,4.0,2.0
309,1,Scott Eatherton,MAN,35.0,22.9,10.0,16.7,0.599,1.0,2.3,0.435,4.0,5.3,0.755,2.4,5.6,3.8,6.5,10.3,2.7,1.1,0.6,24.9,F,6-8,234,29,0.0,0.0,4.0,2.0,0.0,0.0,19.0,6.0,19.0,5.0,76.0,48.0,108.0,68.0,22.0,12.0,13.0,6.0,0.0,0.0,5.0,2.0,0.0,0.0
310,2,Sean Kilpatrick,GCN,16.0,20.5,7.7,17.3,0.444,2.7,6.8,0.393,5.2,6.1,0.86,2.7,3.2,0.6,2.4,3.0,3.7,1.8,0.0,23.3,SG,6-4,212,31,1.0,1.0,5.0,2.0,10.0,3.0,6.0,2.0,18.0,8.0,26.0,13.0,36.0,20.0,23.0,9.0,9.0,3.0,2.0,0.0,4.0,0.0,1.0,1.0
311,13,Sergi Garcia,AND,33.0,16.7,3.5,10.6,0.331,2.5,7.1,0.347,1.8,2.8,0.658,3.1,3.2,1.9,4.5,6.4,6.5,1.3,0.2,11.3,PG,6-3,181,24,1.0,1.0,6.0,3.0,3.0,1.0,3.0,1.0,32.0,11.0,13.0,3.0,18.0,5.0,34.0,14.0,3.0,1.0,5.0,1.0,1.0,1.0,4.0,1.0
312,16,Sergi Martinez,FCB,26.0,15.2,3.3,7.8,0.429,0.8,2.5,0.32,2.2,2.8,0.786,1.2,3.7,1.4,6.4,7.8,1.8,1.3,0.5,9.7,F,6-7,220,21,1.0,1.0,3.0,0.0,3.0,2.0,1.0,0.0,5.0,2.0,19.0,10.0,24.0,9.0,6.0,2.0,2.0,0.0,4.0,1.0,1.0,0.0,1.0,0.0
313,2,Sergio Llull,RMB,21.0,17.4,7.3,18.6,0.394,3.7,10.6,0.351,3.2,4.0,0.784,3.1,2.9,0.1,2.9,3.1,4.8,1.0,0.1,21.5,PG,6-3,190,33,1.0,0.0,3.0,0.0,5.0,0.0,5.0,3.0,35.0,8.0,26.0,16.0,27.0,11.0,27.0,9.0,1.0,1.0,4.0,2.0,4.0,2.0,4.0,3.0
314,12,Sergio Rodriguez,CAN,32.0,13.7,2.7,6.7,0.405,2.1,4.6,0.451,1.5,1.8,0.85,1.2,3.4,1.2,4.6,5.8,1.8,1.5,0.0,9.1,SF,6-7,202,27,0.0,0.0,5.0,1.0,8.0,6.0,1.0,0.0,12.0,5.0,4.0,1.0,9.0,4.0,10.0,4.0,4.0,1.0,10.0,4.0,2.0,1.0,5.0,2.0
315,12,Seth Hinrichs,MAN,35.0,24.8,5.3,9.0,0.582,0.6,1.9,0.293,1.6,2.5,0.63,2.5,3.9,3.2,5.3,8.5,2.8,1.3,0.2,12.6,SG,6-8,223,27,4.0,2.0,11.0,3.0,4.0,2.0,4.0,2.0,8.0,2.0,51.0,32.0,68.0,45.0,6.0,1.0,3.0,2.0,5.0,2.0,6.0,3.0,4.0,2.0
316,13,Shawn Dawson,JOV,21.0,10.1,5.3,14.7,0.359,1.5,6.6,0.229,1.5,2.5,0.615,3.6,6.6,1.1,5.9,7.0,2.3,1.5,0.8,13.6,F,6-6,205,27,0.0,0.0,4.0,2.0,2.0,0.0,1.0,0.0,7.0,0.0,13.0,8.0,22.0,8.0,13.0,4.0,0.0,0.0,2.0,0.0,5.0,1.0,4.0,2.0
317,9,Shevon Thompson,MON,11.0,12.8,6.3,9.4,0.667,0.0,0.0,0.0,3.1,4.3,0.733,6.3,5.4,4.8,9.1,13.9,0.6,2.3,2.6,15.6,C,7-0,242,27,0.0,0.0,1.0,1.0,0.0,0.0,2.0,1.0,0.0,0.0,13.0,9.0,15.0,10.0,0.0,0.0,2.0,1.0,0.0,0.0,0.0,0.0,0.0,0.0
318,17,Siim-Sander Vene,MON,12.0,21.2,4.3,10.9,0.391,1.9,6.6,0.286,0.9,1.3,0.75,1.1,3.5,1.3,3.0,4.3,1.9,1.1,0.0,11.3,SF,6-7,207,30,5.0,3.0,7.0,4.0,5.0,1.0,4.0,1.0,8.0,3.0,2.0,1.0,6.0,4.0,10.0,1.0,3.0,1.0,4.0,1.0,6.0,3.0,2.0,0.0
319,8,Simon Birgander,JOV,34.0,14.3,7.4,10.2,0.726,0.0,0.0,0.0,2.6,3.2,0.795,1.8,6.2,3.3,6.2,9.5,1.8,1.2,1.8,17.4,FC,6-11,208,23,0.0,0.0,2.0,0.0,0.0,0.0,1.0,0.0,0.0,0.0,47.0,29.0,31.0,20.0,0.0,0.0,0.0,0.0,0.0,0.0,1.0,0.0,0.0,0.0
320,4,Spencer Butterfield,CAN,18.0,13.9,6.6,11.5,0.569,4.2,7.1,0.591,1.9,2.2,0.857,2.4,4.3,1.1,4.8,5.9,1.1,1.9,0.0,19.2,G,6-3,205,28,1.0,0.0,7.0,2.0,3.0,2.0,4.0,2.0,9.0,5.0,4.0,2.0,9.0,7.0,9.0,4.0,2.0,1.0,5.0,4.0,5.0,2.0,5.0,5.0
321,8,Stan Okoye,GCN,33.0,20.6,5.9,14.4,0.41,3.2,7.6,0.426,2.5,3.2,0.782,1.5,4.6,1.1,4.5,5.6,2.1,1.7,0.5,17.5,GF,6-6,215,29,0.0,0.0,11.0,5.0,26.0,12.0,7.0,3.0,26.0,10.0,37.0,13.0,40.0,15.0,34.0,13.0,4.0,1.0,18.0,10.0,9.0,2.0,2.0,0.0
322,1,Steven Enoch,OBR,34.0,15.5,9.5,16.1,0.592,0.9,2.7,0.343,4.6,5.3,0.87,3.6,4.9,3.4,7.3,10.7,1.2,0.7,1.4,24.5,PF,6-10,260,23,0.0,0.0,6.0,3.0,0.0,0.0,11.0,7.0,14.0,5.0,47.0,26.0,51.0,28.0,14.0,5.0,10.0,8.0,0.0,0.0,4.0,2.0,0.0,0.0
323,15,T.J. Bray,ZAR,11.0,24.2,4.7,11.1,0.419,2.4,6.6,0.364,0.8,0.9,0.833,2.7,4.5,1.2,3.3,4.5,3.6,1.8,0.0,12.5,G,6-5,207,28,0.0,0.0,1.0,0.0,4.0,1.0,0.0,0.0,20.0,10.0,16.0,8.0,13.0,7.0,12.0,2.0,1.0,0.0,3.0,1.0,0.0,0.0,3.0,1.0
324,7,T.J. Campbell,BETIS,34.0,23.8,4.7,11.4,0.417,2.4,6.9,0.345,3.0,3.5,0.845,3.4,4.5,0.6,2.4,3.0,5.7,1.9,0.0,14.8,G,5-9,190,33,2.0,2.0,8.0,3.0,11.0,4.0,10.0,3.0,49.0,15.0,30.0,16.0,29.0,19.0,42.0,19.0,10.0,6.0,11.0,2.0,4.0,1.0,1.0,0.0
325,10,Tadas Sedekerskis,CAJ,33.0,18.0,4.4,7.4,0.591,0.7,1.9,0.357,2.0,2.5,0.811,1.0,1.3,2.6,6.5,9.1,2.0,1.5,0.7,11.5,SF,6-8,205,23,1.0,1.0,6.0,1.0,2.0,1.0,0.0,0.0,2.0,0.0,27.0,18.0,33.0,21.0,5.0,1.0,0.0,0.0,3.0,2.0,5.0,2.0,3.0,2.0
326,1,Thaddus McFadden,SPB,32.0,22.3,8.1,18.3,0.445,4.8,11.8,0.408,3.6,4.3,0.855,3.0,2.9,0.3,2.3,2.6,4.0,1.6,0.1,24.7,SG,6-2,176,33,1.0,1.0,12.0,3.0,22.0,5.0,10.0,3.0,67.0,28.0,25.0,13.0,43.0,25.0,59.0,19.0,17.0,11.0,21.0,12.0,8.0,5.0,6.0,2.0
327,13,Thomas Heurtel,FCB,14.0,18.2,5.2,12.1,0.429,1.4,4.2,0.333,1.1,1.4,0.778,3.9,1.9,0.2,3.5,3.6,10.2,1.9,0.0,12.9,G,6-2,180,31,0.0,0.0,4.0,4.0,1.0,0.0,9.0,4.0,15.0,3.0,9.0,5.0,14.0,8.0,7.0,3.0,10.0,4.0,0.0,0.0,2.0,1.0,0.0,0.0
328,8,Tim Abromaitis,UNI,34.0,21.3,5.6,11.0,0.508,2.2,5.6,0.382,2.5,3.2,0.807,1.8,3.8,2.1,4.9,7.0,1.4,1.5,0.4,15.9,PF,6-8,236,31,2.0,2.0,20.0,7.0,12.0,4.0,1.0,0.0,20.0,7.0,38.0,24.0,28.0,17.0,14.0,7.0,2.0,1.0,13.0,4.0,8.0,5.0,9.0,4.0
329,8,Tobias Borg,BETIS,33.0,17.5,4.4,10.6,0.412,1.7,4.8,0.357,2.3,2.6,0.868,2.1,4.6,1.2,2.6,3.7,2.6,1.3,0.3,12.7,PG,6-0,162,27,1.0,0.0,13.0,4.0,4.0,3.0,8.0,3.0,17.0,5.0,31.0,14.0,24.0,11.0,25.0,12.0,6.0,4.0,4.0,2.0,7.0,4.0,4.0,0.0
330,12,Tomas Bellas,MUR,27.0,22.2,4.3,9.8,0.438,1.9,4.9,0.384,2.9,3.5,0.811,2.1,4.6,0.7,2.4,3.1,5.2,1.9,0.0,13.3,PG,6-1,198,33,0.0,0.0,2.0,1.0,1.0,0.0,9.0,3.0,34.0,13.0,17.0,12.0,22.0,8.0,25.0,11.0,11.0,5.0,5.0,2.0,1.0,0.0,2.0,0.0
331,12,Tomas Bellas,MUR,27.0,22.2,4.3,9.8,0.438,1.9,4.9,0.384,2.9,3.5,0.811,2.1,4.6,0.7,2.4,3.1,5.2,1.9,0.0,13.3,PG,6-1,198,33,0.0,0.0,2.0,1.0,1.0,0.0,9.0,3.0,34.0,13.0,17.0,12.0,22.0,8.0,25.0,11.0,11.0,5.0,5.0,2.0,1.0,0.0,2.0,0.0
334,17,Tomas Dimsa,GCN,30.0,21.3,4.7,13.5,0.347,2.3,7.6,0.298,1.5,1.9,0.8,2.7,3.6,0.9,2.0,2.9,2.3,0.8,0.1,13.1,SG,6-5,180,27,1.0,0.0,4.0,2.0,20.0,7.0,2.0,1.0,32.0,6.0,35.0,16.0,43.0,16.0,34.0,9.0,0.0,0.0,21.0,6.0,2.0,1.0,2.0,2.0
335,3,Tomasz Gielo,AND,17.0,17.7,5.4,11.6,0.471,4.1,8.5,0.484,2.5,3.1,0.826,1.1,4.5,1.6,6.0,7.6,0.8,0.7,0.0,17.5,PF,6-9,228,28,1.0,0.0,3.0,1.0,6.0,3.0,2.0,0.0,20.0,10.0,9.0,4.0,4.0,1.0,24.0,12.0,0.0,0.0,6.0,4.0,1.0,0.0,1.0,0.0
337,9,Tonye Jekiri,CAJ,29.0,18.3,5.4,10.1,0.537,0.0,0.0,0.0,3.0,4.0,0.755,3.2,3.9,2.3,7.5,9.7,2.9,1.9,0.8,13.9,C,7-0,227,26,0.0,0.0,3.0,2.0,0.0,0.0,8.0,2.0,0.0,0.0,41.0,25.0,31.0,14.0,0.0,0.0,15.0,4.0,0.0,0.0,6.0,1.0,0.0,0.0
338,7,Trey Thompkins,RMB,27.0,20.6,6.7,13.0,0.514,2.4,5.8,0.425,2.7,3.1,0.86,1.3,3.1,1.0,5.4,6.4,2.8,1.8,0.6,18.5,PF,6-10,245,30,2.0,2.0,23.0,9.0,11.0,9.0,4.0,1.0,18.0,7.0,24.0,17.0,28.0,17.0,21.0,7.0,8.0,8.0,7.0,4.0,17.0,5.0,2.0,1.0
339,12,Tristan Vukcevic,RMB,13.0,9.9,4.4,10.3,0.424,2.8,5.9,0.474,3.7,5.3,0.706,1.9,5.9,2.2,5.3,7.5,2.8,0.9,2.5,15.3,C,6-9,180,17,0.0,0.0,2.0,1.0,2.0,1.0,0.0,0.0,2.0,1.0,4.0,1.0,2.0,1.0,7.0,2.0,0.0,0.0,1.0,1.0,3.0,1.0,1.0,1.0
340,11,Tryggvi Hlinason,ZAR,34.0,17.7,7.2,9.7,0.74,0.0,0.1,0.0,2.4,3.9,0.61,2.6,5.0,3.6,7.6,11.2,1.6,1.0,2.4,16.8,C,7-1,260,23,0.0,0.0,0.0,0.0,0.0,0.0,0.0,0.0,0.0,0.0,46.0,26.0,31.0,16.0,1.0,0.0,0.0,0.0,0.0,0.0,0.0,0.0,0.0,0.0
341,9,B. Olumuyiwa,AND,33.0,19.7,5.8,9.0,0.651,0.0,0.0,0.0,2.3,3.7,0.623,4.0,4.7,3.0,5.8,8.9,1.0,0.9,1.4,14.0,FC,6-8,220,29,0.0,0.0,0.0,0.0,0.0,0.0,1.0,0.0,0.0,0.0,33.0,20.0,59.0,31.0,0.0,0.0,0.0,0.0,0.0,0.0,3.0,1.0,0.0,0.0
342,10,Tyler Cavanaugh,CAN,34.0,22.3,5.3,9.5,0.552,1.7,3.7,0.465,2.0,2.4,0.844,1.4,3.2,2.0,6.0,8.0,1.7,0.8,0.2,14.3,F,6-9,240,27,4.0,2.0,13.0,7.0,7.0,2.0,5.0,2.0,11.0,5.0,47.0,28.0,39.0,26.0,16.0,8.0,5.0,4.0,5.0,2.0,9.0,5.0,9.0,6.0
343,6,Tyson Perez,AND,17.0,20.8,5.8,12.4,0.464,2.3,5.0,0.455,2.6,3.8,0.676,1.7,2.9,4.3,6.8,11.1,0.9,1.6,0.8,16.4,PF,6-8,214,25,0.0,0.0,6.0,3.0,6.0,6.0,1.0,0.0,15.0,6.0,16.0,8.0,19.0,9.0,7.0,3.0,1.0,1.0,0.0,0.0,4.0,0.0,0.0,0.0
344,17,Usman Garuba,RMB,34.0,18.8,4.6,10.0,0.459,1.3,4.1,0.318,1.3,2.0,0.656,1.9,4.2,3.5,7.7,11.2,2.3,1.6,0.9,11.8,C,6-8,220,18,4.0,2.0,11.0,3.0,8.0,2.0,3.0,2.0,11.0,5.0,28.0,14.0,32.0,15.0,6.0,1.0,1.0,0.0,15.0,4.0,3.0,0.0,6.0,3.0
345,4,Vanja Marinkovic,VAL,11.0,17.7,6.6,16.0,0.41,4.7,10.1,0.469,1.2,1.6,0.75,1.6,1.9,0.6,1.2,1.9,1.4,1.2,0.2,19.1,G,6-6,194,24,0.0,0.0,5.0,2.0,4.0,0.0,2.0,2.0,16.0,7.0,11.0,4.0,16.0,4.0,10.0,7.0,0.0,0.0,9.0,6.0,1.0,0.0,1.0,0.0
346,5,Victor Arteaga,EST,35.0,17.8,8.0,12.7,0.631,0.0,0.1,0.0,2.8,3.9,0.705,2.4,5.6,5.0,6.0,11.0,0.8,1.0,1.4,18.8,C,7-0,214,28,0.0,0.0,2.0,1.0,0.0,0.0,7.0,2.0,0.0,0.0,50.0,32.0,79.0,45.0,0.0,0.0,5.0,1.0,0.0,0.0,2.0,0.0,0.0,0.0
347,17,Victor Claver,FCB,13.0,14.1,2.8,7.6,0.371,1.5,4.8,0.318,1.5,1.5,1.0,2.8,3.1,2.4,6.1,8.5,1.7,0.4,0.7,8.7,SF,6-10,235,32,0.0,0.0,3.0,2.0,0.0,0.0,3.0,1.0,4.0,0.0,4.0,0.0,4.0,2.0,4.0,2.0,0.0,0.0,3.0,1.0,0.0,0.0,2.0,0.0
350,2,Vitor Benite,SPB,32.0,23.5,7.6,16.7,0.454,4.2,9.3,0.454,3.9,4.7,0.831,1.9,4.4,0.3,3.2,3.6,2.3,1.1,0.2,23.3,SG,6-3,194,31,2.0,1.0,5.0,4.0,15.0,6.0,28.0,11.0,52.0,21.0,32.0,14.0,48.0,22.0,53.0,27.0,10.0,7.0,18.0,9.0,9.0,5.0,4.0,1.0
351,5,Vladimir Brodziansky,JOV,34.0,19.9,6.2,11.6,0.536,2.1,4.7,0.443,5.4,6.9,0.778,2.0,3.6,1.4,4.9,6.3,1.6,0.4,1.7,19.9,PF,6-11,230,26,2.0,1.0,18.0,9.0,4.0,2.0,2.0,1.0,18.0,9.0,48.0,27.0,41.0,25.0,26.0,12.0,2.0,1.0,3.0,0.0,7.0,3.0,6.0,2.0
352,13,Volodymyr Herun,UNI,20.0,13.5,4.6,6.5,0.705,0.0,0.0,0.0,3.0,3.9,0.769,1.8,5.3,3.4,6.2,9.6,1.5,0.9,0.6,12.2,C,6-10,250,26,0.0,0.0,0.0,0.0,0.0,0.0,0.0,0.0,0.0,0.0,13.0,8.0,22.0,16.0,0.0,0.0,0.0,0.0,0.0,0.0,0.0,0.0,0.0,0.0
355,6,William Magarity,GBC,29.0,14.8,5.0,13.1,0.386,2.1,7.0,0.293,2.1,2.4,0.846,1.6,3.9,1.8,4.6,6.4,1.4,0.7,0.8,14.2,FC,6-11,250,27,0.0,0.0,9.0,2.0,8.0,1.0,8.0,4.0,29.0,7.0,14.0,8.0,13.0,7.0,15.0,6.0,10.0,4.0,10.0,4.0,6.0,1.0,1.0,0.0
356,13,Xabi Oroz,GBC,31.0,18.8,2.8,6.3,0.451,0.9,2.1,0.433,0.4,1.0,0.429,2.5,3.5,1.4,3.1,4.5,6.0,2.7,0.4,6.9,SG,6-3,183,25,1.0,1.0,2.0,0.0,6.0,1.0,1.0,1.0,9.0,3.0,34.0,16.0,24.0,11.0,6.0,3.0,2.0,0.0,6.0,4.0,0.0,0.0,0.0,0.0
357,3,Xabier Lopez-Arostegui,JOV,24.0,25.4,6.3,12.9,0.487,2.6,6.4,0.412,6.2,6.4,0.969,2.1,3.1,1.8,6.4,8.1,1.0,1.9,0.0,21.4,GF,6-7,215,23,0.0,0.0,0.0,0.0,0.0,0.0,0.0,0.0,0.0,0.0,0.0,0.0,0.0,0.0,0.0,0.0,0.0,0.0,0.0,0.0,0.0,0.0,0.0,0.0
358,12,Xavi Rabaseda,SPB,29.0,19.9,3.6,8.3,0.433,1.4,4.4,0.312,2.1,2.8,0.775,1.7,3.1,1.7,5.1,6.9,1.2,2.6,0.3,10.7,GF,6-7,205,32,3.0,0.0,10.0,4.0,11.0,2.0,3.0,1.0,8.0,1.0,21.0,13.0,15.0,6.0,5.0,1.0,0.0,0.0,13.0,5.0,6.0,3.0,7.0,4.0
359,5,Yakuba Ouattara,BETIS,28.0,22.3,6.3,14.7,0.432,2.0,6.3,0.316,1.6,1.9,0.833,1.5,2.6,3.0,4.5,7.6,1.0,1.7,0.1,16.3,SG,6-4,220,29,2.0,1.0,16.0,8.0,23.0,5.0,5.0,4.0,19.0,8.0,40.0,19.0,40.0,20.0,16.0,0.0,2.0,0.0,26.0,12.0,10.0,5.0,2.0,0.0
360,2,Yankuba Sima,MAN,33.0,9.5,9.8,16.4,0.597,0.0,0.1,0.0,5.0,8.9,0.557,3.4,7.1,3.3,6.2,9.6,2.3,1.1,0.4,24.6,C,6-11,225,24,0.0,0.0,0.0,0.0,0.0,0.0,4.0,2.0,1.0,0.0,37.0,16.0,36.0,20.0,0.0,0.0,2.0,2.0,0.0,0.0,0.0,0.0,0.0,0.0
362,10,Yannick Nzosa,UNI,23.0,12.5,6.1,9.5,0.647,0.0,0.0,0.0,1.7,2.2,0.75,1.5,7.2,2.9,6.4,9.3,1.1,1.4,3.2,13.9,C,7-0,174,17,0.0,0.0,0.0,0.0,0.0,0.0,2.0,0.0,0.0,0.0,24.0,17.0,30.0,16.0,0.0,0.0,1.0,0.0,0.0,0.0,0.0,0.0,0.0,0.0
363,1,Youssoupha Fall,CAJ,27.0,12.2,7.9,12.9,0.613,0.0,0.0,0.0,4.9,7.5,0.645,4.4,5.7,4.9,8.0,12.9,1.2,0.4,2.3,20.6,C,7-3,271,26,0.0,0.0,1.0,0.0,0.0,0.0,0.0,0.0,0.0,0.0,46.0,27.0,47.0,26.0,0.0,0.0,0.0,0.0,0.0,0.0,0.0,0.0,0.0,0.0
364,3,Youssoupha Ndoye,BETIS,34.0,21.0,7.0,12.5,0.563,0.0,0.1,0.0,8.0,12.0,0.671,3.9,4.8,3.9,5.8,9.8,1.0,1.6,1.3,22.1,C,7-0,250,29,0.0,0.0,12.0,2.0,0.0,0.0,13.0,8.0,0.0,0.0,72.0,41.0,64.0,32.0,2.0,1.0,7.0,2.0,0.0,0.0,5.0,0.0,0.0,0.0
366,16,Ziga Samar,MON,32.0,10.0,5.1,11.3,0.451,0.9,3.9,0.226,0.7,1.1,0.667,4.6,7.6,1.1,3.9,5.0,6.4,1.6,0.1,11.8,PG,6-6,184,20,0.0,0.0,3.0,2.0,3.0,0.0,4.0,1.0,12.0,3.0,17.0,8.0,25.0,16.0,7.0,3.0,7.0,4.0,2.0,0.0,1.0,0.0,0.0,0.0
367,2,Zoran Dragic,CAJ,31.0,18.0,6.7,13.3,0.5,1.5,4.9,0.304,4.2,6.3,0.67,2.5,3.3,1.0,2.8,3.8,1.9,1.2,0.1,19.1,SG,6-5,200,31,0.0,0.0,2.0,1.0,5.0,1.0,3.0,0.0,23.0,9.0,46.0,31.0,54.0,35.0,21.0,5.0,3.0,1.0,5.0,2.0,3.0,0.0,2.0,1.0
