,#,Player,Team,GP,MIN,FGM,FGA,FG%,3PM,3PA,3P%,FTM,FTA,FT%,TOV,PF,ORB,DRB,REB,AST,STL,BLK,PTS,Pos,Height,Weight,Age
0,1,Jaime Echenique,,,,,,,,,,,,,,,,,,,,,,C,6-11,258,23
1,4,Dino Radoncic,GBC,34,28.0,5.7,12.8,.451,1.0,4.1,.255,3.1,4.1,.755,2.6,2.4,2.6,5.3,7.8,2.1,1.6,0.4,15.6,GF,6-8,225,22
2,5,Mike Carlson,GBC,17,16.2,5.8,13.4,.435,2.0,6.8,.298,1.0,1.9,.538,1.6,5.2,1.9,3.8,5.7,1.6,1.3,0.4,14.7,PF,6-9,200,29
3,6,William Magarity,GBC,29,14.8,5.0,13.1,.386,2.1,7.0,.293,2.1,2.4,.846,1.6,3.9,1.8,4.6,6.4,1.4,0.7,0.8,14.2,FC,6-11,250,27
4,7,Pere Tomas,GBC,32,25.5,4.6,11.1,.410,2.3,6.6,.351,1.3,1.6,.818,1.4,2.7,2.5,5.2,7.6,1.5,1.1,0.0,12.8,SF,6-6,198,31
5,8,Lucas Faggiano,GBC,34,24.2,4.7,11.6,.408,1.6,4.4,.367,1.6,2.3,.688,3.0,3.7,0.6,2.9,3.4,5.7,1.7,0.1,12.6,G,6-2,185,31
6,9,Jan Span,GBC,34,19.9,4.8,16.4,.291,2.2,9.8,.229,0.5,0.8,.643,2.6,2.7,0.6,1.5,2.2,3.5,1.3,0.0,12.3,PG,6-1,190,28
7,10,Brandone Francis,GBC,15,16.2,4.3,14.2,.302,1.6,6.1,.270,1.8,2.5,.733,3.8,4.6,0.8,1.8,2.6,1.0,1.6,0.3,12.0,GF,6-5,215,25
8,11,Mikel Motos,GBC,17,5.0,3.3,13.7,.241,0.5,4.2,.111,1.9,2.8,.667,3.3,6.1,2.4,6.1,8.5,3.3,0.9,0.5,9.0,SG,6-4,187,28
9,12,Julen Olaizola,GBC,29,8.9,3.1,6.7,.465,0.3,1.4,.222,0.8,2.8,.278,2.6,8.8,4.5,3.6,8.1,1.2,1.5,0.3,7.3,FC,6-7,218,27
10,13,Xabi Oroz,GBC,31,18.8,2.8,6.3,.451,0.9,2.1,.433,0.4,1.0,.429,2.5,3.5,1.4,3.1,4.5,6.0,2.7,0.4,6.9,SG,6-3,183,25
11,1,Nikola Mirotic,FCB,28,20.9,9.9,16.4,.600,3.4,7.0,.485,5.1,6.4,.806,3.0,2.8,1.8,7.8,9.7,1.6,1.7,0.9,28.3,F,6-10,250,30
12,2,Brandon Davies,FCB,25,16.8,8.2,14.8,.555,0.1,0.4,.250,7.1,8.5,.831,3.5,5.7,3.2,5.7,9.0,3.1,1.5,0.9,23.5,PF,6-8,240,29
13,3,Pau Gasol,FCB,6,15.1,9.3,18.1,.512,0.4,1.3,.333,4.4,4.9,.909,2.7,3.1,1.8,8.8,10.6,3.5,0.4,1.8,23.4,FC,7-0,250,40
14,4,Artem Pustovyi,FCB,21,14.5,8.4,13.3,.634,0.0,0.0,.000,4.7,6.7,.706,3.7,5.5,3.9,5.0,8.9,1.1,1.1,2.1,21.6,C,7-2,212,28
15,5,Kyle Kuric,FCB,30,17.4,6.7,13.0,.515,3.1,7.1,.441,3.6,4.0,.904,1.6,2.5,1.2,2.6,3.8,1.3,1.3,0.3,20.1,SG,6-4,195,31
16,6,Cory Higgins,FCB,23,21.3,6.4,13.5,.473,1.4,3.5,.395,4.9,5.4,.909,1.9,3.0,0.5,3.4,3.9,4.6,2.4,0.7,19.0,G,6-5,181,31
17,7,Alex Abrines,FCB,29,20.7,5.6,10.8,.519,3.5,7.6,.465,2.1,2.3,.914,1.2,4.2,1.7,3.8,5.5,1.8,1.5,0.4,16.8,GF,6-6,190,27
18,8,Pierre Oriola,FCB,34,15.9,6.9,11.4,.604,0.4,0.9,.500,2.1,3.9,.558,2.7,5.2,3.5,5.6,9.1,1.6,0.7,0.5,16.4,PF,6-8,235,28
19,9,Rolands Smits,FCB,32,15.8,5.8,11.5,.500,1.5,4.0,.373,3.2,4.3,.745,2.8,5.0,2.6,4.9,7.5,1.5,1.5,0.2,16.3,SF,6-10,235,25
20,10,Leandro Bolmaro,FCB,31,15.2,5.1,10.0,.508,1.8,3.9,.457,3.9,4.4,.885,3.2,3.9,1.1,2.6,3.7,4.9,2.1,0.5,15.9,SG,6-7,182,20
21,11,Nick Calathes,FCB,32,19.5,6.5,13.7,.472,1.7,4.3,.403,1.2,2.1,.576,3.6,4.7,1.2,4.9,6.0,11.0,2.3,0.2,15.9,PG,6-6,213,32
22,12,Adam Hanga,FCB,31,16.1,5.4,9.3,.578,2.6,4.9,.541,2.1,3.0,.703,3.4,4.0,1.4,7.1,8.5,5.2,2.1,1.0,15.5,SF,6-7,200,31
23,13,Thomas Heurtel,FCB,14,18.2,5.2,12.1,.429,1.4,4.2,.333,1.1,1.4,.778,3.9,1.9,0.2,3.5,3.6,10.2,1.9,0.0,12.9,G,6-2,180,31
24,14,Brancou Badio,FCB,7,10.4,4.4,13.2,.333,1.1,5.5,.200,1.6,1.6,1.000,1.6,2.7,1.6,1.6,3.3,1.6,1.6,0.5,11.5,PG,6-3,187,22
25,15,Leo Westermann,FCB,15,15.2,3.7,10.3,.356,2.1,6.3,.333,0.7,1.1,.667,3.3,4.4,0.7,3.0,3.7,7.5,0.7,0.0,10.2,SF,6-6,197,28
26,16,Sergi Martinez,FCB,26,15.2,3.3,7.8,.429,0.8,2.5,.320,2.2,2.8,.786,1.2,3.7,1.4,6.4,7.8,1.8,1.3,0.5,9.7,F,6-7,220,21
27,17,Victor Claver,FCB,13,14.1,2.8,7.6,.371,1.5,4.8,.318,1.5,1.5,1.000,2.8,3.1,2.4,6.1,8.5,1.7,0.4,0.7,8.7,SF,6-10,235,32
28,18,Ibou Badji,FCB,3,3.8,0.0,0.0,.000,0.0,0.0,.000,7.0,7.0,1.000,10.4,13.9,0.0,13.9,13.9,0.0,0.0,3.5,7.0,C,7-1,230,18
29,19,Michael Caicedo,FCB,1,3.3,0.0,12.2,.000,0.0,12.2,.000,0.0,0.0,.000,0.0,12.2,0.0,0.0,0.0,0.0,0.0,0.0,0.0,F,6-6,-,17
30,1,Scott Eatherton,MAN,35,22.9,10.0,16.7,.599,1.0,2.3,.435,4.0,5.3,.755,2.4,5.6,3.8,6.5,10.3,2.7,1.1,0.6,24.9,F,6-8,234,29
31,2,Yankuba Sima,MAN,33,9.5,9.8,16.4,.597,0.0,0.1,.000,5.0,8.9,.557,3.4,7.1,3.3,6.2,9.6,2.3,1.1,0.4,24.6,C,6-11,225,24
32,3,Frankie Ferrari,MAN,11,20.6,8.5,21.2,.400,3.5,10.3,.345,2.5,2.7,.933,5.1,4.4,0.7,2.5,3.2,10.3,2.3,0.0,23.0,G,6-1,188,25
33,3,Frankie Ferrari,MAN,11,20.6,8.5,21.2,.400,3.5,10.3,.345,2.5,2.7,.933,5.1,4.4,0.7,2.5,3.2,10.3,2.3,0.0,23.0,G,6-1,188,25
34,3,Frankie Ferrari,MAN,11,20.6,8.5,21.2,.400,3.5,10.3,.345,2.5,2.7,.933,5.1,4.4,0.7,2.5,3.2,10.3,2.3,0.0,23.0,G,6-1,188,25
35,3,Frankie Ferrari,MAN,11,20.6,8.5,21.2,.400,3.5,10.3,.345,2.5,2.7,.933,5.1,4.4,0.7,2.5,3.2,10.3,2.3,0.0,23.0,G,6-1,188,25
36,10,Frankie Ferrari,GCN,12,19.0,5.8,15.6,.371,2.8,7.2,.390,1.8,2.1,.833,2.8,3.5,0.5,1.9,2.5,4.6,1.9,0.0,16.2,G,6-1,188,25
37,10,Frankie Ferrari,GCN,12,19.0,5.8,15.6,.371,2.8,7.2,.390,1.8,2.1,.833,2.8,3.5,0.5,1.9,2.5,4.6,1.9,0.0,16.2,G,6-1,188,25
38,10,Frankie Ferrari,GCN,12,19.0,5.8,15.6,.371,2.8,7.2,.390,1.8,2.1,.833,2.8,3.5,0.5,1.9,2.5,4.6,1.9,0.0,16.2,G,6-1,188,25
39,10,Frankie Ferrari,GCN,12,19.0,5.8,15.6,.371,2.8,7.2,.390,1.8,2.1,.833,2.8,3.5,0.5,1.9,2.5,4.6,1.9,0.0,16.2,G,6-1,188,25
40,6,Frankie Ferrari,UNI,6,16.0,5.8,13.4,.438,3.3,8.3,.400,1.7,1.7,1.000,3.8,4.2,0.4,2.9,3.3,4.6,1.7,0.0,16.7,G,6-1,188,25
41,6,Frankie Ferrari,UNI,6,16.0,5.8,13.4,.438,3.3,8.3,.400,1.7,1.7,1.000,3.8,4.2,0.4,2.9,3.3,4.6,1.7,0.0,16.7,G,6-1,188,25
42,6,Frankie Ferrari,UNI,6,16.0,5.8,13.4,.438,3.3,8.3,.400,1.7,1.7,1.000,3.8,4.2,0.4,2.9,3.3,4.6,1.7,0.0,16.7,G,6-1,188,25
43,6,Frankie Ferrari,UNI,6,16.0,5.8,13.4,.438,3.3,8.3,.400,1.7,1.7,1.000,3.8,4.2,0.4,2.9,3.3,4.6,1.7,0.0,16.7,G,6-1,188,25
44,4,Martynas Sajus,MAN,29,11.3,8.4,13.5,.627,0.0,0.0,.000,5.9,7.5,.787,3.9,6.7,5.1,6.1,11.3,1.5,0.4,0.6,22.8,C,6-8,247,25
45,5,Makai Mason,MAN,28,21.3,7.0,18.7,.373,2.7,9.1,.296,3.4,4.1,.836,3.3,4.8,0.5,1.7,2.1,4.1,1.0,0.1,20.1,G,6-1,185,25
46,6,Jonathan Tabu,MAN,22,16.0,5.1,16.1,.317,3.5,11.0,.320,4.7,5.3,.872,6.3,5.5,0.7,3.0,3.6,8.9,1.8,0.0,18.4,PG,6-0,194,35
47,7,Rafa Martinez,MAN,35,14.9,5.7,12.2,.465,3.5,7.9,.447,2.5,3.0,.821,2.5,3.8,0.5,2.8,3.4,2.6,1.4,0.1,17.4,SG,6-3,198,38
48,8,Matt Janning,MAN,14,24.4,5.6,13.8,.407,4.1,10.2,.402,1.3,1.5,.846,1.6,2.3,0.5,3.3,3.7,3.4,0.8,0.1,16.6,GF,6-4,198,32
49,9,Eulis Baez,MAN,25,17.8,4.8,9.8,.486,1.7,4.6,.373,3.4,4.7,.731,1.8,4.3,2.9,3.7,6.5,3.2,1.7,0.6,14.6,PF,6-7,225,38
50,10,Juan Vaulet,MAN,35,22.2,5.6,10.8,.519,0.7,2.3,.289,2.0,3.0,.661,1.8,4.4,2.3,4.8,7.1,1.7,1.1,0.8,13.9,F,6-6,200,24
51,11,Dani Perez,MAN,24,24.2,4.5,13.0,.344,2.0,6.7,.299,2.0,2.5,.806,4.8,4.3,0.5,2.8,3.3,10.8,1.7,0.1,13.0,PG,6-0,188,31
52,12,Seth Hinrichs,MAN,35,24.8,5.3,9.0,.582,0.6,1.9,.293,1.6,2.5,.630,2.5,3.9,3.2,5.3,8.5,2.8,1.3,0.2,12.6,SG,6-8,223,27
53,13,Daniel Garcia,MAN,13,13.9,4.2,10.6,.396,2.0,7.1,.281,0.7,1.1,.600,5.1,8.2,0.4,3.3,3.8,7.8,1.1,0.0,11.1,PG,6-1,176,23
54,14,Guillem Jou,MAN,23,19.9,3.5,9.3,.377,1.8,6.2,.282,1.9,2.5,.786,1.5,1.9,2.6,5.4,8.1,1.8,1.5,0.4,10.7,SG,6-6,180,23
55,15,Janari Joesaar,MAN,4,14.6,3.4,12.3,.278,2.1,10.3,.200,0.7,2.1,.333,0.7,2.7,0.7,5.5,6.2,0.7,2.1,0.7,9.6,F,6-6,208,27
56,16,Deividas Dulkys,MAN,11,14.9,1.9,10.2,.190,1.5,8.0,.182,1.0,1.0,1.000,0.7,4.4,1.7,4.6,6.3,1.2,2.2,0.0,6.3,GF,6-5,196,32
57,17,Marc Penarroya,MAN,2,7.4,0.0,13.5,.000,0.0,2.7,.000,2.7,5.4,.500,5.4,5.4,0.0,2.7,2.7,8.1,2.7,0.0,2.7,PG,5-11,178,18
58,1,Elias Harris,ZAR,17,23.1,8.7,13.8,.630,0.4,0.8,.500,6.4,6.8,.940,2.4,4.0,1.7,5.9,7.6,2.5,1.1,0.3,24.1,SF,6-8,239,31
59,2,Jake Wiley,ZAR,12,19.3,9.3,15.8,.593,0.0,0.2,.000,4.0,5.2,.767,1.6,4.8,2.6,5.2,7.8,2.6,1.2,1.2,22.7,F,6-8,220,26
60,2,Jake Wiley,ZAR,12,19.3,9.3,15.8,.593,0.0,0.2,.000,4.0,5.2,.767,1.6,4.8,2.6,5.2,7.8,2.6,1.2,1.2,22.7,F,6-8,220,26
61,7,Jake Wiley,GCN,11,22.3,7.5,14.8,.505,0.8,2.3,.357,1.8,2.9,.611,3.3,3.1,1.8,5.0,6.8,1.8,1.3,1.0,17.6,F,6-8,220,26
62,7,Jake Wiley,GCN,11,22.3,7.5,14.8,.505,0.8,2.3,.357,1.8,2.9,.611,3.3,3.1,1.8,5.0,6.8,1.8,1.3,1.0,17.6,F,6-8,220,26
63,3,Dylan Ennis,ZAR,34,29.4,7.8,16.0,.491,2.2,6.6,.335,4.1,5.4,.763,3.4,2.4,0.5,3.9,4.4,4.4,2.0,0.2,22.0,G,6-2,195,29
64,4,Sagaba Konate,ZAR,6,4.5,5.9,11.8,.500,0.0,1.5,.000,8.8,13.2,.667,4.4,8.8,4.4,2.9,7.3,1.5,0.0,1.5,20.6,PF,6-7,260,23
65,5,D.J. Seeley,ZAR,11,25.7,6.6,13.4,.495,2.7,6.4,.422,4.4,5.1,.861,4.7,2.7,1.1,2.4,3.5,2.7,0.7,0.1,20.4,G,6-4,195,31
66,6,Robin Benzing,ZAR,34,20.7,6.1,15.8,.390,2.8,8.4,.338,4.6,5.7,.802,2.0,4.2,0.9,4.0,4.8,1.3,1.5,0.7,19.8,SF,6-8,222,32
67,7,Jason Thompson,ZAR,17,18.2,7.5,13.3,.563,0.0,0.1,.000,3.1,5.9,.522,3.7,7.4,1.8,8.8,10.6,3.2,0.9,0.5,18.1,PF,6-11,250,34
68,8,Nicolas Brussino,ZAR,34,25.0,6.1,12.1,.500,2.6,6.1,.431,3.1,3.8,.825,3.7,4.6,0.9,5.0,5.9,4.4,1.9,0.2,17.9,G,6-8,195,27
69,9,Gustav Knudsen,ZAR,2,2.3,8.8,26.3,.333,0.0,0.0,.000,0.0,0.0,.000,8.8,0.0,0.0,0.0,0.0,0.0,0.0,0.0,17.5,G,6-8,-,17
70,10,Aleix Font,ZAR,8,4.6,6.6,15.3,.429,3.3,4.4,.750,1.1,1.1,1.000,1.1,9.8,4.4,1.1,5.5,0.0,1.1,0.0,17.5,SG,6-4,188,22
71,11,Tryggvi Hlinason,ZAR,34,17.7,7.2,9.7,.740,0.0,0.1,.000,2.4,3.9,.610,2.6,5.0,3.6,7.6,11.2,1.6,1.0,2.4,16.8,C,7-1,260,23
72,12,Jonathan Barreiro,ZAR,34,22.6,5.6,12.1,.466,2.1,5.9,.363,2.8,3.5,.779,1.8,2.9,2.6,5.1,7.6,1.8,0.8,0.3,16.2,SF,6-8,200,24
73,13,Rasheed Sulaimon,ZAR,26,20.2,5.1,12.6,.406,1.9,5.4,.352,2.4,3.1,.780,2.4,4.3,0.5,3.3,3.8,4.2,0.9,0.2,14.5,SG,6-4,194,26
74,14,Luka Rupnik,ZAR,6,13.3,3.5,9.0,.389,2.5,5.0,.500,4.0,6.0,.667,3.5,4.0,1.0,3.5,4.5,8.0,1.0,0.0,13.5,PG,6-1,157,27
75,15,T.J. Bray,ZAR,11,24.2,4.7,11.1,.419,2.4,6.6,.364,0.8,0.9,.833,2.7,4.5,1.2,3.3,4.5,3.6,1.8,0.0,12.5,G,6-5,207,28
76,16,Javi Garcia,ZAR,24,8.7,3.5,9.4,.367,1.9,5.8,.333,1.9,2.3,.833,1.7,7.9,0.8,2.3,3.1,3.8,0.8,0.0,10.8,SG,6-3,-,19
77,17,Javier Justiz,ZAR,12,7.2,4.2,12.6,.333,0.0,0.5,.000,1.4,1.4,1.000,4.2,5.6,1.4,5.6,7.0,1.9,0.9,1.4,9.8,C,6-9,210,28
78,18,Rodrigo San Miguel,ZAR,23,21.6,2.7,6.7,.405,1.7,4.8,.350,0.5,1.3,.375,2.7,4.2,0.6,4.7,5.3,6.7,1.6,0.1,7.6,PG,6-3,194,36
79,19,Jaime Fernandez,ZAR,6,3.2,2.1,6.2,.333,0.0,2.1,.000,2.1,6.2,.333,6.2,12.4,0.0,4.1,4.1,2.1,4.1,0.0,6.2,C,6-8,209,20
80,19,Jaime Fernandez,ZAR,6,3.2,2.1,6.2,.333,0.0,2.1,.000,2.1,6.2,.333,6.2,12.4,0.0,4.1,4.1,2.1,4.1,0.0,6.2,PG,6-2,178,27
81,3,Jaime Fernandez,UNI,25,22.0,6.6,15.1,.440,2.0,5.5,.373,4.0,5.1,.786,3.7,4.4,0.4,2.5,3.0,7.2,1.8,0.1,19.3,C,6-8,209,20
82,3,Jaime Fernandez,UNI,25,22.0,6.6,15.1,.440,2.0,5.5,.373,4.0,5.1,.786,3.7,4.4,0.4,2.5,3.0,7.2,1.8,0.1,19.3,PG,6-2,178,27
83,20,Vit Krejci,ZAR,2,5.9,0.0,6.8,.000,0.0,3.4,.000,0.0,0.0,.000,0.0,3.4,0.0,3.4,3.4,3.4,0.0,0.0,0.0,PG,6-8,195,20
84,1,Zsombor Maronka,JOV,2,3.0,13.3,13.3,1.000,0.0,0.0,.000,0.0,0.0,.000,6.6,0.0,0.0,0.0,0.0,0.0,0.0,0.0,26.6,PF,6-10,196,18
85,2,Ante Tomic,JOV,34,23.0,9.1,16.7,.545,0.1,0.3,.200,4.6,6.1,.750,3.7,2.8,4.2,6.6,10.7,3.7,1.1,0.2,22.8,C,7-1,225,34
86,3,Xabier Lopez-Arostegui,JOV,24,25.4,6.3,12.9,.487,2.6,6.4,.412,6.2,6.4,.969,2.1,3.1,1.8,6.4,8.1,1.0,1.9,0.0,21.4,GF,6-7,215,23
87,4,Nenad Dimitrijevic,JOV,31,20.3,7.9,17.4,.454,1.5,5.6,.273,3.3,4.5,.743,4.9,3.9,0.6,2.4,2.9,6.8,1.1,0.3,20.6,PG,6-1,174,23
88,4,Nenad Dimitrijevic,JOV,31,20.3,7.9,17.4,.454,1.5,5.6,.273,3.3,4.5,.743,4.9,3.9,0.6,2.4,2.9,6.8,1.1,0.3,20.6,PG,6-1,174,23
89,5,Vladimir Brodziansky,JOV,34,19.9,6.2,11.6,.536,2.1,4.7,.443,5.4,6.9,.778,2.0,3.6,1.4,4.9,6.3,1.6,0.4,1.7,19.9,PF,6-11,230,26
90,6,Demetrius Jackson,JOV,2,12.5,3.2,9.6,.333,3.2,4.8,.667,8.0,9.6,.833,6.4,6.4,0.0,1.6,1.6,0.0,0.0,0.0,17.6,G,6-1,200,26
91,7,Pau Ribas,JOV,28,23.7,6.0,13.8,.432,3.3,7.6,.437,2.3,2.8,.848,3.2,2.6,0.7,2.0,2.7,6.8,1.0,0.1,17.6,SG,6-3,165,33
92,8,Simon Birgander,JOV,34,14.3,7.4,10.2,.726,0.0,0.0,.000,2.6,3.2,.795,1.8,6.2,3.3,6.2,9.5,1.8,1.2,1.8,17.4,FC,6-11,208,23
93,9,Arnau Parrado,JOV,9,3.3,6.7,14.6,.455,1.3,4.0,.333,2.7,6.7,.400,1.3,10.6,1.3,9.3,10.6,1.3,1.3,0.0,17.3,C,6-9,220,20
94,10,Arturs Zagars,JOV,12,4.8,4.9,14.0,.350,2.1,7.0,.300,3.5,4.2,.833,3.5,10.5,1.4,2.1,3.5,6.3,1.4,0.0,15.4,PG,6-3,172,20
95,11,Ferran Bassas,JOV,34,24.4,5.2,11.3,.462,2.8,6.8,.407,2.0,2.2,.891,4.4,3.9,0.9,2.7,3.6,7.9,1.5,0.0,15.2,PG,6-0,188,28
96,12,Conor Morgan,JOV,31,19.0,5.1,11.3,.449,2.2,5.6,.402,2.1,2.6,.795,2.2,5.7,1.4,5.2,6.6,1.4,0.9,0.6,14.5,FC,6-9,220,26
97,13,Shawn Dawson,JOV,21,10.1,5.3,14.7,.359,1.5,6.6,.229,1.5,2.5,.615,3.6,6.6,1.1,5.9,7.0,2.3,1.5,0.8,13.6,F,6-6,205,27
98,14,Joel Parra,JOV,34,13.5,4.4,8.7,.500,1.2,3.0,.412,1.9,2.4,.815,1.2,3.9,2.8,5.8,8.6,0.8,1.3,0.3,11.9,F,6-8,210,20
99,15,Albert Ventura,JOV,32,23.8,3.5,6.7,.516,2.1,4.4,.482,1.3,1.9,.694,1.3,3.7,1.5,3.1,4.5,2.0,2.3,0.2,10.4,SG,6-5,180,28
100,16,Roger Marti,JOV,1,1.7,0.0,0.0,.000,0.0,0.0,.000,0.0,0.0,.000,0.0,0.0,0.0,0.0,0.0,0.0,0.0,0.0,0.0,PG,5-11,162,19
101,17,Yannick Kraag,JOV,2,1.2,0.0,0.0,.000,0.0,0.0,.000,0.0,0.0,.000,0.0,17.1,0.0,0.0,0.0,0.0,0.0,0.0,0.0,F,6-7,178,18
102,18,Miguel Montesdeoca,JOV,1,2.5,0.0,31.8,.000,0.0,0.0,.000,0.0,0.0,.000,0.0,15.9,15.9,0.0,15.9,0.0,0.0,0.0,0.0,F,6-7,-,17
103,1,Ryan Harrow,BETIS,7,14.2,9.3,18.1,.511,1.2,3.6,.333,2.8,3.2,.875,2.8,4.4,0.8,2.0,2.8,5.2,2.8,0.0,22.6,G,6-2,160,29
104,2,James Feldeine,BETIS,34,26.9,8.1,19.1,.423,2.9,8.6,.340,3.0,3.8,.802,2.7,2.4,0.7,2.7,3.5,3.8,1.8,0.3,22.1,SG,6-4,190,32
105,3,Youssoupha Ndoye,BETIS,34,21.0,7.0,12.5,.563,0.0,0.1,.000,8.0,12.0,.671,3.9,4.8,3.9,5.8,9.8,1.0,1.6,1.3,22.1,C,7-0,250,29
106,4,Dzherom Rendl,BETIS,20,16.6,8.2,18.7,.439,2.2,6.5,.333,3.3,3.9,.844,5.5,4.3,0.1,2.4,2.5,5.4,1.2,0.0,21.8,G,5-10,172,33
107,5,Yakuba Ouattara,BETIS,28,22.3,6.3,14.7,.432,2.0,6.3,.316,1.6,1.9,.833,1.5,2.6,3.0,4.5,7.6,1.0,1.7,0.1,16.3,SG,6-4,220,29
108,6,Jerome Jordan,BETIS,20,15.6,5.5,11.4,.483,0.0,0.0,.000,3.8,5.4,.714,2.7,4.7,3.1,6.9,10.0,2.0,1.2,1.5,14.8,C,7-0,253,34
109,7,T.J. Campbell,BETIS,34,23.8,4.7,11.4,.417,2.4,6.9,.345,3.0,3.5,.845,3.4,4.5,0.6,2.4,3.0,5.7,1.9,0.0,14.8,G,5-9,190,33
110,8,Tobias Borg,BETIS,33,17.5,4.4,10.6,.412,1.7,4.8,.357,2.3,2.6,.868,2.1,4.6,1.2,2.6,3.7,2.6,1.3,0.3,12.7,PG,6-0,162,27
111,9,Mamadou Niang,BETIS,13,13.4,5.5,8.5,.649,0.0,0.2,.000,1.6,4.6,.350,2.5,4.6,3.2,6.6,9.9,1.4,0.5,0.9,12.6,C,6-10,235,27
112,10,Nick Spires,BETIS,21,10.1,5.1,11.9,.429,0.8,3.2,.235,1.3,1.9,.700,2.1,6.4,3.8,5.5,9.3,1.9,0.9,1.5,12.3,F,6-9,215,27
113,11,Obi Enechionyia,BETIS,15,11.4,3.7,11.0,.340,2.1,7.5,.281,2.6,3.3,.786,4.0,6.3,2.8,5.6,8.4,1.2,2.3,2.1,12.1,FC,6-10,220,25
114,12,Nicholas Kay,BETIS,34,27.2,4.7,9.8,.482,0.8,2.7,.290,1.7,2.0,.830,1.0,2.4,3.3,5.1,8.4,1.7,1.5,0.4,11.9,F,6-9,230,28
115,13,Boris Tisma,BETIS,9,8.6,4.1,13.4,.308,1.5,5.7,.273,1.5,1.5,1.000,2.1,3.6,3.1,3.1,6.2,3.1,1.5,0.0,11.3,SF,6-9,153,19
116,13,Boris Tisma,BETIS,9,8.6,4.1,13.4,.308,1.5,5.7,.273,1.5,1.5,1.000,2.1,3.6,3.1,3.1,6.2,3.1,1.5,0.0,11.3,SF,6-9,153,19
117,19,Boris Tisma,RMB,1,3.3,0.0,0.0,.000,0.0,0.0,.000,0.0,0.0,.000,0.0,12.1,0.0,0.0,0.0,0.0,0.0,0.0,0.0,SF,6-9,153,19
118,19,Boris Tisma,RMB,1,3.3,0.0,0.0,.000,0.0,0.0,.000,0.0,0.0,.000,0.0,12.1,0.0,0.0,0.0,0.0,0.0,0.0,0.0,SF,6-9,153,19
119,14,Mike Torres,BETIS,28,6.7,2.6,10.1,.255,1.1,4.5,.238,4.5,4.9,.913,4.1,6.7,0.6,3.9,4.5,3.9,1.5,0.0,10.7,PG,6-2,176,26
120,15,Ibrahim Magassa,BETIS,14,7.2,4.3,12.2,.355,1.2,5.9,.200,0.0,0.0,.000,1.6,3.9,1.2,2.4,3.6,0.4,0.4,0.4,9.9,SF,6-7,220,19
121,16,Pablo Almazan,BETIS,32,19.3,2.0,6.7,.298,1.0,3.6,.291,1.8,2.3,.800,1.7,3.9,1.7,4.1,5.8,2.3,1.6,0.1,6.8,SF,6-5,190,32
122,1,Earl Clark,GCN,4,13.2,9.8,18.1,.542,3.8,5.3,.714,1.5,3.0,.500,3.8,0.0,2.3,2.3,4.5,0.8,1.5,0.8,24.9,F,6-10,234,33
123,2,Sean Kilpatrick,GCN,16,20.5,7.7,17.3,.444,2.7,6.8,.393,5.2,6.1,.860,2.7,3.2,0.6,2.4,3.0,3.7,1.8,0.0,23.3,SG,6-4,212,31
124,3,A.J. Slaughter,GCN,22,24.3,8.2,16.9,.484,2.8,6.9,.402,3.5,4.2,.839,2.5,3.4,0.7,3.1,3.8,6.1,1.8,0.3,22.6,G,6-4,185,33
125,4,Matt Costello,GCN,27,23.4,8.3,16.7,.496,2.2,5.9,.376,2.3,3.3,.712,2.2,4.9,3.4,6.5,9.9,2.2,0.8,2.0,21.2,C,6-9,245,27
126,5,Ruben Lopez,GCN,2,3.1,6.4,6.4,1.000,0.0,0.0,.000,6.4,6.4,1.000,0.0,0.0,12.7,0.0,12.7,0.0,0.0,0.0,19.1,PF,6-7,206,18
127,6,Olek Balcerowski,GCN,28,11.6,6.9,11.9,.577,0.7,1.7,.429,3.4,5.7,.609,3.8,9.1,3.0,5.3,8.2,1.7,0.7,2.1,18.0,C,7-1,230,20
128,8,Stan Okoye,GCN,33,20.6,5.9,14.4,.410,3.2,7.6,.426,2.5,3.2,.782,1.5,4.6,1.1,4.5,5.6,2.1,1.7,0.5,17.5,GF,6-6,215,29
129,9,Oliver Stevic,GCN,23,13.5,6.4,9.0,.714,0.0,0.0,.000,4.0,5.4,.738,1.9,6.2,3.2,4.5,7.7,1.4,1.4,0.3,16.8,FC,6-10,220,37
130,9,Oliver Stevic,GCN,23,13.5,6.4,9.0,.714,0.0,0.0,.000,4.0,5.4,.738,1.9,6.2,3.2,4.5,7.7,1.4,1.4,0.3,16.8,FC,6-10,220,37
131,10,Oliver Stevic,MON,6,19.6,6.8,12.6,.541,0.0,0.0,.000,2.0,3.1,.667,0.3,4.1,3.1,8.1,11.2,1.0,1.4,0.0,15.6,FC,6-10,220,37
132,10,Oliver Stevic,MON,6,19.6,6.8,12.6,.541,0.0,0.0,.000,2.0,3.1,.667,0.3,4.1,3.1,8.1,11.2,1.0,1.4,0.0,15.6,FC,6-10,220,37
133,11,Javi Lopez,GCN,2,6.2,6.4,9.6,.667,3.2,6.4,.500,0.0,0.0,.000,3.2,9.6,0.0,0.0,0.0,3.2,0.0,0.0,16.0,PG,5-11,-,21
134,12,Amedeo Della Valle,GCN,4,22.6,4.4,12.8,.345,0.0,2.7,.000,6.2,7.5,.824,3.1,2.2,0.4,1.8,2.2,1.8,3.1,0.0,15.0,G,6-5,190,27
135,13,Khalifa Diop,GCN,24,8.7,5.2,9.4,.551,0.0,0.2,.000,3.8,7.7,.500,2.5,7.7,5.2,5.2,10.3,1.1,1.0,2.3,14.2,FC,6-11,231,19
136,14,Andrew Albicy,GCN,32,23.9,4.1,10.5,.393,2.1,6.0,.360,3.3,4.2,.778,4.2,3.5,0.5,1.9,2.5,6.5,2.1,0.0,13.7,PG,5-10,165,30
137,15,Jean Montero,GCN,5,5.9,4.1,13.7,.300,0.0,8.2,.000,5.5,5.5,1.000,6.8,13.7,1.4,6.8,8.2,2.7,1.4,0.0,13.7,PG,6-2,172,17
138,16,Beka Burjanadze,GCN,18,16.8,4.4,10.2,.429,1.2,4.0,.300,3.6,5.0,.711,1.8,3.7,2.0,5.3,7.3,2.1,0.8,0.0,13.5,PF,6-8,260,27
139,17,Tomas Dimsa,GCN,30,21.3,4.7,13.5,.347,2.3,7.6,.298,1.5,1.9,.800,2.7,3.6,0.9,2.0,2.9,2.3,0.8,0.1,13.1,SG,6-5,180,27
140,18,John Shurna,GCN,32,23.3,4.9,9.6,.508,1.7,4.1,.421,1.4,1.8,.794,1.0,2.5,2.3,5.4,7.6,1.8,2.1,0.9,12.9,F,6-9,215,30
141,19,Fabio Santana,GCN,13,5.0,4.9,12.9,.381,1.2,6.1,.200,0.6,0.6,1.000,3.1,5.5,0.6,1.2,1.8,5.5,2.5,0.6,11.6,PG,6-2,185,28
142,20,Javier Beiran,GCN,28,23.0,4.3,8.8,.489,1.2,3.9,.302,0.6,0.9,.643,1.4,1.1,1.8,6.3,8.1,3.6,0.9,0.4,10.3,SF,6-6,200,33
143,21,Jovan Kljajic,GCN,2,6.3,0.0,3.2,.000,0.0,3.2,.000,6.3,6.3,1.000,6.3,0.0,3.2,3.2,6.3,3.2,0.0,3.2,6.3,SG,6-6,200,19
144,21,Jovan Kljajic,GCN,2,6.3,0.0,3.2,.000,0.0,3.2,.000,6.3,6.3,1.000,6.3,0.0,3.2,3.2,6.3,3.2,0.0,3.2,6.3,SG,6-6,200,19
145,14,Jovan Kljajic,BBB,23,4.3,4.1,15.1,.270,0.8,4.9,.167,3.3,4.1,.800,3.3,5.3,1.2,4.9,6.1,1.6,2.5,0.4,12.3,SG,6-6,200,19
146,14,Jovan Kljajic,BBB,23,4.3,4.1,15.1,.270,0.8,4.9,.167,3.3,4.1,.800,3.3,5.3,1.2,4.9,6.1,1.6,2.5,0.4,12.3,SG,6-6,200,19
147,22,Marcis Steinbergs,GCN,2,7.3,0.0,5.5,.000,0.0,2.7,.000,5.5,5.5,1.000,2.7,2.7,2.7,0.0,2.7,0.0,0.0,0.0,5.5,PF,6-9,185,19
148,1,Thaddus McFadden,SPB,32,22.3,8.1,18.3,.445,4.8,11.8,.408,3.6,4.3,.855,3.0,2.9,0.3,2.3,2.6,4.0,1.6,0.1,24.7,SG,6-2,176,33
149,2,Vitor Benite,SPB,32,23.5,7.6,16.7,.454,4.2,9.3,.454,3.9,4.7,.831,1.9,4.4,0.3,3.2,3.6,2.3,1.1,0.2,23.3,SG,6-3,194,31
150,3,Jasiel Rivero,SPB,31,23.4,7.9,13.8,.576,0.9,3.3,.283,4.8,7.2,.664,3.0,4.2,3.0,6.7,9.7,1.8,0.9,0.8,21.6,C,6-9,220,27
151,4,Dejan Kravic,SPB,33,20.7,9.1,15.2,.600,0.0,0.1,.000,2.6,4.9,.530,3.2,4.2,3.7,5.2,9.0,1.4,1.9,1.4,20.8,C,7-0,240,30
152,5,Alex Renfroe,SPB,30,22.7,6.6,12.5,.528,2.0,4.5,.442,3.2,4.3,.740,4.3,3.9,1.2,4.3,5.5,9.0,1.6,0.4,18.4,G,6-2,160,34
153,6,Goran Huskic,SPB,4,6.6,9.1,10.6,.857,0.0,0.0,.000,0.0,6.0,.000,4.5,4.5,1.5,1.5,3.0,9.1,4.5,0.0,18.1,C,6-9,225,28
154,6,Goran Huskic,SPB,4,6.6,9.1,10.6,.857,0.0,0.0,.000,0.0,6.0,.000,4.5,4.5,1.5,1.5,3.0,9.1,4.5,0.0,18.1,C,6-9,225,28
155,11,Goran Huskic,BBB,21,14.2,6.2,11.2,.554,0.0,0.3,.000,2.4,3.4,.720,3.8,5.9,2.0,5.0,7.0,4.0,1.1,0.4,14.8,C,6-9,225,28
156,11,Goran Huskic,BBB,21,14.2,6.2,11.2,.554,0.0,0.3,.000,2.4,3.4,.720,3.8,5.9,2.0,5.0,7.0,4.0,1.1,0.4,14.8,C,6-9,225,28
157,7,Jordan Sakho,SPB,30,9.9,5.5,10.4,.532,0.0,0.1,.000,4.3,5.8,.744,3.9,11.6,4.6,5.5,10.1,1.8,2.0,1.1,15.4,C,6-10,220,23
158,8,Ken Horton,SPB,32,22.4,5.7,12.5,.458,2.6,7.1,.370,0.7,1.0,.722,1.3,3.5,1.4,6.4,7.9,1.9,2.1,0.4,14.8,F,6-6,190,31
159,9,Kareem Queeley,SPB,5,5.3,6.0,12.0,.500,0.0,0.0,.000,1.5,1.5,1.000,6.0,13.5,1.5,3.0,4.5,0.0,3.0,0.0,13.5,G,6-3,202,19
160,10,Maksim Salash,SPB,18,9.4,5.7,13.2,.429,0.5,5.2,.091,1.4,2.6,.545,0.9,3.3,1.7,6.1,7.8,1.4,0.9,0.7,13.2,PF,6-9,220,24
161,11,Miquel Salvo,SPB,32,14.9,4.2,9.4,.446,1.6,4.6,.345,2.0,2.6,.774,1.2,4.8,1.5,4.0,5.5,1.0,1.4,0.3,12.0,F,6-9,198,26
162,12,Xavi Rabaseda,SPB,29,19.9,3.6,8.3,.433,1.4,4.4,.312,2.1,2.8,.775,1.7,3.1,1.7,5.1,6.9,1.2,2.6,0.3,10.7,GF,6-7,205,32
163,13,Omar Cook,SPB,32,22.1,2.8,8.2,.338,2.1,6.1,.346,1.2,1.6,.724,2.8,4.4,0.5,2.2,2.6,10.5,2.1,0.1,8.8,PG,6-2,190,39
164,14,Alex Barrera,SPB,17,7.7,1.8,6.5,.286,1.5,6.1,.250,0.6,0.6,1.000,0.6,2.5,0.0,2.2,2.2,1.2,2.5,0.0,5.8,SG,6-7,180,28
165,15,Oliver Bieshaar,SPB,1,5.0,0.0,16.2,.000,0.0,8.1,.000,0.0,0.0,.000,8.1,0.0,0.0,0.0,0.0,0.0,8.1,0.0,0.0,PF,6-8,220,19
166,16,Alberto Alonso,SPB,1,7.2,0.0,0.0,.000,0.0,0.0,.000,0.0,11.1,.000,0.0,5.6,0.0,11.1,11.1,5.6,11.1,0.0,0.0,F,6-7,194,19
167,17,Angel Infante,SPB,1,2.3,0.0,17.5,.000,0.0,17.5,.000,0.0,0.0,.000,17.5,0.0,0.0,0.0,0.0,17.5,0.0,0.0,0.0,PG,5-11,-,22
168,1,Giorgi Shermadini,CAN,34,23.5,10.5,15.7,.667,0.0,0.0,.000,8.2,9.1,.901,3.8,3.3,3.9,5.2,9.1,3.1,1.6,0.8,29.2,C,7-1,250,31
169,2,Marcelinho Huertas,CAN,33,25.7,8.6,16.5,.519,1.8,4.1,.437,3.2,3.5,.919,4.1,2.3,0.7,2.5,3.1,9.6,1.0,0.0,22.1,PG,6-3,200,37
170,3,Fran Guerra,CAN,33,14.2,8.4,11.9,.705,0.2,0.4,.400,4.6,6.8,.684,2.7,5.4,2.3,5.2,7.5,3.0,1.4,0.8,21.5,C,7-0,250,28
171,4,Spencer Butterfield,CAN,18,13.9,6.6,11.5,.569,4.2,7.1,.591,1.9,2.2,.857,2.4,4.3,1.1,4.8,5.9,1.1,1.9,0.0,19.2,G,6-3,205,28
172,5,Danilo Brnovic,CAN,2,2.1,0.0,0.0,.000,0.0,0.0,.000,18.8,18.8,1.000,0.0,0.0,9.4,0.0,9.4,0.0,0.0,0.0,18.8,PF,6-6,194,20
173,6,Bruno Fitipaldo,CAN,33,23.1,6.3,15.2,.414,2.3,6.9,.333,3.8,4.7,.811,3.7,3.9,0.6,2.2,2.8,8.1,2.3,0.0,18.7,PG,6-0,183,29
174,7,Santiago Yusta,CAN,17,12.4,6.5,12.2,.531,3.2,6.7,.486,1.1,1.7,.667,1.9,2.7,0.6,3.2,3.8,1.5,2.1,0.0,17.3,SF,6-6,183,23
175,8,Emir Sulejmanovic,CAN,34,12.7,5.9,10.6,.561,1.4,3.4,.405,1.4,2.4,.577,1.2,6.3,2.4,7.4,9.8,1.3,1.3,0.4,14.7,PF,6-9,220,25
176,9,Sasu Salin,CAN,32,23.7,4.6,11.5,.404,3.4,8.3,.408,1.8,2.1,.875,1.2,3.3,0.5,2.3,2.8,2.3,1.1,0.1,14.5,SG,6-3,191,29
177,10,Tyler Cavanaugh,CAN,34,22.3,5.3,9.5,.552,1.7,3.7,.465,2.0,2.4,.844,1.4,3.2,2.0,6.0,8.0,1.7,0.8,0.2,14.3,F,6-9,240,27
178,11,Aaron Doornekamp,CAN,31,25.6,4.1,9.5,.431,3.2,7.2,.441,1.8,2.3,.778,1.2,4.2,0.9,4.5,5.4,2.0,1.3,0.2,13.1,PF,6-7,212,35
179,12,Sergio Rodriguez,CAN,32,13.7,2.7,6.7,.405,2.1,4.6,.451,1.5,1.8,.850,1.2,3.4,1.2,4.6,5.8,1.8,1.5,0.0,9.1,SF,6-7,202,27
180,13,Daniel Diez,CAN,10,12.3,2.6,5.5,.471,1.3,3.3,.400,1.3,1.6,.800,1.3,0.3,1.0,4.6,5.5,0.7,1.6,0.0,7.8,SF,6-8,216,27
181,14,Alex Lopez,CAN,19,6.7,1.6,8.8,.179,0.6,5.6,.111,2.2,2.5,.875,2.8,6.6,0.6,1.9,2.5,3.8,1.3,0.0,6.0,SG,6-2,196,29
182,15,Charles Jenkins,CAN,4,12.5,1.6,5.6,.286,0.8,3.2,.250,0.0,0.0,.000,2.4,4.0,0.0,3.2,3.2,1.6,1.6,0.0,4.0,G,6-3,215,32
183,16,Georgios Bogris,CAN,4,6.6,0.0,6.0,.000,0.0,0.0,.000,0.0,0.0,.000,6.0,10.5,3.0,3.0,6.0,4.5,1.5,0.0,0.0,FC,6-11,235,32
184,1,Steven Enoch,OBR,34,15.5,9.5,16.1,.592,0.9,2.7,.343,4.6,5.3,.870,3.6,4.9,3.4,7.3,10.7,1.2,0.7,1.4,24.5,PF,6-10,260,23
185,2,Kassius Robertson,OBR,31,27.1,7.2,17.3,.419,4.1,9.9,.411,3.9,5.2,.745,3.0,2.0,0.6,2.0,2.6,3.9,1.1,0.1,22.5,G,6-3,180,26
186,3,Laurynas Birutis,OBR,30,20.5,7.2,12.1,.597,0.0,0.0,.000,5.9,8.2,.714,3.1,3.6,3.6,6.6,10.2,1.2,0.9,1.6,20.3,C,7-1,242,23
187,4,Mike Daum,OBR,28,21.2,6.7,15.1,.440,2.4,6.3,.372,3.2,4.0,.797,2.6,4.6,2.4,5.9,8.2,1.0,1.1,0.3,18.8,F,6-9,235,25
188,5,Laurynas Beliauskas,OBR,34,18.5,5.6,13.5,.413,2.8,8.6,.324,1.8,2.4,.737,2.3,3.6,0.6,2.7,3.3,3.6,1.3,0.2,15.7,G,6-4,175,23
189,6,Kartal Ozmizrak,OBR,15,19.5,4.9,11.6,.424,2.7,7.4,.370,3.0,3.3,.917,2.9,6.0,0.0,3.2,3.2,4.2,1.4,0.3,15.6,PG,6-2,163,25
190,7,Jake Cohen,OBR,33,22.1,5.3,11.8,.449,1.7,5.0,.337,3.1,3.4,.905,2.4,3.9,1.9,5.0,6.9,2.2,0.8,0.5,15.4,FC,6-10,235,30
191,8,Chris Czerapowicz,OBR,32,21.0,5.5,11.3,.484,2.0,5.4,.374,1.5,1.9,.812,1.6,3.7,2.0,5.2,7.1,2.0,0.9,0.4,14.5,G,6-7,210,29
192,9,Albert Oliver,OBR,31,15.1,2.8,6.7,.418,1.4,3.5,.390,3.2,3.7,.884,2.8,5.6,0.8,3.0,3.8,5.2,1.3,0.0,10.2,PG,6-2,185,42
193,10,Alex Suarez,OBR,30,16.3,3.8,7.5,.500,1.7,4.3,.396,0.8,0.8,1.000,1.0,2.9,1.1,2.6,3.8,1.3,1.3,0.3,10.0,PF,6-10,214,27
194,11,Alvaro Munoz,OBR,32,12.4,2.9,8.3,.354,2.1,6.1,.350,1.6,1.8,.889,2.0,3.2,1.5,3.7,5.2,3.0,1.0,0.1,9.6,SF,6-5,200,30
195,12,Pepe Pozas,OBR,20,23.5,2.9,8.0,.362,1.4,5.6,.258,1.9,2.5,.759,3.5,4.6,0.8,3.8,4.6,7.8,2.2,0.2,9.1,PG,6-0,187,28
196,13,Rafael Garcia,OBR,17,2.9,1.6,6.6,.250,0.0,0.8,.000,3.3,4.9,.667,4.9,4.9,1.6,4.9,6.6,6.6,0.8,0.0,6.6,G,6-1,-,20
197,14,Antonios Koniaris,OBR,3,8.2,1.6,9.8,.167,0.0,8.1,.000,3.3,3.3,1.000,6.5,4.9,4.9,0.0,4.9,13.0,3.3,0.0,6.5,PG,6-4,190,23
198,15,Martin Fernandez,OBR,1,1.4,0.0,0.0,.000,0.0,0.0,.000,0.0,0.0,.000,0.0,0.0,0.0,0.0,0.0,0.0,0.0,0.0,0.0,SG,6-4,-,19
199,1,Clevin Hannah,AND,34,25.0,6.5,14.3,.459,3.0,7.3,.410,4.6,5.1,.890,3.6,4.1,0.4,2.4,2.8,7.3,1.2,0.0,20.7,G,5-11,165,33
200,2,Jeremy Senglin,AND,31,24.1,6.5,14.8,.442,2.0,5.6,.356,4.1,5.1,.792,2.2,3.9,0.9,3.3,4.2,2.9,0.8,0.1,19.1,G,6-0,190,25
201,3,Tomasz Gielo,AND,17,17.7,5.4,11.6,.471,4.1,8.5,.484,2.5,3.1,.826,1.1,4.5,1.6,6.0,7.6,0.8,0.7,0.0,17.5,PF,6-9,228,28
202,4,David Jelinek,AND,33,22.7,5.9,15.5,.384,3.4,9.4,.360,1.8,2.4,.773,2.2,3.2,0.5,3.3,3.7,1.9,1.0,0.1,17.1,SG,6-5,190,30
203,5,Malik Dime,AND,18,13.5,6.4,11.4,.565,0.0,0.2,.000,4.1,5.8,.714,3.6,7.2,3.8,5.8,9.5,0.3,1.6,5.3,16.9,PF,6-9,220,28
204,6,Tyson Perez,AND,17,20.8,5.8,12.4,.464,2.3,5.0,.455,2.6,3.8,.676,1.7,2.9,4.3,6.8,11.1,0.9,1.6,0.8,16.4,PF,6-8,214,25
205,7,Haukur Palsson,AND,19,20.3,5.3,13.2,.402,2.7,7.2,.377,2.5,3.6,.686,3.9,4.1,0.6,4.4,5.0,2.8,1.9,0.2,15.8,F,6-6,190,28
206,8,Artsiom Parakhouski,AND,19,14.9,5.9,10.7,.553,0.0,0.0,.000,3.4,4.5,.750,2.7,4.1,4.0,6.5,10.5,1.4,0.8,1.6,15.3,C,6-11,268,33
207,9,Tunde Olumuyiwa,AND,33,19.7,5.8,9.0,.651,0.0,0.0,.000,2.3,3.7,.623,4.0,4.7,3.0,5.8,8.9,1.0,0.9,1.4,14.0,FC,6-8,220,29
208,10,Oriol Pauli,AND,33,21.8,4.9,11.4,.427,0.9,4.2,.227,2.7,3.5,.778,2.7,3.6,1.5,5.7,7.2,3.8,1.2,0.4,13.4,GF,6-7,185,26
209,11,Fausto Ruesga,AND,3,9.1,4.4,8.8,.500,2.9,7.3,.400,0.0,0.0,.000,2.9,2.9,1.5,4.4,5.8,0.0,5.8,0.0,11.7,SF,6-7,-,20
210,12,Bandja Sy,AND,23,18.6,4.4,10.3,.427,1.2,5.1,.236,1.4,2.0,.714,1.7,4.2,3.5,4.8,8.2,1.2,1.4,1.0,11.4,F,6-8,214,30
211,13,Sergi Garcia,AND,33,16.7,3.5,10.6,.331,2.5,7.1,.347,1.8,2.8,.658,3.1,3.2,1.9,4.5,6.4,6.5,1.3,0.2,11.3,PG,6-3,181,24
212,14,Nacho Llovet,AND,24,15.8,4.1,8.1,.506,0.2,1.2,.182,1.7,2.3,.727,1.1,4.5,3.9,5.6,9.5,2.2,1.2,0.5,10.1,FC,6-8,225,29
213,15,Charlon Kloof,AND,5,13.5,3.0,13.7,.217,1.8,8.3,.214,1.2,1.2,1.000,2.4,4.2,0.6,2.4,3.0,3.0,2.4,1.2,8.9,G,6-3,195,30
214,15,Charlon Kloof,AND,5,13.5,3.0,13.7,.217,1.8,8.3,.214,1.2,1.2,1.000,2.4,4.2,0.6,2.4,3.0,3.0,2.4,1.2,8.9,G,6-3,195,30
215,19,Charlon Kloof,MON,9,8.9,2.5,8.5,.294,0.5,4.0,.125,1.0,1.0,1.000,3.0,6.0,0.5,5.0,5.5,4.0,1.0,1.0,6.5,G,6-3,195,30
216,19,Charlon Kloof,MON,9,8.9,2.5,8.5,.294,0.5,4.0,.125,1.0,1.0,1.000,3.0,6.0,0.5,5.0,5.5,4.0,1.0,1.0,6.5,G,6-3,195,30
217,16,Guillem Colom,AND,18,4.2,3.7,12.6,.292,0.5,6.8,.077,1.0,1.0,1.000,1.6,3.1,3.1,2.6,5.8,2.1,2.1,0.0,8.9,PF,6-4,192,29
218,17,Saulius Kulvietis,AND,7,14.0,1.6,8.2,.200,1.2,6.1,.200,1.6,1.6,1.000,3.7,2.9,1.6,5.7,7.4,0.4,1.2,0.4,6.1,F,6-9,220,30
219,18,Albert Pons,AND,2,7.1,0.0,2.8,.000,0.0,0.0,.000,0.0,0.0,.000,0.0,11.3,0.0,2.8,2.8,0.0,2.8,0.0,0.0,SG,6-5,187,19
220,19,Alexis Bartolome,AND,1,4.8,0.0,16.8,.000,0.0,16.8,.000,0.0,0.0,.000,0.0,16.8,0.0,8.4,8.4,0.0,0.0,0.0,0.0,F,6-7,201,22
221,1,J.J. Barea,EST,18,22.8,7.6,21.1,.361,2.7,8.9,.308,4.2,5.2,.811,4.1,4.7,0.6,2.1,2.7,8.3,1.6,0.0,22.2,G,5-10,180,36
222,2,Aleksa Avramovic,EST,35,29.7,7.6,17.5,.437,1.9,5.8,.322,4.8,5.8,.834,2.5,2.8,0.7,3.2,3.9,4.7,1.6,0.4,22.0,G,6-3,190,26
223,3,John Roberson,EST,31,22.0,6.8,16.3,.419,4.5,11.0,.404,2.3,2.4,.951,2.4,3.5,0.4,1.9,2.3,5.4,0.9,0.1,20.4,PG,5-11,168,32
224,4,Alessandro Gentile,EST,17,24.6,8.0,18.6,.431,0.6,2.8,.207,2.4,3.3,.714,4.8,3.2,1.5,6.3,7.8,5.1,1.5,0.5,19.0,SF,6-6,228,28
225,5,Victor Arteaga,EST,35,17.8,8.0,12.7,.631,0.0,0.1,.000,2.8,3.9,.705,2.4,5.6,5.0,6.0,11.0,0.8,1.0,1.4,18.8,C,7-0,214,28
226,6,Angel Delgado,EST,33,20.9,6.8,10.5,.650,0.0,0.1,.000,2.3,5.9,.396,2.7,5.2,5.9,8.9,14.8,1.4,1.8,0.8,15.9,C,6-10,230,26
227,7,Alec Brown,EST,35,22.9,5.1,11.8,.436,3.1,7.8,.397,0.9,1.2,.750,1.4,5.5,2.0,4.8,6.8,0.8,0.6,2.0,14.3,C,7-1,235,28
228,8,Nemanja Djurisic,EST,33,17.9,5.3,11.8,.454,1.9,5.4,.350,1.2,1.6,.708,2.2,4.7,2.0,5.3,7.2,1.8,0.9,0.4,13.7,F,6-8,230,29
229,9,Dovydas Giedraitis,EST,16,18.8,5.0,11.9,.422,2.7,7.2,.370,0.9,1.2,.778,1.7,4.9,0.9,1.5,2.4,1.5,1.1,0.0,13.7,PG,6-4,165,20
230,10,Martins Laksa,EST,6,9.4,3.6,10.7,.333,2.8,7.1,.400,3.6,3.6,1.000,0.7,7.1,0.7,5.0,5.7,0.7,2.1,0.0,13.5,SF,6-7,198,30
231,11,Edwin Jackson,EST,11,21.3,4.4,14.4,.310,1.2,4.4,.269,2.1,3.1,.667,2.4,4.6,1.5,3.4,5.0,4.3,0.7,0.0,12.1,SG,6-2,201,31
232,12,Aleksandar Cvetkovic,EST,27,15.2,3.7,7.5,.494,2.1,5.2,.415,1.7,1.9,.895,3.3,5.0,0.7,2.2,2.9,4.5,1.5,0.0,11.2,PG,6-2,165,27
233,13,Edgar Vicedo,EST,29,17.1,4.0,9.8,.405,1.5,4.5,.339,1.4,1.5,.944,0.6,3.8,1.6,4.9,6.5,1.2,2.0,0.7,10.8,SF,6-8,200,26
234,14,Christ Koumadje,EST,6,4.9,4.1,6.8,.600,0.0,0.0,.000,1.4,5.5,.250,2.7,5.5,2.7,5.5,8.2,0.0,0.0,2.7,9.6,C,7-4,270,24
235,15,Adams Sola,EST,30,7.2,2.0,6.1,.333,0.7,3.7,.200,0.6,1.3,.429,0.7,6.3,2.2,3.7,5.9,1.5,1.7,0.2,5.4,G,6-5,165,20
236,16,Ruben Dominguez,EST,5,5.0,1.6,11.2,.143,1.6,6.4,.250,0.0,0.0,.000,1.6,8.0,1.6,0.0,1.6,0.0,0.0,0.0,4.8,SG,6-6,-,18
237,17,Emil Stoilov,EST,9,1.9,2.3,9.3,.250,0.0,0.0,.000,0.0,0.0,.000,4.6,11.6,4.6,6.9,11.6,2.3,0.0,2.3,4.6,C,6-11,215,19
238,18,Zeljko Sakic,EST,1,22.3,0.0,1.8,.000,0.0,1.8,.000,3.6,3.6,1.000,1.8,3.6,1.8,9.0,10.8,1.8,0.0,0.0,3.6,F,6-7,234,32
239,19,Diego Alderete,EST,1,2.7,0.0,0.0,.000,0.0,0.0,.000,0.0,0.0,.000,0.0,0.0,0.0,0.0,0.0,0.0,0.0,0.0,0.0,F,6-8,207,20
240,20,Nacho Arroyo,EST,2,5.8,0.0,10.3,.000,0.0,6.8,.000,0.0,0.0,.000,3.4,3.4,0.0,0.0,0.0,6.8,0.0,0.0,0.0,PG,6-1,170,21
241,1,Jaycee Carroll,RMB,28,15.6,9.2,18.7,.493,4.4,10.2,.429,4.8,5.1,.946,1.6,3.7,1.2,3.6,4.8,1.5,1.0,0.1,27.7,SG,6-2,170,37
242,2,Sergio Llull,RMB,21,17.4,7.3,18.6,.394,3.7,10.6,.351,3.2,4.0,.784,3.1,2.9,0.1,2.9,3.1,4.8,1.0,0.1,21.5,PG,6-3,190,33
243,3,Rudy Fernandez,RMB,19,13.7,6.8,15.1,.449,5.5,12.3,.450,1.8,2.9,.632,1.8,2.5,0.9,4.9,5.9,3.2,2.3,0.5,20.9,SG,6-6,185,35
244,4,Facundo Campazzo,RMB,10,21.8,6.0,13.4,.452,2.6,7.3,.350,5.1,5.7,.903,4.2,2.6,0.2,4.2,4.4,8.4,4.2,0.0,19.8,PG,5-11,165,29
245,5,Fabien Causeur,RMB,25,20.8,6.7,13.6,.492,3.3,7.5,.443,3.1,3.8,.800,2.2,2.7,0.5,3.2,3.8,3.3,1.5,0.3,19.8,SG,6-3,198,33
246,6,Vincent Poirier,RMB,4,23.1,8.2,14.3,.576,0.9,2.6,.333,1.3,2.2,.600,2.6,5.6,4.8,6.5,11.2,1.3,0.9,2.2,18.6,C,7-0,235,27
247,7,Trey Thompkins,RMB,27,20.6,6.7,13.0,.514,2.4,5.8,.425,2.7,3.1,.860,1.3,3.1,1.0,5.4,6.4,2.8,1.8,0.6,18.5,PF,6-10,245,30
248,8,Nicolas Laprovittola,RMB,29,20.5,5.9,13.2,.449,3.6,8.4,.427,2.9,3.4,.860,2.9,3.8,0.3,4.5,4.9,7.3,0.8,0.0,18.3,PG,6-4,180,31
249,9,Edy Tavares,RMB,30,24.0,7.1,10.2,.696,0.1,0.1,.500,4.1,5.6,.723,2.7,4.4,5.3,8.3,13.5,1.7,1.5,3.8,18.3,C,7-3,265,28
250,10,Gabriel Deck,RMB,21,23.3,5.9,11.0,.533,1.2,3.7,.333,4.1,4.7,.862,2.1,2.7,1.2,5.6,6.8,2.5,1.0,0.0,17.1,F,6-6,210,26
251,11,Alex Tyus,RMB,16,14.0,6.4,11.2,.571,0.0,0.0,.000,2.7,3.0,.882,1.6,4.5,3.8,3.8,7.5,0.7,0.4,0.7,15.5,F,6-8,220,33
252,12,Tristan Vukcevic,RMB,13,9.9,4.4,10.3,.424,2.8,5.9,.474,3.7,5.3,.706,1.9,5.9,2.2,5.3,7.5,2.8,0.9,2.5,15.3,C,6-9,180,17
253,13,Alberto Abalde,RMB,30,19.3,4.8,10.8,.442,2.2,5.0,.438,3.1,3.7,.833,1.7,2.4,0.9,4.6,5.5,4.5,1.0,0.1,14.8,GF,6-7,215,25
254,14,Carlos Alocen,RMB,29,13.3,4.8,13.7,.348,1.9,6.8,.273,2.2,3.1,.700,3.8,2.8,0.6,4.4,5.0,5.7,1.0,0.1,13.6,PG,6-5,205,20
255,15,Jeffery Taylor,RMB,26,16.1,4.4,9.0,.489,2.1,5.4,.386,2.3,3.1,.727,2.1,3.9,1.3,3.2,4.6,1.0,1.2,0.1,13.2,SF,6-7,225,31
256,16,Anthony Randolph,RMB,5,17.2,4.2,13.1,.321,2.3,7.0,.333,1.4,1.4,1.000,2.8,3.7,1.4,7.0,8.4,1.9,1.4,0.5,12.1,PF,6-11,225,31
257,17,Usman Garuba,RMB,34,18.8,4.6,10.0,.459,1.3,4.1,.318,1.3,2.0,.656,1.9,4.2,3.5,7.7,11.2,2.3,1.6,0.9,11.8,C,6-8,220,18
258,18,Felipe Reyes,RMB,11,7.0,3.6,11.5,.318,0.5,1.6,.333,2.6,3.6,.714,4.2,4.7,3.1,7.3,10.4,2.1,0.5,0.0,10.4,FC,6-9,265,40
259,1,Alade Aminu,BBB,5,12.8,7.5,12.5,.600,0.0,0.0,.000,4.4,5.6,.778,1.9,4.4,3.8,1.9,5.6,0.6,0.6,0.0,19.4,C,6-10,225,33
260,2,Jaylon Brown,BBB,33,26.2,6.3,15.0,.420,2.2,6.4,.338,4.3,5.1,.836,3.2,4.2,0.6,2.6,3.1,3.5,1.1,0.1,19.0,G,6-0,185,26
261,3,Leonardo Tote,BBB,1,12.7,9.4,18.9,.500,0.0,0.0,.000,0.0,0.0,.000,6.3,12.6,0.0,3.1,3.1,3.1,9.4,0.0,18.9,C,6-10,220,23
262,4,John Jenkins,BBB,20,27.5,6.8,15.3,.443,4.0,9.8,.407,1.4,1.8,.760,2.2,3.1,0.6,2.0,2.5,2.0,1.1,0.2,18.9,SG,6-4,215,29
263,5,Ondrej Balvin,BBB,23,25.2,7.2,10.9,.658,0.0,0.1,.000,4.3,5.9,.733,3.5,3.6,5.1,8.4,13.5,2.3,0.7,2.1,18.7,C,7-1,215,28
264,6,Jaroslaw Zyskowski,BBB,28,20.1,5.8,13.4,.436,1.6,4.5,.365,4.3,5.8,.732,2.2,4.1,1.1,3.2,4.3,0.9,0.9,0.1,17.6,SF,6-7,220,28
265,7,Jonathan Rousselle,BBB,27,24.5,5.3,11.3,.468,2.1,5.8,.354,3.8,4.5,.827,3.6,5.1,0.4,2.7,3.1,6.8,1.5,0.1,16.3,PG,6-3,185,31
266,8,Arnoldas Kulboka,BBB,30,22.5,5.5,12.7,.435,3.4,8.0,.430,1.6,2.0,.794,1.8,2.0,1.8,4.9,6.7,0.9,0.9,0.3,16.0,SF,6-10,215,23
267,9,Moses Kingsley,BBB,8,11.3,6.2,15.5,.400,1.3,4.0,.333,1.8,2.2,.800,3.5,4.4,4.0,4.4,8.4,0.9,0.4,2.2,15.5,PF,6-10,230,26
268,10,Regimantas Miniotas,BBB,22,19.8,6.2,11.2,.549,0.6,2.0,.318,2.0,2.6,.786,2.3,4.3,2.9,5.8,8.7,2.1,0.9,0.1,15.0,C,6-9,210,24
269,12,Ludde Hakanson,BBB,24,21.9,5.1,13.3,.383,2.1,6.2,.346,1.7,2.1,.821,3.6,3.4,0.7,3.0,3.7,5.7,1.3,0.3,14.1,PG,6-3,184,24
270,13,Alex Reyes,BBB,32,12.0,4.7,11.0,.425,2.3,6.5,.349,1.1,1.3,.846,1.9,3.6,1.3,3.9,5.3,1.5,1.6,0.1,12.8,SF,6-7,187,27
271,15,Ioannis Athinaiou,BBB,4,18.1,3.3,8.8,.375,2.2,7.2,.308,2.2,2.2,1.000,2.8,2.8,0.0,4.4,4.4,4.4,0.0,0.0,11.1,SG,6-5,198,32
272,16,Felipe Dos Anjos,BBB,26,9.8,4.7,8.5,.556,0.0,0.0,.000,1.3,1.7,.727,4.2,7.8,4.1,8.5,12.5,1.3,1.7,2.2,10.7,C,7-2,230,22
273,17,Quentin Serron,BBB,20,16.6,4.6,10.1,.452,1.1,4.0,.273,0.1,0.1,1.000,1.8,5.3,1.0,3.0,4.0,2.2,1.4,0.1,10.4,SG,6-2,205,31
274,18,Tomeu Rigo,BBB,4,9.0,3.3,8.8,.375,3.3,6.6,.500,0.0,0.0,.000,1.1,5.5,1.1,2.2,3.3,1.1,0.0,0.0,10.0,SG,6-3,176,23
275,19,Aaron Jones,BBB,8,19.7,3.3,7.9,.419,0.8,2.0,.375,1.0,1.5,.667,2.8,3.8,4.6,3.0,7.6,2.0,1.0,0.8,8.4,F,6-9,220,27
276,20,Inigo Betolaza,BBB,3,5.7,0.0,2.3,.000,0.0,2.3,.000,0.0,0.0,.000,4.7,7.0,2.3,0.0,2.3,4.7,2.3,0.0,0.0,PG,6-1,-,20
277,21,Nahuel Garcia,BBB,1,1.5,0.0,0.0,.000,0.0,0.0,.000,0.0,0.0,.000,0.0,0.0,0.0,0.0,0.0,0.0,0.0,0.0,0.0,G,6-2,-,19
278,1,Youssoupha Fall,CAJ,27,12.2,7.9,12.9,.613,0.0,0.0,.000,4.9,7.5,.645,4.4,5.7,4.9,8.0,12.9,1.2,0.4,2.3,20.6,C,7-3,271,26
279,2,Zoran Dragic,CAJ,31,18.0,6.7,13.3,.500,1.5,4.9,.304,4.2,6.3,.670,2.5,3.3,1.0,2.8,3.8,1.9,1.2,0.1,19.1,SG,6-5,200,31
280,3,Alec Peters,CAJ,32,21.8,6.4,13.6,.471,2.6,6.8,.387,3.3,3.6,.919,2.2,3.7,1.8,5.3,7.2,2.2,0.9,0.5,18.7,F,6-9,225,25
281,4,Luca Vildoza,CAJ,27,23.5,6.1,14.6,.420,2.7,7.6,.355,3.7,4.4,.829,4.0,2.5,0.4,2.4,2.8,6.3,2.8,0.1,18.6,PG,6-3,190,25
282,5,Rokas Giedraitis,CAJ,34,30.0,6.1,13.0,.473,2.6,6.6,.389,3.2,3.8,.835,1.3,2.3,1.3,3.1,4.4,2.2,1.7,0.2,18.0,SG,6-6,179,28
283,6,Achille Polonara,CAJ,33,26.5,6.4,13.3,.479,2.1,6.2,.341,2.3,3.3,.685,1.8,2.7,2.5,5.8,8.2,2.9,1.7,0.8,17.1,PF,6-8,198,29
284,7,Ilimane Diop,CAJ,28,10.4,5.6,12.9,.436,1.9,5.1,.378,3.7,4.4,.844,1.5,7.1,2.1,4.7,6.7,2.1,0.7,1.6,16.8,C,6-11,216,25
285,8,Pierria Henry,CAJ,34,24.8,6.0,12.5,.479,1.2,3.1,.394,3.1,3.8,.815,3.9,3.1,0.6,3.7,4.2,8.6,2.4,0.4,16.3,G,6-5,197,28
286,9,Tonye Jekiri,CAJ,29,18.3,5.4,10.1,.537,0.0,0.0,.000,3.0,4.0,.755,3.2,3.9,2.3,7.5,9.7,2.9,1.9,0.8,13.9,C,7-0,227,26
287,10,Tadas Sedekerskis,CAJ,33,18.0,4.4,7.4,.591,0.7,1.9,.357,2.0,2.5,.811,1.0,1.3,2.6,6.5,9.1,2.0,1.5,0.7,11.5,SF,6-8,205,23
288,11,Sander Raieste,CAJ,20,7.5,3.7,7.7,.483,1.1,2.7,.400,0.8,1.3,.600,2.9,5.6,1.6,2.9,4.5,2.7,3.2,0.0,9.3,SF,6-8,210,21
289,12,Arturs Kurucs,CAJ,28,9.1,3.3,10.4,.318,1.6,6.5,.244,0.8,1.3,.625,3.6,5.5,1.1,0.8,1.9,2.7,1.1,0.2,9.0,SG,6-3,190,21
290,13,Quim Colom,CAJ,3,13.0,2.0,11.3,.182,1.0,6.1,.167,2.0,6.1,.333,3.1,0.0,1.0,3.1,4.1,4.1,2.0,0.0,7.2,PG,6-2,194,32
291,13,Quim Colom,CAJ,3,13.0,2.0,11.3,.182,1.0,6.1,.167,2.0,6.1,.333,3.1,0.0,1.0,3.1,4.1,4.1,2.0,0.0,7.2,PG,6-2,194,32
292,14,Frantz Massenat,CAJ,2,6.0,0.0,6.7,.000,0.0,6.7,.000,0.0,0.0,.000,6.7,6.7,0.0,0.0,0.0,3.3,0.0,0.0,0.0,G,6-4,190,29
293,1,Conner Frankamp,MUR,23,25.8,9.0,20.9,.429,3.8,10.2,.371,3.2,3.8,.857,3.0,3.2,0.7,2.8,3.5,5.3,1.2,0.3,25.0,PG,6-1,169,25
294,2,Kostas Vasiliadis,MUR,6,8.7,6.1,16.0,.381,5.3,14.5,.368,3.8,3.8,1.000,2.3,4.6,0.8,7.6,8.4,4.6,2.3,1.5,21.4,F,6-7,225,36
295,3,Jordan Davis,MUR,32,21.7,7.8,18.9,.416,0.8,3.2,.250,4.6,6.9,.664,4.1,4.6,1.1,2.2,3.3,4.2,2.1,0.4,21.1,PG,6-2,185,23
296,4,Isaiah Taylor,MUR,10,26.4,8.2,18.8,.435,2.1,7.0,.304,2.0,2.3,.867,3.0,5.0,0.6,1.8,2.4,5.0,0.9,0.2,20.4,G,6-3,170,26
297,5,Nemanja Radovic,MUR,34,20.4,8.0,15.5,.515,0.9,3.3,.259,2.8,4.5,.615,2.5,4.2,3.6,5.7,9.3,1.2,1.2,0.9,19.6,PF,6-8,215,29
298,6,David DiLeo,MUR,18,19.4,5.6,13.7,.408,4.2,11.2,.378,2.2,2.4,.905,1.3,4.2,0.3,3.2,3.6,0.8,1.6,0.3,17.6,SF,6-8,224,24
299,7,James Webb III,MUR,15,24.9,5.8,12.4,.466,2.4,6.0,.393,3.1,4.1,.763,1.6,4.5,3.3,6.9,10.2,1.6,1.5,0.3,17.0,F,6-9,202,27
300,8,Peter Jok,MUR,22,16.0,6.1,13.4,.458,2.6,6.1,.426,1.6,1.8,.875,2.2,5.1,0.8,4.6,5.3,0.8,1.4,0.2,16.5,G,6-6,205,26
301,9,Ismael Corraliza,MUR,2,2.6,7.7,23.2,.333,0.0,7.7,.000,0.0,0.0,.000,0.0,0.0,15.4,0.0,15.4,0.0,0.0,0.0,15.4,GF,6-4,-,21
302,10,Emanuel Cate,MUR,34,16.9,5.9,10.2,.575,0.3,0.8,.364,3.2,3.9,.821,2.9,5.0,4.8,6.2,11.0,1.3,0.8,0.8,15.2,PF,6-9,225,23
303,11,D.J. Strawberry,MUR,27,18.1,4.8,14.8,.326,2.8,9.5,.293,1.4,2.4,.586,3.0,4.6,0.6,2.9,3.4,3.8,1.8,0.5,13.8,G,6-5,205,35
304,12,Tomas Bellas,MUR,27,22.2,4.3,9.8,.438,1.9,4.9,.384,2.9,3.5,.811,2.1,4.6,0.7,2.4,3.1,5.2,1.9,0.0,13.3,PG,6-1,198,33
305,12,Tomas Bellas,MUR,27,22.2,4.3,9.8,.438,1.9,4.9,.384,2.9,3.5,.811,2.1,4.6,0.7,2.4,3.1,5.2,1.9,0.0,13.3,PG,6-1,198,33
306,21,Tomas Bellas,MON,3,13.6,1.0,8.8,.111,0.0,2.9,.000,0.0,0.0,.000,3.9,2.9,0.0,2.0,2.0,2.9,1.0,0.0,2.0,PG,6-1,198,33
307,21,Tomas Bellas,MON,3,13.6,1.0,8.8,.111,0.0,2.9,.000,0.0,0.0,.000,3.9,2.9,0.0,2.0,2.0,2.9,1.0,0.0,2.0,PG,6-1,198,33
308,13,Augusto Lima,MUR,33,21.3,5.8,10.5,.549,0.0,0.1,.000,1.0,3.5,.295,3.2,5.2,5.7,7.8,13.5,3.6,1.9,1.8,12.5,PF,6-10,235,29
309,14,Sadiel Rojas,MUR,34,21.8,3.4,7.9,.429,1.2,3.6,.333,2.1,2.9,.722,2.2,5.6,2.9,4.9,7.8,1.5,1.7,0.2,10.1,GF,6-4,190,31
310,15,Caio De Souza Pacheco,MUR,3,14.7,2.7,10.9,.250,0.9,5.4,.167,1.8,2.7,.667,3.6,4.5,0.9,1.8,2.7,5.4,0.9,0.0,8.2,G,6-2,190,22
311,16,Marques Townes,MUR,19,9.1,3.2,9.5,.341,0.5,1.8,.250,0.5,1.2,.400,1.2,3.7,0.5,2.3,2.8,2.5,1.8,0.0,7.4,G,6-4,208,25
312,17,Rafa Luz,MUR,9,9.6,2.3,8.8,.263,0.5,5.1,.091,1.9,5.6,.333,3.7,5.1,0.5,6.5,7.0,2.8,3.7,0.0,7.0,PG,6-3,202,29
313,18,Rinalds Malmanis,MUR,11,5.3,0.7,6.1,.111,0.0,2.0,.000,1.4,1.4,1.000,1.4,4.1,2.0,4.8,6.8,2.7,0.7,0.0,2.7,PF,6-9,210,24
314,19,Alex Antetokounmpo,MUR,1,2.0,0.0,0.0,.000,0.0,0.0,.000,0.0,0.0,.000,0.0,0.0,0.0,0.0,0.0,0.0,0.0,0.0,0.0,SF,6-7,190,19
315,20,Wilhelm Falk,MUR,1,0.1,0.0,0.0,.000,0.0,0.0,.000,0.0,0.0,.000,0.0,0.0,0.0,0.0,0.0,0.0,0.0,0.0,0.0,G,6-7,220,17
316,21,Noah Sorensen,MUR,2,0.6,0.0,31.2,.000,0.0,0.0,.000,0.0,0.0,.000,0.0,0.0,0.0,0.0,0.0,0.0,0.0,0.0,0.0,PG,6-4,-,18
317,1,Dario Brizuela,UNI,32,23.9,9.1,19.7,.464,2.9,8.2,.357,2.2,2.9,.768,2.8,3.1,0.4,2.4,2.7,5.2,1.6,0.1,23.5,SG,6-4,161,26
318,2,Axel Bouteille,UNI,30,20.4,8.0,18.2,.437,3.0,8.2,.368,1.8,2.1,.844,0.8,1.2,0.6,3.4,4.0,2.0,0.9,0.3,20.7,SF,6-6,180,25
319,4,Francis Alonso,UNI,34,17.4,5.7,12.5,.457,3.4,8.1,.425,3.5,4.0,.867,2.4,3.9,1.1,1.7,2.8,1.6,1.1,0.0,18.4,G,6-3,185,24
320,5,Deon Thompson,UNI,34,19.5,7.0,14.6,.477,1.4,4.2,.343,1.4,2.0,.697,2.3,3.9,2.0,4.6,6.6,1.7,1.4,0.9,16.8,PF,6-8,250,32
321,7,Adam Waczynski,UNI,34,18.8,5.8,12.0,.484,2.7,5.9,.468,2.3,2.9,.787,1.6,3.5,1.4,2.9,4.4,2.2,1.1,0.1,16.7,GF,6-6,210,31
322,8,Tim Abromaitis,UNI,34,21.3,5.6,11.0,.508,2.2,5.6,.382,2.5,3.2,.807,1.8,3.8,2.1,4.9,7.0,1.4,1.5,0.4,15.9,PF,6-8,236,31
323,9,Gal Mekel,UNI,9,16.5,5.9,13.2,.449,0.0,1.4,.000,2.7,3.8,.714,3.8,3.8,0.3,3.0,3.2,8.9,1.4,0.3,14.6,PG,6-3,202,32
324,10,Yannick Nzosa,UNI,23,12.5,6.1,9.5,.647,0.0,0.0,.000,1.7,2.2,.750,1.5,7.2,2.9,6.4,9.3,1.1,1.4,3.2,13.9,C,7-0,174,17
325,11,Malcolm Thomas,UNI,12,19.9,5.4,9.4,.571,0.0,0.3,.000,2.9,3.4,.850,1.8,6.0,4.5,5.7,10.2,2.3,1.3,1.7,13.6,F,6-9,225,32
326,12,Carlos Suarez,UNI,12,11.1,3.6,8.1,.444,2.7,6.3,.429,2.7,3.0,.900,1.8,2.4,2.1,7.2,9.3,4.5,1.2,0.6,12.7,SF,6-8,233,34
327,13,Volodymyr Herun,UNI,20,13.5,4.6,6.5,.705,0.0,0.0,.000,3.0,3.9,.769,1.8,5.3,3.4,6.2,9.6,1.5,0.9,0.6,12.2,C,6-10,250,26
328,14,Alberto Diaz,UNI,27,23.9,3.7,9.5,.386,2.2,6.2,.360,1.3,1.6,.808,1.4,4.2,0.7,2.8,3.5,5.8,2.7,0.0,10.8,PG,6-2,187,26
329,15,Ruben Guerrero,UNI,34,14.3,4.7,7.0,.671,0.0,0.0,.000,1.2,1.8,.682,1.9,5.8,3.7,5.6,9.3,1.4,1.3,0.7,10.6,F,7-0,240,25
330,16,Pablo Sanchez,UNI,6,3.7,1.8,12.6,.143,0.0,7.2,.000,1.8,3.6,.500,5.4,7.2,0.0,5.4,5.4,1.8,1.8,0.0,5.4,PG,6-4,174,18
331,1,Melo Trimble,MON,32,28.0,7.2,16.9,.426,2.8,8.3,.335,6.9,8.0,.866,4.5,3.5,0.4,3.0,3.3,4.7,2.1,0.1,24.0,G,6-3,195,26
332,2,Marc Garcia,MON,25,18.5,7.2,16.8,.428,2.8,7.1,.390,5.1,6.1,.843,2.7,3.0,1.4,3.1,4.5,1.6,1.4,0.3,22.2,GF,6-6,180,24
333,3,Robert Upshaw,MON,3,23.1,7.5,15.0,.500,0.0,0.6,.000,2.9,4.6,.625,2.9,3.5,2.3,5.8,8.1,2.3,2.3,2.3,17.9,C,7-0,250,27
334,4,Leonardo Meindl,MON,34,25.8,6.4,14.4,.445,1.0,3.6,.263,3.4,5.1,.670,2.8,4.3,3.2,5.8,9.0,2.5,2.3,0.1,17.2,SF,6-7,200,27
335,5,Kyle Alexander,MON,22,22.0,6.8,11.2,.603,0.5,1.1,.462,2.9,4.4,.660,2.4,4.8,5.0,6.9,11.9,0.7,0.8,2.1,16.9,PF,6-10,216,24
336,6,Alex Urtasun,MON,18,8.7,5.1,11.5,.444,2.3,5.9,.391,4.3,4.6,.944,1.8,2.6,0.8,1.8,2.6,4.3,1.0,0.0,16.9,G,6-4,187,36
337,7,Obi Emegano,MON,33,24.2,6.1,15.1,.405,1.5,5.1,.294,2.5,3.5,.700,2.0,4.0,1.3,3.3,4.6,2.0,2.0,0.1,16.2,GF,6-3,215,27
338,8,Cheick Diallo,MON,4,13.1,7.7,12.3,.625,0.0,0.0,.000,0.8,1.5,.500,2.3,5.4,3.1,6.9,10.0,1.5,1.5,0.0,16.1,PF,6-9,220,24
339,9,Shevon Thompson,MON,11,12.8,6.3,9.4,.667,0.0,0.0,.000,3.1,4.3,.733,6.3,5.4,4.8,9.1,13.9,0.6,2.3,2.6,15.6,C,7-0,242,27
340,11,Christian Eyenga,MON,34,24.1,5.9,13.0,.457,0.8,2.9,.271,2.2,3.8,.577,1.8,3.3,2.0,4.0,5.9,3.6,1.8,1.3,14.9,GF,6-7,210,31
341,12,Jovan Novak,MON,16,21.8,4.8,10.7,.452,2.5,6.9,.367,2.2,3.3,.655,3.2,3.1,0.6,3.0,3.6,6.6,1.1,0.0,14.3,G,6-3,187,26
342,13,Josh Sharma,MON,14,10.0,5.4,8.8,.613,0.0,0.6,.000,3.1,4.6,.688,4.0,10.8,4.3,4.9,9.1,1.1,0.0,4.0,14.0,C,7-0,230,24
343,14,"Kwan Cheatham, Jr.",MON,16,18.7,4.8,11.6,.414,2.9,7.4,.400,0.9,1.1,.875,1.1,3.6,1.3,4.7,6.0,0.8,1.2,0.4,13.5,F,6-10,235,25
344,15,Vyacheslav Bobrov,MON,5,14.7,4.9,9.8,.500,0.5,1.1,.500,2.7,3.8,.714,1.1,6.0,2.7,2.7,5.4,3.3,1.6,0.5,13.1,SF,6-8,224,28
345,16,Ziga Samar,MON,32,10.0,5.1,11.3,.451,0.9,3.9,.226,0.7,1.1,.667,4.6,7.6,1.1,3.9,5.0,6.4,1.6,0.1,11.8,PG,6-6,184,20
346,17,Siim-Sander Vene,MON,12,21.2,4.3,10.9,.391,1.9,6.6,.286,0.9,1.3,.750,1.1,3.5,1.3,3.0,4.3,1.9,1.1,0.0,11.3,SF,6-7,207,30
347,18,Bassala Bagayoko,MON,3,6.9,1.9,1.9,1.000,0.0,0.0,.000,3.9,3.9,1.000,0.0,3.9,1.9,7.7,9.6,0.0,0.0,3.9,7.7,-,6-8,-,14
348,20,Chema Gonzalez,MON,28,9.9,2.3,5.9,.390,0.0,0.1,.000,0.0,1.0,.000,2.6,7.9,5.7,3.7,9.5,1.9,1.9,1.1,4.6,FC,6-9,203,29
349,22,Osas Ehigitor,MON,7,7.8,0.0,2.9,.000,0.0,0.0,.000,0.0,0.0,.000,5.1,9.5,0.7,6.6,7.3,0.7,1.5,1.5,0.0,C,6-10,202,21
350,23,Rodijs Macoha,MON,1,0.7,0.0,0.0,.000,0.0,0.0,.000,0.0,0.0,.000,0.0,0.0,0.0,0.0,0.0,0.0,0.0,0.0,0.0,SF,6-7,200,18
351,24,Njegos Sikiras,MON,2,2.3,0.0,0.0,.000,0.0,0.0,.000,0.0,0.0,.000,8.6,17.2,0.0,8.6,8.6,8.6,0.0,0.0,0.0,F,6-8,210,21
352,25,Juanjo Santana,MON,2,1.1,0.0,0.0,.000,0.0,0.0,.000,0.0,0.0,.000,0.0,18.6,0.0,0.0,0.0,0.0,0.0,0.0,0.0,C,6-9,-,19
353,1,Bojan Dubljevic,VAL,27,21.6,8.6,16.6,.519,2.3,5.1,.446,4.6,5.2,.882,4.1,3.0,4.1,6.5,10.5,5.6,1.6,0.3,24.1,FC,6-9,242,29
354,2,Klemen Prepelic,VAL,32,20.5,7.0,15.3,.458,3.0,8.9,.340,5.2,5.4,.955,3.2,3.9,0.5,2.9,3.4,5.2,1.3,0.1,22.2,SG,6-3,170,28
355,3,Mike Tobey,VAL,33,18.7,8.8,14.2,.624,1.6,4.0,.403,1.9,2.7,.714,2.1,3.8,2.7,7.1,9.8,1.9,0.9,0.8,21.2,C,7-0,260,26
356,4,Vanja Marinkovic,VAL,11,17.7,6.6,16.0,.410,4.7,10.1,.469,1.2,1.6,.750,1.6,1.9,0.6,1.2,1.9,1.4,1.2,0.2,19.1,G,6-6,194,24
357,5,Martin Hermannsson,VAL,30,16.9,5.9,13.7,.431,1.9,5.0,.381,3.8,4.1,.923,3.3,5.1,0.7,2.5,3.2,6.7,1.4,0.0,17.5,G,6-3,170,26
358,6,Nikola Kalinic,VAL,33,22.9,5.9,10.8,.541,1.2,3.1,.390,3.8,4.7,.807,2.2,4.0,1.5,4.8,6.3,4.9,1.4,0.3,16.7,F,6-8,222,29
359,7,Derrick Williams,VAL,31,17.0,6.0,12.1,.494,1.7,4.3,.404,2.7,4.3,.632,2.8,4.1,0.7,4.4,5.1,1.5,1.2,0.2,16.5,F,6-8,240,29
360,8,Louis Labeyrie,VAL,29,23.4,5.9,9.5,.621,1.9,3.8,.492,2.1,2.9,.714,1.3,1.2,2.1,6.4,8.6,1.0,1.1,0.6,15.8,PF,6-10,200,29
361,9,Joan Sastre,VAL,20,17.8,5.6,10.4,.538,2.4,5.3,.447,1.6,1.9,.824,2.2,2.4,0.7,2.2,2.9,4.2,1.6,0.7,15.2,SF,6-7,200,29
362,10,Sam Van Rossom,VAL,31,21.3,5.1,10.1,.506,2.7,5.9,.459,2.2,2.4,.925,2.8,2.4,0.2,2.4,2.7,6.8,1.3,0.1,15.2,PG,6-2,180,34
363,11,Fernando San Emeterio,VAL,27,15.4,5.1,11.7,.434,1.5,5.2,.296,2.3,3.2,.727,1.8,2.1,0.5,5.0,5.5,3.5,1.0,0.0,14.0,GF,6-6,232,37
364,12,Jaime Pradilla,VAL,25,8.7,5.7,10.3,.554,0.6,1.1,.500,1.7,2.6,.643,3.5,5.1,3.9,4.6,8.5,1.3,0.7,0.0,13.6,C,6-9,234,20
365,13,Guillem Ferrando,VAL,2,3.0,0.0,13.2,.000,0.0,6.6,.000,13.2,13.2,1.000,13.2,6.6,0.0,6.6,6.6,6.6,0.0,0.0,13.2,PG,6-1,-,19
366,14,Josep Puerto,VAL,16,8.6,3.5,7.5,.462,2.6,4.3,.600,2.0,2.6,.778,1.2,3.2,0.9,3.8,4.6,0.9,0.6,0.3,11.6,G,6-6,198,21
367,15,Guillem Vives,VAL,25,19.5,3.7,9.6,.385,1.7,5.6,.309,0.8,1.1,.769,2.1,4.3,0.5,3.1,3.6,4.4,2.3,0.7,9.9,PG,6-3,172,27
368,16,Millan Jimenez,VAL,2,0.6,0.0,0.0,.000,0.0,0.0,.000,0.0,0.0,.000,65.8,32.9,0.0,0.0,0.0,0.0,0.0,0.0,0.0,GF,6-6,200,18
